# WaveFront *.obj file (generated by Autodesk ATF)

mtllib Body30.mtl

g Body30

v 21.267950 27.000000 -14.000000
v 21.092566 26.601412 -14.000000
v 21.007611 26.174312 -14.000000
v 21.017111 25.738948 -14.000000
v 21.120615 25.315960 -14.000000
v 21.313217 24.925401 -14.000000
v 21.585787 24.585787 -14.000000
v 21.925401 24.313218 -14.000000
v 22.315960 24.120615 -14.000000
v 22.738948 24.017111 -14.000000
v 23.174312 24.007611 -14.000000
v 23.601412 24.092567 -14.000000
v 24.000000 24.267950 -14.000000
v 24.000000 -23.267950 -14.000000
v 23.601412 -23.092567 -14.000000
v 23.174312 -23.007611 -14.000000
v 22.738948 -23.017111 -14.000000
v 22.315960 -23.120615 -14.000000
v 21.925401 -23.313218 -14.000000
v 21.585787 -23.585787 -14.000000
v 21.313217 -23.925401 -14.000000
v 21.120615 -24.315960 -14.000000
v 21.017111 -24.738948 -14.000000
v 21.007611 -25.174312 -14.000000
v 21.092566 -25.601412 -14.000000
v 21.267950 -26.000000 -14.000000
v -23.767949 -26.000000 -14.000000
v -23.592566 -25.601412 -14.000000
v -23.507610 -25.174312 -14.000000
v -23.517110 -24.738948 -14.000000
v -23.620614 -24.315960 -14.000000
v -23.813217 -23.925401 -14.000000
v -24.085786 -23.585787 -14.000000
v -24.425401 -23.313217 -14.000000
v -24.815960 -23.120615 -14.000000
v -25.238948 -23.017111 -14.000000
v -25.674312 -23.007611 -14.000000
v -26.101412 -23.092567 -14.000000
v -26.500000 -23.267950 -14.000000
v -26.500000 24.267950 -14.000000
v -26.101412 24.092567 -14.000000
v -25.674312 24.007611 -14.000000
v -25.238948 24.017111 -14.000000
v -24.815960 24.120615 -14.000000
v -24.425401 24.313217 -14.000000
v -24.085786 24.585787 -14.000000
v -23.813217 24.925401 -14.000000
v -23.620614 25.315960 -14.000000
v -23.517110 25.738948 -14.000000
v -23.507610 26.174312 -14.000000
v -23.592566 26.601412 -14.000000
v -23.767949 27.000000 -14.000000
v -28.500000 26.000000 -14.000000
v -28.500000 -25.000000 -14.000000
v -28.454423 -25.520945 -14.000000
v -28.319077 -26.026061 -14.000000
v -28.098076 -26.500000 -14.000000
v -27.798133 -26.928363 -14.000000
v -27.428362 -27.298134 -14.000000
v -27.000000 -27.598077 -14.000000
v -26.526060 -27.819078 -14.000000
v -26.020944 -27.954424 -14.000000
v -25.500000 -28.000000 -14.000000
v 23.000000 -28.000000 -14.000000
v 23.520945 -27.954424 -14.000000
v 24.026061 -27.819078 -14.000000
v 24.500000 -27.598077 -14.000000
v 24.928363 -27.298134 -14.000000
v 25.298134 -26.928363 -14.000000
v 25.598077 -26.500000 -14.000000
v 25.819078 -26.026061 -14.000000
v 25.954424 -25.520945 -14.000000
v 26.000000 -25.000000 -14.000000
v 26.000000 26.000000 -14.000000
v 25.954424 26.520945 -14.000000
v 25.819078 27.026061 -14.000000
v 25.598077 27.500000 -14.000000
v 25.298134 27.928363 -14.000000
v 24.928363 28.298134 -14.000000
v 24.500000 28.598077 -14.000000
v 24.026061 28.819078 -14.000000
v 23.520945 28.954424 -14.000000
v 23.000000 29.000000 -14.000000
v -25.500000 29.000000 -14.000000
v -26.020944 28.954424 -14.000000
v -26.526060 28.819078 -14.000000
v -27.000000 28.598077 -14.000000
v -27.428362 28.298134 -14.000000
v -27.798133 27.928363 -14.000000
v -28.098076 27.500000 -14.000000
v -28.319077 27.026061 -14.000000
v -28.454423 26.520945 -14.000000
v -24.125000 26.000000 -14.000000
v -24.171852 25.644124 -14.000000
v -24.309215 25.312500 -14.000000
v -24.527728 25.027729 -14.000000
v -24.812500 24.809216 -14.000000
v -25.144123 24.671852 -14.000000
v -25.500000 24.625000 -14.000000
v -25.855876 24.671852 -14.000000
v -26.187500 24.809216 -14.000000
v -26.472271 25.027729 -14.000000
v -26.690785 25.312500 -14.000000
v -26.828148 25.644124 -14.000000
v -26.875000 26.000000 -14.000000
v -26.828148 26.355877 -14.000000
v -26.690785 26.687500 -14.000000
v -26.472271 26.972272 -14.000000
v -26.187500 27.190785 -14.000000
v -25.855876 27.328148 -14.000000
v -25.500000 27.375000 -14.000000
v -25.144123 27.328148 -14.000000
v -24.812500 27.190785 -14.000000
v -24.527728 26.972272 -14.000000
v -24.309215 26.687500 -14.000000
v -24.171852 26.355877 -14.000000
v -24.125000 -25.000000 -14.000000
v -24.171852 -25.355877 -14.000000
v -24.309215 -25.687500 -14.000000
v -24.527728 -25.972272 -14.000000
v -24.812500 -26.190785 -14.000000
v -25.144123 -26.328148 -14.000000
v -25.500000 -26.375000 -14.000000
v -25.855876 -26.328148 -14.000000
v -26.187500 -26.190785 -14.000000
v -26.472271 -25.972272 -14.000000
v -26.690785 -25.687500 -14.000000
v -26.828148 -25.355877 -14.000000
v -26.875000 -25.000000 -14.000000
v -26.828148 -24.644124 -14.000000
v -26.690785 -24.312500 -14.000000
v -26.472271 -24.027729 -14.000000
v -26.187500 -23.809215 -14.000000
v -25.855876 -23.671852 -14.000000
v -25.500000 -23.625000 -14.000000
v -25.144123 -23.671852 -14.000000
v -24.812500 -23.809215 -14.000000
v -24.527728 -24.027729 -14.000000
v -24.309215 -24.312500 -14.000000
v -24.171852 -24.644124 -14.000000
v 24.375000 -25.000000 -14.000000
v 24.328148 -25.355877 -14.000000
v 24.190785 -25.687500 -14.000000
v 23.972272 -25.972272 -14.000000
v 23.687500 -26.190785 -14.000000
v 23.355877 -26.328148 -14.000000
v 23.000000 -26.375000 -14.000000
v 22.644124 -26.328148 -14.000000
v 22.312500 -26.190785 -14.000000
v 22.027729 -25.972272 -14.000000
v 21.809215 -25.687500 -14.000000
v 21.671852 -25.355877 -14.000000
v 21.625000 -25.000000 -14.000000
v 21.671852 -24.644124 -14.000000
v 21.809215 -24.312500 -14.000000
v 22.027729 -24.027729 -14.000000
v 22.312500 -23.809215 -14.000000
v 22.644124 -23.671852 -14.000000
v 23.000000 -23.625000 -14.000000
v 23.355877 -23.671852 -14.000000
v 23.687500 -23.809215 -14.000000
v 23.972272 -24.027729 -14.000000
v 24.190785 -24.312500 -14.000000
v 24.328148 -24.644124 -14.000000
v 24.375000 26.000000 -14.000000
v 24.328148 25.644124 -14.000000
v 24.190785 25.312500 -14.000000
v 23.972272 25.027729 -14.000000
v 23.687500 24.809216 -14.000000
v 23.355877 24.671852 -14.000000
v 23.000000 24.625000 -14.000000
v 22.644124 24.671852 -14.000000
v 22.312500 24.809216 -14.000000
v 22.027729 25.027729 -14.000000
v 21.809215 25.312500 -14.000000
v 21.671852 25.644124 -14.000000
v 21.625000 26.000000 -14.000000
v 21.671852 26.355877 -14.000000
v 21.809215 26.687500 -14.000000
v 22.027729 26.972272 -14.000000
v 22.312500 27.190785 -14.000000
v 22.644124 27.328148 -14.000000
v 23.000000 27.375000 -14.000000
v 23.355877 27.328148 -14.000000
v 23.687500 27.190785 -14.000000
v 23.972272 26.972272 -14.000000
v 24.190785 26.687500 -14.000000
v 24.328148 26.355877 -14.000000
v 26.000000 -19.000000 -21.000000
v 26.000000 -10.400000 -21.000000
v 24.000000 -10.400000 -21.000000
v 24.000000 -19.000000 -21.000000
v 26.000000 -10.400000 -17.200000
v 24.000000 -10.400000 -17.200000
v 26.000000 -19.000000 -17.200000
v 24.000000 -19.000000 -17.200000
v 7.499999 -8.750000 -24.100000
v 7.499999 -6.250000 -24.100000
v 7.304909 -6.445091 -24.080785
v 7.117316 -6.632684 -24.023880
v 6.944429 -6.805570 -23.931470
v 6.792892 -6.957107 -23.807107
v 6.668530 -7.081470 -23.655570
v 6.576120 -7.173880 -23.482683
v 6.519214 -7.230785 -23.295090
v 6.504814 -7.245185 -23.198017
v 6.499999 -7.250000 -23.100000
v 6.499999 -7.750000 -23.100000
v 6.504814 -7.754815 -23.198017
v 6.519214 -7.769215 -23.295090
v 6.576120 -7.826121 -23.482683
v 6.668530 -7.918531 -23.655570
v 6.792892 -8.042893 -23.807107
v 6.944429 -8.194430 -23.931470
v 7.117316 -8.367317 -24.023880
v 7.304909 -8.554910 -24.080785
v -6.500001 -7.750000 -23.100000
v -6.500001 -7.250000 -23.100000
v -6.504816 -7.245185 -23.198017
v -6.519216 -7.230785 -23.295090
v -6.576121 -7.173880 -23.482683
v -6.668531 -7.081470 -23.655570
v -6.792894 -6.957107 -23.807107
v -6.944431 -6.805570 -23.931470
v -7.117317 -6.632684 -24.023880
v -7.304910 -6.445091 -24.080785
v -7.500001 -6.250000 -24.100000
v -7.500001 -8.750000 -24.100000
v -7.304910 -8.554910 -24.080785
v -7.117317 -8.367317 -24.023880
v -6.944431 -8.194430 -23.931470
v -6.792894 -8.042893 -23.807107
v -6.668531 -7.918531 -23.655570
v -6.576121 -7.826121 -23.482683
v -6.519216 -7.769215 -23.295090
v -6.504816 -7.754815 -23.198017
v -2.500001 -6.508819 -24.065926
v 2.499999 -6.508819 -24.065926
v -2.500001 -6.750000 -23.966025
v 2.499999 -6.750000 -23.966025
v -2.500001 -6.957107 -23.807107
v 2.499999 -6.957107 -23.807107
v -2.500001 -7.116026 -23.600000
v 2.499999 -7.116026 -23.600000
v -2.500001 -7.215926 -23.358819
v 2.499999 -7.215926 -23.358819
v 2.499999 -8.491181 -24.065926
v -2.500001 -8.491181 -24.065926
v 2.499999 -8.250000 -23.966025
v -2.500001 -8.250000 -23.966025
v 2.499999 -8.042893 -23.807107
v -2.500001 -8.042893 -23.807107
v 2.499999 -7.883975 -23.600000
v -2.500001 -7.883975 -23.600000
v 2.499999 -7.784074 -23.358819
v -2.500001 -7.784074 -23.358819
v -6.500001 -7.250000 -22.850000
v 6.499999 -7.250000 -22.850000
v -6.500001 -7.750000 -22.850000
v -26.500000 -23.267950 -24.100000
v -26.101412 -23.092567 -24.100000
v -25.674312 -23.007611 -24.100000
v -25.238948 -23.017111 -24.100000
v -24.815960 -23.120615 -24.100000
v -24.425401 -23.313217 -24.100000
v -24.085786 -23.585787 -24.100000
v -23.813217 -23.925401 -24.100000
v -23.620614 -24.315960 -24.100000
v -23.517110 -24.738948 -24.100000
v -23.507610 -25.174312 -24.100000
v -23.592566 -25.601412 -24.100000
v -23.767949 -26.000000 -24.100000
v 21.267950 -26.000000 -24.100000
v 21.092566 -25.601412 -24.100000
v 21.007611 -25.174312 -24.100000
v 21.017111 -24.738948 -24.100000
v 21.120615 -24.315960 -24.100000
v 21.313217 -23.925401 -24.100000
v 21.585787 -23.585787 -24.100000
v 21.925401 -23.313218 -24.100000
v 22.315960 -23.120615 -24.100000
v 22.738948 -23.017111 -24.100000
v 23.174312 -23.007611 -24.100000
v 23.601412 -23.092567 -24.100000
v 24.000000 -23.267950 -24.100000
v 24.000000 24.267950 -24.100000
v 23.601412 24.092567 -24.100000
v 23.174312 24.007611 -24.100000
v 22.738948 24.017111 -24.100000
v 22.315960 24.120615 -24.100000
v 21.925401 24.313218 -24.100000
v 21.585787 24.585787 -24.100000
v 21.313217 24.925401 -24.100000
v 21.120615 25.315960 -24.100000
v 21.017111 25.738948 -24.100000
v 21.007611 26.174312 -24.100000
v 21.092566 26.601412 -24.100000
v 21.267950 27.000000 -24.100000
v -23.767949 27.000000 -24.100000
v -23.592566 26.601412 -24.100000
v -23.507610 26.174312 -24.100000
v -23.517110 25.738948 -24.100000
v -23.620614 25.315960 -24.100000
v -23.813217 24.925401 -24.100000
v -24.085786 24.585787 -24.100000
v -24.425401 24.313217 -24.100000
v -24.815960 24.120615 -24.100000
v -25.238948 24.017111 -24.100000
v -25.674312 24.007611 -24.100000
v -26.101412 24.092567 -24.100000
v -26.500000 24.267950 -24.100000
v 6.499999 -7.750000 -22.850000
v -4.472500 -26.000000 -22.082500
v -4.472500 -26.000000 -22.682500
v -4.428907 -26.000000 -23.014034
v -4.301094 -26.000000 -23.323029
v -4.097748 -26.000000 -23.588482
v -3.832693 -26.000000 -23.792345
v -3.523947 -26.000000 -23.920761
v -3.192500 -26.000000 -23.965001
v 3.192501 -26.000000 -23.965001
v 3.523948 -26.000000 -23.920761
v 3.832694 -26.000000 -23.792345
v 4.097749 -26.000000 -23.588482
v 4.301095 -26.000000 -23.323029
v 4.428908 -26.000000 -23.014034
v 4.472501 -26.000000 -22.682500
v 4.472501 -26.000000 -22.082500
v 4.440885 -26.000000 -21.797263
v 4.346516 -26.000000 -21.526238
v 4.194136 -26.000000 -21.283051
v 3.991406 -26.000000 -21.079924
v 3.748516 -26.000000 -20.927070
v 3.477676 -26.000000 -20.832172
v 3.192501 -26.000000 -20.800000
v -3.192500 -26.000000 -20.800000
v -3.477675 -26.000000 -20.832172
v -3.748515 -26.000000 -20.927070
v -3.991405 -26.000000 -21.079924
v -4.194135 -26.000000 -21.283051
v -4.346515 -26.000000 -21.526238
v -4.440884 -26.000000 -21.797263
v -4.472500 -28.000000 -22.082500
v -4.472500 -28.000000 -22.682500
v -4.428907 -28.000000 -23.014034
v -4.301094 -28.000000 -23.323029
v -4.097748 -28.000000 -23.588482
v -3.832693 -28.000000 -23.792345
v -3.523947 -28.000000 -23.920761
v -3.192500 -28.000000 -23.965001
v 3.192501 -28.000000 -23.965001
v 3.523948 -28.000000 -23.920761
v 3.832694 -28.000000 -23.792345
v 4.097749 -28.000000 -23.588482
v 4.301095 -28.000000 -23.323029
v 4.428908 -28.000000 -23.014034
v 4.472501 -28.000000 -22.682500
v 4.472501 -28.000000 -22.082500
v 4.440885 -28.000000 -21.797263
v 4.346516 -28.000000 -21.526238
v 4.194136 -28.000000 -21.283051
v 3.991406 -28.000000 -21.079924
v 3.748516 -28.000000 -20.927070
v 3.477676 -28.000000 -20.832172
v 3.192501 -28.000000 -20.800000
v -3.192500 -28.000000 -20.800000
v -3.477675 -28.000000 -20.832172
v -3.748515 -28.000000 -20.927070
v -3.991405 -28.000000 -21.079924
v -4.194135 -28.000000 -21.283051
v -4.346515 -28.000000 -21.526238
v -4.440884 -28.000000 -21.797263
v 20.250000 26.000000 -26.100000
v 20.299696 26.520441 -26.100000
v 20.446989 27.022072 -26.100000
v 20.686553 27.486763 -26.100000
v 21.009732 27.897718 -26.100000
v 21.404844 28.240084 -26.100000
v 21.857609 28.501488 -26.100000
v 22.351663 28.672482 -26.100000
v 22.869150 28.746886 -26.100000
v 23.391366 28.722009 -26.100000
v 23.899437 28.598753 -26.100000
v 24.375000 28.381570 -26.100000
v 24.800867 28.078312 -26.100000
v 25.161646 27.699938 -26.100000
v 25.444298 27.260123 -26.100000
v 25.638606 26.774765 -26.100000
v 25.737548 26.261405 -26.100000
v 25.737548 25.738596 -26.100000
v 25.638606 25.225236 -26.100000
v 25.444298 24.739877 -26.100000
v 25.161646 24.300063 -26.100000
v 24.800867 23.921689 -26.100000
v 24.375000 23.618431 -26.100000
v 23.899437 23.401248 -26.100000
v 23.391366 23.277991 -26.100000
v 22.869150 23.253115 -26.100000
v 22.351663 23.327519 -26.100000
v 21.857609 23.498512 -26.100000
v 21.404844 23.759917 -26.100000
v 21.009732 24.102283 -26.100000
v 20.686553 24.513238 -26.100000
v 20.446989 24.977929 -26.100000
v 20.299696 25.479560 -26.100000
v 21.625000 26.000000 -24.725000
v 21.671852 25.644124 -24.725000
v 21.809215 25.312500 -24.725000
v 22.027729 25.027729 -24.725000
v 22.312500 24.809216 -24.725000
v 22.644124 24.671852 -24.725000
v 23.000000 24.625000 -24.725000
v 23.355877 24.671852 -24.725000
v 23.687500 24.809216 -24.725000
v 23.972272 25.027729 -24.725000
v 24.190785 25.312500 -24.725000
v 24.328148 25.644124 -24.725000
v 24.375000 26.000000 -24.725000
v 24.328148 26.355877 -24.725000
v 24.190785 26.687500 -24.725000
v 23.972272 26.972272 -24.725000
v 23.687500 27.190785 -24.725000
v 23.355877 27.328148 -24.725000
v 23.000000 27.375000 -24.725000
v 22.644124 27.328148 -24.725000
v 22.312500 27.190785 -24.725000
v 22.027729 26.972272 -24.725000
v 21.809215 26.687500 -24.725000
v 21.671852 26.355877 -24.725000
v 24.375000 26.000000 -19.362500
v 24.328148 26.355877 -19.362500
v 24.190785 26.687500 -19.362500
v 23.972272 26.972272 -19.362500
v 23.687500 27.190785 -19.362500
v 23.355877 27.328148 -19.362500
v 23.000000 27.375000 -19.362500
v 22.644124 27.328148 -19.362500
v 22.312500 27.190785 -19.362500
v 22.027729 26.972272 -19.362500
v 21.809215 26.687500 -19.362500
v 21.671852 26.355877 -19.362500
v 21.625000 26.000000 -19.362500
v 21.671852 25.644124 -19.362500
v 21.809215 25.312500 -19.362500
v 22.027729 25.027729 -19.362500
v 22.312500 24.809216 -19.362500
v 22.644124 24.671852 -19.362500
v 23.000000 24.625000 -19.362500
v 23.355877 24.671852 -19.362500
v 23.687500 24.809216 -19.362500
v 23.972272 25.027729 -19.362500
v 24.190785 25.312500 -19.362500
v 24.328148 25.644124 -19.362500
v 20.250000 -25.000000 -26.100000
v 20.299696 -24.479559 -26.100000
v 20.446989 -23.977929 -26.100000
v 20.686553 -23.513238 -26.100000
v 21.009732 -23.102283 -26.100000
v 21.404844 -22.759917 -26.100000
v 21.857609 -22.498512 -26.100000
v 22.351663 -22.327519 -26.100000
v 22.869150 -22.253115 -26.100000
v 23.391366 -22.277991 -26.100000
v 23.899437 -22.401248 -26.100000
v 24.375000 -22.618431 -26.100000
v 24.800867 -22.921689 -26.100000
v 25.161646 -23.300063 -26.100000
v 25.444298 -23.739877 -26.100000
v 25.638606 -24.225236 -26.100000
v 25.737548 -24.738596 -26.100000
v 25.737548 -25.261405 -26.100000
v 25.638606 -25.774765 -26.100000
v 25.444298 -26.260123 -26.100000
v 25.161646 -26.699938 -26.100000
v 24.800867 -27.078312 -26.100000
v 24.375000 -27.381570 -26.100000
v 23.899437 -27.598753 -26.100000
v 23.391366 -27.722009 -26.100000
v 22.869150 -27.746886 -26.100000
v 22.351663 -27.672482 -26.100000
v 21.857609 -27.501488 -26.100000
v 21.404844 -27.240084 -26.100000
v 21.009732 -26.897718 -26.100000
v 20.686553 -26.486763 -26.100000
v 20.446989 -26.022072 -26.100000
v 20.299696 -25.520441 -26.100000
v 21.625000 -25.000000 -24.725000
v 21.671852 -25.355877 -24.725000
v 21.809215 -25.687500 -24.725000
v 22.027729 -25.972272 -24.725000
v 22.312500 -26.190785 -24.725000
v 22.644124 -26.328148 -24.725000
v 23.000000 -26.375000 -24.725000
v 23.355877 -26.328148 -24.725000
v 23.687500 -26.190785 -24.725000
v 23.972272 -25.972272 -24.725000
v 24.190785 -25.687500 -24.725000
v 24.328148 -25.355877 -24.725000
v 24.375000 -25.000000 -24.725000
v 24.328148 -24.644124 -24.725000
v 24.190785 -24.312500 -24.725000
v 23.972272 -24.027729 -24.725000
v 23.687500 -23.809215 -24.725000
v 23.355877 -23.671852 -24.725000
v 23.000000 -23.625000 -24.725000
v 22.644124 -23.671852 -24.725000
v 22.312500 -23.809215 -24.725000
v 22.027729 -24.027729 -24.725000
v 21.809215 -24.312500 -24.725000
v 21.671852 -24.644124 -24.725000
v 24.375000 -25.000000 -19.362500
v 24.328148 -24.644124 -19.362500
v 24.190785 -24.312500 -19.362500
v 23.972272 -24.027729 -19.362500
v 23.687500 -23.809215 -19.362500
v 23.355877 -23.671852 -19.362500
v 23.000000 -23.625000 -19.362500
v 22.644124 -23.671852 -19.362500
v 22.312500 -23.809215 -19.362500
v 22.027729 -24.027729 -19.362500
v 21.809215 -24.312500 -19.362500
v 21.671852 -24.644124 -19.362500
v 21.625000 -25.000000 -19.362500
v 21.671852 -25.355877 -19.362500
v 21.809215 -25.687500 -19.362500
v 22.027729 -25.972272 -19.362500
v 22.312500 -26.190785 -19.362500
v 22.644124 -26.328148 -19.362500
v 23.000000 -26.375000 -19.362500
v 23.355877 -26.328148 -19.362500
v 23.687500 -26.190785 -19.362500
v 23.972272 -25.972272 -19.362500
v 24.190785 -25.687500 -19.362500
v 24.328148 -25.355877 -19.362500
v -28.250000 -25.000000 -26.100000
v -28.200304 -24.479559 -26.100000
v -28.053011 -23.977929 -26.100000
v -27.813447 -23.513238 -26.100000
v -27.490268 -23.102283 -26.100000
v -27.095156 -22.759917 -26.100000
v -26.642391 -22.498512 -26.100000
v -26.148337 -22.327519 -26.100000
v -25.630850 -22.253115 -26.100000
v -25.108634 -22.277991 -26.100000
v -24.600563 -22.401248 -26.100000
v -24.125000 -22.618431 -26.100000
v -23.699133 -22.921689 -26.100000
v -23.338354 -23.300063 -26.100000
v -23.055702 -23.739877 -26.100000
v -22.861394 -24.225236 -26.100000
v -22.762452 -24.738596 -26.100000
v -22.762452 -25.261405 -26.100000
v -22.861394 -25.774765 -26.100000
v -23.055702 -26.260123 -26.100000
v -23.338354 -26.699938 -26.100000
v -23.699133 -27.078312 -26.100000
v -24.125000 -27.381570 -26.100000
v -24.600563 -27.598753 -26.100000
v -25.108634 -27.722009 -26.100000
v -25.630850 -27.746886 -26.100000
v -26.148337 -27.672482 -26.100000
v -26.642391 -27.501488 -26.100000
v -27.095156 -27.240084 -26.100000
v -27.490268 -26.897718 -26.100000
v -27.813447 -26.486763 -26.100000
v -28.053011 -26.022072 -26.100000
v -28.200304 -25.520441 -26.100000
v -26.875000 -25.000000 -24.725000
v -26.828148 -25.355877 -24.725000
v -26.690785 -25.687500 -24.725000
v -26.472271 -25.972272 -24.725000
v -26.187500 -26.190785 -24.725000
v -25.855876 -26.328148 -24.725000
v -25.500000 -26.375000 -24.725000
v -25.144123 -26.328148 -24.725000
v -24.812500 -26.190785 -24.725000
v -24.527728 -25.972272 -24.725000
v -24.309215 -25.687500 -24.725000
v -24.171852 -25.355877 -24.725000
v -24.125000 -25.000000 -24.725000
v -24.171852 -24.644124 -24.725000
v -24.309215 -24.312500 -24.725000
v -24.527728 -24.027729 -24.725000
v -24.812500 -23.809215 -24.725000
v -25.144123 -23.671852 -24.725000
v -25.500000 -23.625000 -24.725000
v -25.855876 -23.671852 -24.725000
v -26.187500 -23.809215 -24.725000
v -26.472271 -24.027729 -24.725000
v -26.690785 -24.312500 -24.725000
v -26.828148 -24.644124 -24.725000
v -24.125000 -25.000000 -19.362500
v -24.171852 -24.644124 -19.362500
v -24.309215 -24.312500 -19.362500
v -24.527728 -24.027729 -19.362500
v -24.812500 -23.809215 -19.362500
v -25.144123 -23.671852 -19.362500
v -25.500000 -23.625000 -19.362500
v -25.855876 -23.671852 -19.362500
v -26.187500 -23.809215 -19.362500
v -26.472271 -24.027729 -19.362500
v -26.690785 -24.312500 -19.362500
v -26.828148 -24.644124 -19.362500
v -26.875000 -25.000000 -19.362500
v -26.828148 -25.355877 -19.362500
v -26.690785 -25.687500 -19.362500
v -26.472271 -25.972272 -19.362500
v -26.187500 -26.190785 -19.362500
v -25.855876 -26.328148 -19.362500
v -25.500000 -26.375000 -19.362500
v -25.144123 -26.328148 -19.362500
v -24.812500 -26.190785 -19.362500
v -24.527728 -25.972272 -19.362500
v -24.309215 -25.687500 -19.362500
v -24.171852 -25.355877 -19.362500
v -28.250000 26.000000 -26.100000
v -28.200304 26.520441 -26.100000
v -28.053011 27.022072 -26.100000
v -27.813447 27.486763 -26.100000
v -27.490268 27.897718 -26.100000
v -27.095156 28.240084 -26.100000
v -26.642391 28.501488 -26.100000
v -26.148337 28.672482 -26.100000
v -25.630850 28.746886 -26.100000
v -25.108634 28.722009 -26.100000
v -24.600563 28.598753 -26.100000
v -24.125000 28.381570 -26.100000
v -23.699133 28.078312 -26.100000
v -23.338354 27.699938 -26.100000
v -23.055702 27.260123 -26.100000
v -22.861394 26.774765 -26.100000
v -22.762452 26.261405 -26.100000
v -22.762452 25.738596 -26.100000
v -22.861394 25.225236 -26.100000
v -23.055702 24.739877 -26.100000
v -23.338354 24.300063 -26.100000
v -23.699133 23.921689 -26.100000
v -24.125000 23.618431 -26.100000
v -24.600563 23.401248 -26.100000
v -25.108634 23.277991 -26.100000
v -25.630850 23.253115 -26.100000
v -26.148337 23.327519 -26.100000
v -26.642391 23.498512 -26.100000
v -27.095156 23.759917 -26.100000
v -27.490268 24.102283 -26.100000
v -27.813447 24.513238 -26.100000
v -28.053011 24.977929 -26.100000
v -28.200304 25.479560 -26.100000
v -26.875000 26.000000 -24.725000
v -26.828148 25.644124 -24.725000
v -26.690785 25.312500 -24.725000
v -26.472271 25.027729 -24.725000
v -26.187500 24.809216 -24.725000
v -25.855876 24.671852 -24.725000
v -25.500000 24.625000 -24.725000
v -25.144123 24.671852 -24.725000
v -24.812500 24.809216 -24.725000
v -24.527728 25.027729 -24.725000
v -24.309215 25.312500 -24.725000
v -24.171852 25.644124 -24.725000
v -24.125000 26.000000 -24.725000
v -24.171852 26.355877 -24.725000
v -24.309215 26.687500 -24.725000
v -24.527728 26.972272 -24.725000
v -24.812500 27.190785 -24.725000
v -25.144123 27.328148 -24.725000
v -25.500000 27.375000 -24.725000
v -25.855876 27.328148 -24.725000
v -26.187500 27.190785 -24.725000
v -26.472271 26.972272 -24.725000
v -26.690785 26.687500 -24.725000
v -26.828148 26.355877 -24.725000
v -24.125000 26.000000 -19.362500
v -24.171852 26.355877 -19.362500
v -24.309215 26.687500 -19.362500
v -24.527728 26.972272 -19.362500
v -24.812500 27.190785 -19.362500
v -25.144123 27.328148 -19.362500
v -25.500000 27.375000 -19.362500
v -25.855876 27.328148 -19.362500
v -26.187500 27.190785 -19.362500
v -26.472271 26.972272 -19.362500
v -26.690785 26.687500 -19.362500
v -26.828148 26.355877 -19.362500
v -26.875000 26.000000 -19.362500
v -26.828148 25.644124 -19.362500
v -26.690785 25.312500 -19.362500
v -26.472271 25.027729 -19.362500
v -26.187500 24.809216 -19.362500
v -25.855876 24.671852 -19.362500
v -25.500000 24.625000 -19.362500
v -25.144123 24.671852 -19.362500
v -24.812500 24.809216 -19.362500
v -24.527728 25.027729 -19.362500
v -24.309215 25.312500 -19.362500
v -24.171852 25.644124 -19.362500
v 26.000000 -25.000000 -26.100000
v 26.000000 26.000000 -26.100000
v 23.000000 -28.000000 -26.100000
v 23.520945 -27.954424 -26.100000
v 24.026061 -27.819078 -26.100000
v 24.500000 -27.598077 -26.100000
v 24.928363 -27.298134 -26.100000
v 25.298134 -26.928363 -26.100000
v 25.598077 -26.500000 -26.100000
v 25.819078 -26.026061 -26.100000
v 25.954424 -25.520945 -26.100000
v -25.500000 -28.000000 -26.100000
v -28.500000 -25.000000 -26.100000
v -28.454423 -25.520945 -26.100000
v -28.319077 -26.026061 -26.100000
v -28.098076 -26.500000 -26.100000
v -27.798133 -26.928363 -26.100000
v -27.428362 -27.298134 -26.100000
v -27.000000 -27.598077 -26.100000
v -26.526060 -27.819078 -26.100000
v -26.020944 -27.954424 -26.100000
v -28.500000 26.000000 -26.100000
v -28.454423 26.520945 -26.100000
v -28.319077 27.026061 -26.100000
v -28.098076 27.500000 -26.100000
v -27.798133 27.928363 -26.100000
v -27.428362 28.298134 -26.100000
v -27.000000 28.598077 -26.100000
v -26.526060 28.819078 -26.100000
v -26.020944 28.954424 -26.100000
v -25.500000 29.000000 -26.100000
v 23.000000 29.000000 -26.100000
v 23.520945 28.954424 -26.100000
v 24.026061 28.819078 -26.100000
v 24.500000 28.598077 -26.100000
v 24.928363 28.298134 -26.100000
v 25.298134 27.928363 -26.100000
v 25.598077 27.500000 -26.100000
v 25.819078 27.026061 -26.100000
v 25.954424 26.520945 -26.100000
vt 2.234257 2.610141 0.000000
vt 2.305922 2.618750 0.000000
vt 2.251795 2.650000 0.000000
vt 2.327773 2.647227 0.000000
vt 2.356250 2.669079 0.000000
vt 2.292185 2.585588 0.000000
vt 2.225761 2.567431 0.000000
vt 2.287500 2.550000 0.000000
vt 2.226711 2.523895 0.000000
vt 2.292185 2.514412 0.000000
vt 2.237061 2.481596 0.000000
vt 2.305922 2.481250 0.000000
vt 2.256322 2.442540 0.000000
vt 2.327773 2.452773 0.000000
vt 2.283579 2.408579 0.000000
vt 2.317540 2.381322 0.000000
vt 2.356250 2.430922 0.000000
vt 2.356596 2.362062 0.000000
vt 2.389412 2.417185 0.000000
vt 2.398895 2.351711 0.000000
vt 2.425000 2.412500 0.000000
vt 2.442431 2.350761 0.000000
vt 2.460588 2.417185 0.000000
vt 2.485141 2.359257 0.000000
vt 2.493750 2.430922 0.000000
vt 2.525000 2.376795 0.000000
vt 2.522227 2.452773 0.000000
vt 2.544078 2.481250 0.000000
vt 2.725000 2.550000 0.000000
vt 2.557815 2.514412 0.000000
vt 2.562500 2.550000 0.000000
vt 2.720442 2.602094 0.000000
vt 2.557815 2.585588 0.000000
vt 2.706908 2.652606 0.000000
vt 2.544078 2.618750 0.000000
vt 2.684808 2.700000 0.000000
vt 2.654813 2.742836 0.000000
vt 2.725000 -2.550000 0.000000
vt 2.525000 -2.376795 0.000000
vt 2.544078 -2.481250 0.000000
vt 2.522227 -2.452773 0.000000
vt 2.493750 -2.430922 0.000000
vt 2.485141 -2.359257 0.000000
vt 2.460588 -2.417185 0.000000
vt 2.442431 -2.350761 0.000000
vt 2.425000 -2.412500 0.000000
vt 2.398895 -2.351711 0.000000
vt 2.389412 -2.417185 0.000000
vt 2.356596 -2.362062 0.000000
vt 2.356250 -2.430922 0.000000
vt 2.317540 -2.381322 0.000000
vt 2.327773 -2.452773 0.000000
vt 2.283579 -2.408579 0.000000
vt 2.256322 -2.442540 0.000000
vt 2.305922 -2.481250 0.000000
vt 2.237061 -2.481596 0.000000
vt 2.292185 -2.514412 0.000000
vt 2.226711 -2.523895 0.000000
vt 2.287500 -2.550000 0.000000
vt 2.225761 -2.567431 0.000000
vt 2.292185 -2.585588 0.000000
vt 2.234257 -2.610141 0.000000
vt 2.305922 -2.618750 0.000000
vt 2.251795 -2.650000 0.000000
vt 2.327773 -2.647227 0.000000
vt 2.356250 -2.669079 0.000000
vt 2.425000 -2.850000 0.000000
vt 2.389412 -2.682815 0.000000
vt 2.425000 -2.687500 0.000000
vt 2.477094 -2.845442 0.000000
vt 2.460588 -2.682815 0.000000
vt 2.527606 -2.831908 0.000000
vt 2.493750 -2.669079 0.000000
vt 2.575000 -2.809808 0.000000
vt 2.617836 -2.779813 0.000000
vt -2.251795 -2.650000 0.000000
vt -2.425000 -2.850000 0.000000
vt -2.356250 -2.669079 0.000000
vt -2.389412 -2.682815 0.000000
vt -2.234257 -2.610141 0.000000
vt -2.305922 -2.618750 0.000000
vt -2.327773 -2.647227 0.000000
vt -2.292185 -2.585588 0.000000
vt -2.225761 -2.567431 0.000000
vt -2.287500 -2.550000 0.000000
vt -2.226711 -2.523895 0.000000
vt -2.292185 -2.514412 0.000000
vt -2.237061 -2.481596 0.000000
vt -2.305922 -2.481250 0.000000
vt -2.256322 -2.442540 0.000000
vt -2.327773 -2.452773 0.000000
vt -2.283579 -2.408579 0.000000
vt -2.317540 -2.381322 0.000000
vt -2.356250 -2.430922 0.000000
vt -2.356596 -2.362061 0.000000
vt -2.389412 -2.417185 0.000000
vt -2.398895 -2.351711 0.000000
vt -2.425000 -2.412500 0.000000
vt -2.442431 -2.350761 0.000000
vt -2.460588 -2.417185 0.000000
vt -2.485141 -2.359257 0.000000
vt -2.493750 -2.430922 0.000000
vt -2.525000 -2.376795 0.000000
vt -2.522227 -2.452773 0.000000
vt -2.544078 -2.481250 0.000000
vt -2.725000 -2.550000 0.000000
vt -2.557815 -2.514412 0.000000
vt -2.562500 -2.550000 0.000000
vt -2.720442 -2.602094 0.000000
vt -2.557815 -2.585588 0.000000
vt -2.706908 -2.652606 0.000000
vt -2.544078 -2.618750 0.000000
vt -2.684808 -2.700000 0.000000
vt -2.654813 -2.742836 0.000000
vt -2.525000 2.376795 0.000000
vt -2.725000 2.550000 0.000000
vt -2.544078 2.481250 0.000000
vt -2.557815 2.514412 0.000000
vt -2.485141 2.359257 0.000000
vt -2.493750 2.430922 0.000000
vt -2.522227 2.452773 0.000000
vt -2.460588 2.417185 0.000000
vt -2.442431 2.350761 0.000000
vt -2.425000 2.412500 0.000000
vt -2.398895 2.351711 0.000000
vt -2.389412 2.417185 0.000000
vt -2.356596 2.362061 0.000000
vt -2.356250 2.430922 0.000000
vt -2.317540 2.381322 0.000000
vt -2.327773 2.452773 0.000000
vt -2.283579 2.408579 0.000000
vt -2.256322 2.442540 0.000000
vt -2.305922 2.481250 0.000000
vt -2.237061 2.481596 0.000000
vt -2.292185 2.514412 0.000000
vt -2.226711 2.523895 0.000000
vt -2.287500 2.550000 0.000000
vt -2.225761 2.567431 0.000000
vt -2.292185 2.585588 0.000000
vt -2.234257 2.610141 0.000000
vt -2.305922 2.618750 0.000000
vt -2.251795 2.650000 0.000000
vt -2.327773 2.647227 0.000000
vt -2.356250 2.669079 0.000000
vt -2.425000 2.850000 0.000000
vt -2.389412 2.682815 0.000000
vt -2.425000 2.687500 0.000000
vt -2.477094 2.845442 0.000000
vt -2.460588 2.682815 0.000000
vt -2.527606 2.831908 0.000000
vt -2.493750 2.669079 0.000000
vt -2.575000 2.809808 0.000000
vt -2.617836 2.779813 0.000000
vt 2.425000 2.850000 0.000000
vt 2.389412 2.682815 0.000000
vt -2.522227 -2.647227 0.000000
vt -2.617836 -2.779813 0.000000
vt -2.493750 -2.669079 0.000000
vt -2.575000 -2.809808 0.000000
vt -2.527606 -2.831908 0.000000
vt -2.460588 -2.682815 0.000000
vt -2.477094 -2.845442 0.000000
vt -2.425000 -2.687500 0.000000
vt 2.522227 -2.647227 0.000000
vt 2.654813 -2.742836 0.000000
vt 2.544078 -2.618750 0.000000
vt 2.684808 -2.700000 0.000000
vt 2.706908 -2.652606 0.000000
vt 2.557815 -2.585588 0.000000
vt 2.720442 -2.602094 0.000000
vt 2.562500 -2.550000 0.000000
vt 2.557815 -2.514412 0.000000
vt 2.522227 2.647227 0.000000
vt 2.617836 2.779813 0.000000
vt 2.493750 2.669079 0.000000
vt 2.575000 2.809808 0.000000
vt 2.527606 2.831908 0.000000
vt 2.460588 2.682815 0.000000
vt 2.477094 2.845442 0.000000
vt 2.425000 2.687500 0.000000
vt -2.522227 2.647227 0.000000
vt -2.654813 2.742836 0.000000
vt -2.544078 2.618750 0.000000
vt -2.684808 2.700000 0.000000
vt -2.706908 2.652606 0.000000
vt -2.557815 2.585588 0.000000
vt -2.720442 2.602094 0.000000
vt -2.562500 2.550000 0.000000
vt -0.860000 0.000000 0.000000
vt 0.000000 0.000000 0.000000
vt -0.860000 0.200000 0.000000
vt -0.000000 0.200000 0.000000
vt -0.380000 0.000000 0.000000
vt 0.000000 0.000000 0.000000
vt -0.380000 0.200000 0.000000
vt -0.000000 0.200000 0.000000
vt -0.860000 0.000000 0.000000
vt -0.000000 0.000000 0.000000
vt -0.860000 0.200000 0.000000
vt -0.000000 0.200000 0.000000
vt -0.380000 0.000000 0.000000
vt -0.000000 0.000000 0.000000
vt -0.380000 0.200000 0.000000
vt -0.000000 0.200000 0.000000
vt -0.183750 0.078540 0.000000
vt -0.433750 0.078540 0.000000
vt -0.203259 0.058905 0.000000
vt -0.414241 0.058905 0.000000
vt -0.395482 0.039270 0.000000
vt -0.222018 0.039270 0.000000
vt -0.378193 0.019635 0.000000
vt -0.239307 0.019635 0.000000
vt -0.254461 -0.000000 0.000000
vt -0.363039 -0.000000 0.000000
vt -0.266897 -0.019635 0.000000
vt -0.350603 -0.019635 0.000000
vt -0.341362 -0.039270 0.000000
vt -0.276138 -0.039270 0.000000
vt -0.335671 -0.058905 0.000000
vt -0.281829 -0.058905 0.000000
vt -0.283268 -0.068722 0.000000
vt -0.334232 -0.068722 0.000000
vt -0.283750 -0.078540 0.000000
vt -0.333750 -0.078540 0.000000
vt 0.258750 -0.078540 0.000000
vt 0.308750 -0.078540 0.000000
vt 0.258268 -0.068722 0.000000
vt 0.309232 -0.068722 0.000000
vt 0.256829 -0.058905 0.000000
vt 0.310671 -0.058905 0.000000
vt 0.316362 -0.039270 0.000000
vt 0.251138 -0.039270 0.000000
vt 0.325603 -0.019635 0.000000
vt 0.241897 -0.019635 0.000000
vt 0.229461 -0.000000 0.000000
vt 0.338039 -0.000000 0.000000
vt 0.214307 0.019635 0.000000
vt 0.353193 0.019635 0.000000
vt 0.370482 0.039270 0.000000
vt 0.197018 0.039270 0.000000
vt 0.389241 0.058905 0.000000
vt 0.178259 0.058905 0.000000
vt 0.158750 0.078540 0.000000
vt 0.408750 0.078540 0.000000
vt 0.425000 0.078540 0.000000
vt -1.075000 0.078540 0.000000
vt 0.405491 0.058905 0.000000
vt -0.075000 0.052360 0.000000
vt 0.386732 0.039270 0.000000
vt -0.075000 0.026180 0.000000
vt 0.369443 0.019635 0.000000
vt -0.075000 -0.000000 0.000000
vt 0.354289 -0.000000 0.000000
vt 0.341853 -0.019635 0.000000
vt -0.075000 -0.026180 0.000000
vt 0.332612 -0.039270 0.000000
vt -0.075000 -0.052360 0.000000
vt 0.326921 -0.058905 0.000000
vt 0.325482 -0.068722 0.000000
vt -0.575000 -0.052360 0.000000
vt -0.976921 -0.058905 0.000000
vt -0.982612 -0.039270 0.000000
vt -0.575000 -0.026180 0.000000
vt -0.991853 -0.019635 0.000000
vt -0.575000 -0.000000 0.000000
vt -1.004289 -0.000000 0.000000
vt -1.019443 0.019635 0.000000
vt -0.575000 0.026180 0.000000
vt -1.036732 0.039270 0.000000
vt -0.575000 0.052360 0.000000
vt -1.055491 0.058905 0.000000
vt -0.975482 -0.068722 0.000000
vt -0.975000 -0.078540 0.000000
vt 0.325000 -0.078540 0.000000
vt 0.425000 0.078540 0.000000
vt -1.075000 0.078540 0.000000
vt 0.405491 0.058905 0.000000
vt -0.075000 0.052360 0.000000
vt 0.386732 0.039270 0.000000
vt -0.075000 0.026180 0.000000
vt 0.369443 0.019635 0.000000
vt -0.075000 -0.000000 0.000000
vt 0.354289 -0.000000 0.000000
vt 0.341853 -0.019635 0.000000
vt -0.075000 -0.026180 0.000000
vt 0.332612 -0.039270 0.000000
vt -0.075000 -0.052360 0.000000
vt 0.326921 -0.058905 0.000000
vt 0.325482 -0.068722 0.000000
vt -0.575000 -0.052360 0.000000
vt -0.976921 -0.058905 0.000000
vt -0.982612 -0.039270 0.000000
vt -0.575000 -0.026180 0.000000
vt -0.991853 -0.019635 0.000000
vt -0.575000 -0.000000 0.000000
vt -1.004289 -0.000000 0.000000
vt -1.019443 0.019635 0.000000
vt -0.575000 0.026180 0.000000
vt -1.036732 0.039270 0.000000
vt -0.575000 0.052360 0.000000
vt -1.055491 0.058905 0.000000
vt -0.975482 -0.068722 0.000000
vt -0.975000 -0.078540 0.000000
vt 0.325000 -0.078540 0.000000
vt -0.000000 0.200000 0.000000
vt 1.300000 0.200000 0.000000
vt -0.000000 0.225000 0.000000
vt 1.300000 0.225000 0.000000
vt -0.000000 0.200000 0.000000
vt 0.050000 0.200000 0.000000
vt -0.000000 0.225000 0.000000
vt 0.050000 0.225000 0.000000
vt -2.650000 3.769295 0.000000
vt -2.650000 -0.984295 0.000000
vt -2.610141 3.751757 0.000000
vt -2.610141 -0.966757 0.000000
vt -2.567431 3.743261 0.000000
vt -2.567431 -0.958261 0.000000
vt -0.750000 0.717500 0.000000
vt -2.523895 -0.959211 0.000000
vt -0.750000 0.467500 0.000000
vt -2.481596 -0.969561 0.000000
vt -2.442540 -0.988822 0.000000
vt -2.408579 -1.016079 0.000000
vt -2.381322 -1.050040 0.000000
vt -2.362061 -1.089096 0.000000
vt -2.351711 -1.131395 0.000000
vt -2.350761 -1.174931 0.000000
vt -2.359256 -1.217641 0.000000
vt 2.109257 -1.217641 0.000000
vt -2.376795 -1.257500 0.000000
vt 2.126795 -1.257500 0.000000
vt 2.100761 -1.174931 0.000000
vt 0.750000 0.467500 0.000000
vt 2.101711 -1.131395 0.000000
vt 2.112062 -1.089096 0.000000
vt 2.131322 -1.050040 0.000000
vt 2.158579 -1.016079 0.000000
vt 2.192540 -0.988822 0.000000
vt 2.231596 -0.969561 0.000000
vt 2.273895 -0.959211 0.000000
vt 0.750000 0.717500 0.000000
vt 2.317431 -0.958261 0.000000
vt 2.360141 -0.966757 0.000000
vt 2.360141 3.751757 0.000000
vt 2.400000 -0.984295 0.000000
vt 2.400000 3.769295 0.000000
vt 2.317431 3.743261 0.000000
vt 2.273895 3.744211 0.000000
vt 2.231596 3.754562 0.000000
vt 2.192540 3.773822 0.000000
vt 2.158579 3.801079 0.000000
vt 2.131322 3.835040 0.000000
vt 2.112062 3.874096 0.000000
vt -2.362061 3.874096 0.000000
vt -2.381322 3.835040 0.000000
vt 2.101711 3.916395 0.000000
vt -2.351711 3.916395 0.000000
vt 2.100761 3.959931 0.000000
vt -2.350761 3.959931 0.000000
vt -2.359256 4.002641 0.000000
vt 2.109257 4.002641 0.000000
vt -2.376795 4.042500 0.000000
vt 2.126795 4.042500 0.000000
vt -2.408579 3.801079 0.000000
vt -2.442540 3.773822 0.000000
vt -2.481596 3.754562 0.000000
vt -2.523895 3.744211 0.000000
vt 0.000000 0.200000 0.000000
vt 1.300000 0.200000 0.000000
vt 0.000000 0.225000 0.000000
vt 1.300000 0.225000 0.000000
vt 0.000000 0.200000 0.000000
vt 0.050000 0.200000 0.000000
vt 0.000000 0.225000 0.000000
vt 0.050000 0.225000 0.000000
vt 0.650000 0.025000 0.000000
vt -0.650000 0.025000 0.000000
vt 0.650000 -0.025000 0.000000
vt -0.650000 -0.025000 0.000000
vt -0.950000 -0.523599 0.000000
vt -1.960000 -0.523599 0.000000
vt -0.950000 -0.567232 0.000000
vt -1.960000 -0.567232 0.000000
vt -0.950000 -0.610865 0.000000
vt -1.960000 -0.610865 0.000000
vt -0.950000 -0.654498 0.000000
vt -1.960000 -0.654498 0.000000
vt -0.950000 -0.698132 0.000000
vt -1.960000 -0.698132 0.000000
vt -0.950000 -0.741765 0.000000
vt -1.960000 -0.741765 0.000000
vt -0.950000 -0.785398 0.000000
vt -1.960000 -0.785398 0.000000
vt -0.950000 -0.829031 0.000000
vt -1.960000 -0.829031 0.000000
vt -0.950000 -0.872665 0.000000
vt -1.960000 -0.872665 0.000000
vt -0.950000 -0.916298 0.000000
vt -1.960000 -0.916298 0.000000
vt -0.950000 -0.959931 0.000000
vt -1.960000 -0.959931 0.000000
vt -0.950000 -1.003564 0.000000
vt -1.960000 -1.003564 0.000000
vt -0.950000 -1.047198 0.000000
vt -1.960000 -1.047198 0.000000
vt 0.426795 1.270000 0.000000
vt 0.426795 1.650000 0.000000
vt 0.000000 1.960000 0.000000
vt 1.286795 1.650000 0.000000
vt 4.753590 1.960000 0.000000
vt 1.286795 1.270000 0.000000
vt 4.753590 0.950000 0.000000
vt -0.000000 0.950000 0.000000
vt -0.950000 -0.209440 0.000000
vt -1.960000 -0.209440 0.000000
vt -0.950000 -0.253073 0.000000
vt -1.960000 -0.253073 0.000000
vt -0.950000 -0.296706 0.000000
vt -1.960000 -0.296706 0.000000
vt -0.950000 -0.340339 0.000000
vt -1.960000 -0.340339 0.000000
vt -0.950000 -0.383972 0.000000
vt -1.960000 -0.383972 0.000000
vt -0.950000 -0.427606 0.000000
vt -1.960000 -0.427606 0.000000
vt -0.950000 -0.471239 0.000000
vt -1.960000 -0.471239 0.000000
vt -0.950000 -0.514872 0.000000
vt -1.960000 -0.514872 0.000000
vt -0.950000 -0.558505 0.000000
vt -1.960000 -0.558505 0.000000
vt -0.950000 -0.602139 0.000000
vt -1.960000 -0.602139 0.000000
vt -0.950000 -0.645772 0.000000
vt -1.960000 -0.645772 0.000000
vt -0.950000 -0.689405 0.000000
vt -1.960000 -0.689405 0.000000
vt -0.950000 -0.733038 0.000000
vt -1.960000 -0.733038 0.000000
vt 0.000000 1.960000 0.000000
vt 2.057545 1.946500 0.000000
vt 4.503590 1.960000 0.000000
vt 2.696045 1.946500 0.000000
vt 2.729190 1.942076 0.000000
vt -0.000000 0.950000 0.000000
vt 2.001943 1.642707 0.000000
vt 1.977654 1.657992 0.000000
vt 1.957381 1.678305 0.000000
vt 4.503590 0.950000 0.000000
vt 2.057545 1.630000 0.000000
vt 2.029027 1.633217 0.000000
vt 2.751646 1.642707 0.000000
vt 2.724562 1.633217 0.000000
vt 2.696045 1.630000 0.000000
vt 1.932706 1.729726 0.000000
vt 1.929545 1.758250 0.000000
vt 1.929545 1.818250 0.000000
vt 1.933904 1.851403 0.000000
vt 1.946686 1.882303 0.000000
vt 1.967020 1.908848 0.000000
vt 1.993526 1.929235 0.000000
vt 2.024400 1.942076 0.000000
vt 2.760064 1.929235 0.000000
vt 2.786570 1.908848 0.000000
vt 2.806904 1.882303 0.000000
vt 2.819686 1.851403 0.000000
vt 2.824045 1.818250 0.000000
vt 2.824045 1.758250 0.000000
vt 2.820883 1.729726 0.000000
vt 2.811446 1.702624 0.000000
vt 2.796208 1.678305 0.000000
vt 2.775935 1.657992 0.000000
vt 1.942143 1.702624 0.000000
vt -0.060000 0.000000 0.000000
vt -0.000000 0.000000 0.000000
vt -0.060000 0.200000 0.000000
vt -0.000000 0.200000 0.000000
vt 0.000000 -0.033534 0.000000
vt 0.200000 0.000000 0.000000
vt 0.200000 -0.033534 0.000000
vt 0.200000 -0.067068 0.000000
vt 0.000000 -0.067068 0.000000
vt 0.200000 -0.100602 0.000000
vt 0.000000 -0.100602 0.000000
vt 0.200000 -0.134137 0.000000
vt 0.000000 -0.134137 0.000000
vt 0.200000 -0.167671 0.000000
vt 0.000000 -0.167671 0.000000
vt 0.200000 -0.201205 0.000000
vt 0.000000 -0.201205 0.000000
vt -0.638500 0.000000 0.000000
vt 0.000000 0.000000 0.000000
vt -0.638500 0.200000 0.000000
vt 0.000000 0.200000 0.000000
vt 0.000000 -0.033534 0.000000
vt 0.200000 0.000000 0.000000
vt 0.200000 -0.033534 0.000000
vt 0.200000 -0.067068 0.000000
vt 0.000000 -0.067068 0.000000
vt 0.200000 -0.100602 0.000000
vt 0.000000 -0.100602 0.000000
vt 0.200000 -0.134137 0.000000
vt 0.000000 -0.134137 0.000000
vt 0.200000 -0.167671 0.000000
vt 0.000000 -0.167671 0.000000
vt 0.200000 -0.201205 0.000000
vt 0.000000 -0.201205 0.000000
vt -0.060000 0.000000 0.000000
vt -0.000000 0.000000 0.000000
vt -0.060000 0.200000 0.000000
vt -0.000000 0.200000 0.000000
vt 0.000000 -0.028759 0.000000
vt 0.200000 0.000000 0.000000
vt 0.200000 -0.028759 0.000000
vt 0.000000 -0.057518 0.000000
vt 0.200000 -0.057518 0.000000
vt 0.000000 -0.086277 0.000000
vt 0.200000 -0.086277 0.000000
vt 0.000000 -0.115035 0.000000
vt 0.200000 -0.115035 0.000000
vt 0.000000 -0.143794 0.000000
vt 0.200000 -0.143794 0.000000
vt 0.000000 -0.172553 0.000000
vt 0.200000 -0.172553 0.000000
vt 0.200000 -0.201312 0.000000
vt 0.000000 -0.201312 0.000000
vt -0.638500 0.000000 0.000000
vt -0.000000 0.000000 0.000000
vt -0.638500 0.200000 0.000000
vt -0.000000 0.200000 0.000000
vt 0.000000 -0.028759 0.000000
vt 0.200000 0.000000 0.000000
vt 0.200000 -0.028759 0.000000
vt 0.000000 -0.057518 0.000000
vt 0.200000 -0.057518 0.000000
vt 0.000000 -0.086277 0.000000
vt 0.200000 -0.086277 0.000000
vt 0.000000 -0.115035 0.000000
vt 0.200000 -0.115035 0.000000
vt 0.000000 -0.143794 0.000000
vt 0.200000 -0.143794 0.000000
vt 0.000000 -0.172553 0.000000
vt 0.200000 -0.172553 0.000000
vt 0.200000 -0.201312 0.000000
vt 0.000000 -0.201312 0.000000
vt -0.097227 0.039270 0.000000
vt -0.097227 -0.000000 0.000000
vt 0.097227 0.000000 0.000000
vt -0.097227 -0.039270 0.000000
vt 0.097227 -0.053996 0.000000
vt -0.097227 -0.078540 0.000000
vt 0.097227 -0.107992 0.000000
vt -0.097227 -0.117810 0.000000
vt 0.097227 -0.161988 0.000000
vt -0.097227 -0.157080 0.000000
vt -0.097227 -0.196350 0.000000
vt 0.097227 -0.215984 0.000000
vt -0.097227 -0.235619 0.000000
vt 0.097227 -0.269981 0.000000
vt -0.097227 -0.274889 0.000000
vt -0.097227 -0.314159 0.000000
vt 0.097227 -0.323977 0.000000
vt -0.097227 -0.353429 0.000000
vt 0.097227 -0.377973 0.000000
vt -0.097227 -0.392699 0.000000
vt 0.097227 -0.431969 0.000000
vt -0.097227 -0.431969 0.000000
vt -0.097227 -0.471239 0.000000
vt 0.097227 -0.485965 0.000000
vt -0.097227 -0.510509 0.000000
vt 0.097227 -0.539961 0.000000
vt -0.097227 -0.549779 0.000000
vt 0.097227 -0.593957 0.000000
vt -0.097227 -0.589049 0.000000
vt -0.097227 -0.628319 0.000000
vt 0.097227 -0.647953 0.000000
vt 0.097227 0.647953 0.000000
vt -0.097227 0.667588 0.000000
vt -0.097227 0.628319 0.000000
vt 0.097227 0.593957 0.000000
vt -0.097227 0.589049 0.000000
vt -0.097227 0.549779 0.000000
vt 0.097227 0.539961 0.000000
vt -0.097227 0.510509 0.000000
vt 0.097227 0.485965 0.000000
vt -0.097227 0.471239 0.000000
vt 0.097227 0.431969 0.000000
vt -0.097227 0.431969 0.000000
vt -0.097227 0.392699 0.000000
vt 0.097227 0.377973 0.000000
vt -0.097227 0.353429 0.000000
vt 0.097227 0.323977 0.000000
vt -0.097227 0.314159 0.000000
vt 0.097227 0.269981 0.000000
vt -0.097227 0.274889 0.000000
vt -0.097227 0.235619 0.000000
vt 0.097227 0.215984 0.000000
vt -0.097227 0.196350 0.000000
vt 0.097227 0.161988 0.000000
vt -0.097227 0.157080 0.000000
vt -0.097227 0.117810 0.000000
vt 0.097227 0.107992 0.000000
vt -0.097227 0.078540 0.000000
vt 0.097227 0.053996 0.000000
vt 0.760000 -0.395972 0.000000
vt 0.223750 -0.395972 0.000000
vt 0.760000 -0.431969 0.000000
vt 0.223750 -0.431969 0.000000
vt 0.760000 0.431969 0.000000
vt 0.223750 0.431969 0.000000
vt 0.760000 0.395972 0.000000
vt 0.223750 0.395972 0.000000
vt 0.760000 0.359974 0.000000
vt 0.223750 0.359974 0.000000
vt 0.760000 0.323977 0.000000
vt 0.223750 0.323977 0.000000
vt 0.760000 0.287979 0.000000
vt 0.223750 0.287979 0.000000
vt 0.760000 0.251982 0.000000
vt 0.223750 0.251982 0.000000
vt 0.760000 0.215984 0.000000
vt 0.223750 0.215984 0.000000
vt 0.760000 0.179987 0.000000
vt 0.223750 0.179987 0.000000
vt 0.760000 0.143990 0.000000
vt 0.223750 0.143990 0.000000
vt 0.760000 0.107992 0.000000
vt 0.223750 0.107992 0.000000
vt 0.760000 0.071995 0.000000
vt 0.223750 0.071995 0.000000
vt 0.760000 0.035997 0.000000
vt 0.223750 0.035997 0.000000
vt 0.760000 0.000000 0.000000
vt 0.223750 0.000000 0.000000
vt 0.760000 -0.035997 0.000000
vt 0.223750 -0.035997 0.000000
vt 0.760000 -0.071995 0.000000
vt 0.223750 -0.071995 0.000000
vt 0.760000 -0.107992 0.000000
vt 0.223750 -0.107992 0.000000
vt 0.760000 -0.143990 0.000000
vt 0.223750 -0.143990 0.000000
vt 0.760000 -0.179987 0.000000
vt 0.223750 -0.179987 0.000000
vt 0.760000 -0.215984 0.000000
vt 0.223750 -0.215984 0.000000
vt 0.760000 -0.251982 0.000000
vt 0.223750 -0.251982 0.000000
vt 0.760000 -0.287979 0.000000
vt 0.223750 -0.287979 0.000000
vt 0.760000 -0.323977 0.000000
vt 0.223750 -0.323977 0.000000
vt 0.760000 -0.359974 0.000000
vt 0.223750 -0.359974 0.000000
vt -0.312500 -0.035997 0.000000
vt -0.312500 -0.000000 0.000000
vt -0.312500 0.035997 0.000000
vt -0.312500 0.071995 0.000000
vt -0.312500 0.107992 0.000000
vt -0.312500 0.143990 0.000000
vt -0.312500 0.179987 0.000000
vt -0.312500 0.215984 0.000000
vt -0.312500 0.251982 0.000000
vt -0.312500 0.287979 0.000000
vt -0.312500 0.323977 0.000000
vt -0.312500 0.359974 0.000000
vt -0.312500 0.395972 0.000000
vt -0.312500 0.431969 0.000000
vt -0.312500 -0.431969 0.000000
vt -0.312500 -0.395972 0.000000
vt -0.312500 -0.359974 0.000000
vt -0.312500 -0.323977 0.000000
vt -0.312500 -0.287979 0.000000
vt -0.312500 -0.251982 0.000000
vt -0.312500 -0.215984 0.000000
vt -0.312500 -0.179987 0.000000
vt -0.312500 -0.143990 0.000000
vt -0.312500 -0.107992 0.000000
vt -0.312500 -0.071995 0.000000
vt -0.097227 0.039270 0.000000
vt -0.097227 -0.000000 0.000000
vt 0.097227 0.000000 0.000000
vt -0.097227 -0.039270 0.000000
vt 0.097227 -0.053996 0.000000
vt -0.097227 -0.078540 0.000000
vt 0.097227 -0.107992 0.000000
vt -0.097227 -0.117810 0.000000
vt 0.097227 -0.161988 0.000000
vt -0.097227 -0.157080 0.000000
vt -0.097227 -0.196350 0.000000
vt 0.097227 -0.215984 0.000000
vt -0.097227 -0.235619 0.000000
vt 0.097227 -0.269981 0.000000
vt -0.097227 -0.274889 0.000000
vt -0.097227 -0.314159 0.000000
vt 0.097227 -0.323977 0.000000
vt -0.097227 -0.353429 0.000000
vt 0.097227 -0.377973 0.000000
vt -0.097227 -0.392699 0.000000
vt 0.097227 -0.431969 0.000000
vt -0.097227 -0.431969 0.000000
vt -0.097227 -0.471239 0.000000
vt 0.097227 -0.485965 0.000000
vt -0.097227 -0.510509 0.000000
vt 0.097227 -0.539961 0.000000
vt -0.097227 -0.549779 0.000000
vt 0.097227 -0.593957 0.000000
vt -0.097227 -0.589049 0.000000
vt -0.097227 -0.628319 0.000000
vt 0.097227 -0.647953 0.000000
vt 0.097227 0.647953 0.000000
vt -0.097227 0.667588 0.000000
vt -0.097227 0.628319 0.000000
vt 0.097227 0.593957 0.000000
vt -0.097227 0.589049 0.000000
vt -0.097227 0.549779 0.000000
vt 0.097227 0.539961 0.000000
vt -0.097227 0.510509 0.000000
vt 0.097227 0.485965 0.000000
vt -0.097227 0.471239 0.000000
vt 0.097227 0.431969 0.000000
vt -0.097227 0.431969 0.000000
vt -0.097227 0.392699 0.000000
vt 0.097227 0.377973 0.000000
vt -0.097227 0.353429 0.000000
vt 0.097227 0.323977 0.000000
vt -0.097227 0.314159 0.000000
vt 0.097227 0.269981 0.000000
vt -0.097227 0.274889 0.000000
vt -0.097227 0.235619 0.000000
vt 0.097227 0.215984 0.000000
vt -0.097227 0.196350 0.000000
vt 0.097227 0.161988 0.000000
vt -0.097227 0.157080 0.000000
vt -0.097227 0.117810 0.000000
vt 0.097227 0.107992 0.000000
vt -0.097227 0.078540 0.000000
vt 0.097227 0.053996 0.000000
vt 0.760000 -0.395972 0.000000
vt 0.223750 -0.395972 0.000000
vt 0.760000 -0.431969 0.000000
vt 0.223750 -0.431969 0.000000
vt 0.760000 0.431969 0.000000
vt 0.223750 0.431969 0.000000
vt 0.760000 0.395972 0.000000
vt 0.223750 0.395972 0.000000
vt 0.760000 0.359974 0.000000
vt 0.223750 0.359974 0.000000
vt 0.760000 0.323977 0.000000
vt 0.223750 0.323977 0.000000
vt 0.760000 0.287979 0.000000
vt 0.223750 0.287979 0.000000
vt 0.760000 0.251982 0.000000
vt 0.223750 0.251982 0.000000
vt 0.760000 0.215984 0.000000
vt 0.223750 0.215984 0.000000
vt 0.760000 0.179987 0.000000
vt 0.223750 0.179987 0.000000
vt 0.760000 0.143990 0.000000
vt 0.223750 0.143990 0.000000
vt 0.760000 0.107992 0.000000
vt 0.223750 0.107992 0.000000
vt 0.760000 0.071995 0.000000
vt 0.223750 0.071995 0.000000
vt 0.760000 0.035997 0.000000
vt 0.223750 0.035997 0.000000
vt 0.760000 0.000000 0.000000
vt 0.223750 0.000000 0.000000
vt 0.760000 -0.035997 0.000000
vt 0.223750 -0.035997 0.000000
vt 0.760000 -0.071995 0.000000
vt 0.223750 -0.071995 0.000000
vt 0.760000 -0.107992 0.000000
vt 0.223750 -0.107992 0.000000
vt 0.760000 -0.143990 0.000000
vt 0.223750 -0.143990 0.000000
vt 0.760000 -0.179987 0.000000
vt 0.223750 -0.179987 0.000000
vt 0.760000 -0.215984 0.000000
vt 0.223750 -0.215984 0.000000
vt 0.760000 -0.251982 0.000000
vt 0.223750 -0.251982 0.000000
vt 0.760000 -0.287979 0.000000
vt 0.223750 -0.287979 0.000000
vt 0.760000 -0.323977 0.000000
vt 0.223750 -0.323977 0.000000
vt 0.760000 -0.359974 0.000000
vt 0.223750 -0.359974 0.000000
vt -0.312500 -0.035997 0.000000
vt -0.312500 -0.000000 0.000000
vt -0.312500 0.035997 0.000000
vt -0.312500 0.071995 0.000000
vt -0.312500 0.107992 0.000000
vt -0.312500 0.143990 0.000000
vt -0.312500 0.179987 0.000000
vt -0.312500 0.215984 0.000000
vt -0.312500 0.251982 0.000000
vt -0.312500 0.287979 0.000000
vt -0.312500 0.323977 0.000000
vt -0.312500 0.359974 0.000000
vt -0.312500 0.395972 0.000000
vt -0.312500 0.431969 0.000000
vt -0.312500 -0.431969 0.000000
vt -0.312500 -0.395972 0.000000
vt -0.312500 -0.359974 0.000000
vt -0.312500 -0.323977 0.000000
vt -0.312500 -0.287979 0.000000
vt -0.312500 -0.251982 0.000000
vt -0.312500 -0.215984 0.000000
vt -0.312500 -0.179987 0.000000
vt -0.312500 -0.143990 0.000000
vt -0.312500 -0.107992 0.000000
vt -0.312500 -0.071995 0.000000
vt -0.097227 0.039270 0.000000
vt -0.097227 -0.000000 0.000000
vt 0.097227 0.000000 0.000000
vt -0.097227 -0.039270 0.000000
vt 0.097227 -0.053996 0.000000
vt -0.097227 -0.078540 0.000000
vt 0.097227 -0.107992 0.000000
vt -0.097227 -0.117810 0.000000
vt 0.097227 -0.161988 0.000000
vt -0.097227 -0.157080 0.000000
vt -0.097227 -0.196350 0.000000
vt 0.097227 -0.215984 0.000000
vt -0.097227 -0.235619 0.000000
vt 0.097227 -0.269981 0.000000
vt -0.097227 -0.274889 0.000000
vt -0.097227 -0.314159 0.000000
vt 0.097227 -0.323977 0.000000
vt -0.097227 -0.353429 0.000000
vt 0.097227 -0.377973 0.000000
vt -0.097227 -0.392699 0.000000
vt 0.097227 -0.431969 0.000000
vt -0.097227 -0.431969 0.000000
vt -0.097227 -0.471239 0.000000
vt 0.097227 -0.485965 0.000000
vt -0.097227 -0.510509 0.000000
vt 0.097227 -0.539961 0.000000
vt -0.097227 -0.549779 0.000000
vt 0.097227 -0.593957 0.000000
vt -0.097227 -0.589049 0.000000
vt -0.097227 -0.628319 0.000000
vt 0.097227 -0.647953 0.000000
vt 0.097227 0.647953 0.000000
vt -0.097227 0.667588 0.000000
vt -0.097227 0.628319 0.000000
vt 0.097227 0.593957 0.000000
vt -0.097227 0.589049 0.000000
vt -0.097227 0.549779 0.000000
vt 0.097227 0.539961 0.000000
vt -0.097227 0.510509 0.000000
vt 0.097227 0.485965 0.000000
vt -0.097227 0.471239 0.000000
vt 0.097227 0.431969 0.000000
vt -0.097227 0.431969 0.000000
vt -0.097227 0.392699 0.000000
vt 0.097227 0.377973 0.000000
vt -0.097227 0.353429 0.000000
vt 0.097227 0.323977 0.000000
vt -0.097227 0.314159 0.000000
vt 0.097227 0.269981 0.000000
vt -0.097227 0.274889 0.000000
vt -0.097227 0.235619 0.000000
vt 0.097227 0.215984 0.000000
vt -0.097227 0.196350 0.000000
vt 0.097227 0.161988 0.000000
vt -0.097227 0.157080 0.000000
vt -0.097227 0.117810 0.000000
vt 0.097227 0.107992 0.000000
vt -0.097227 0.078540 0.000000
vt 0.097227 0.053996 0.000000
vt 0.760000 -0.395972 0.000000
vt 0.223750 -0.395972 0.000000
vt 0.760000 -0.431969 0.000000
vt 0.223750 -0.431969 0.000000
vt 0.760000 0.431969 0.000000
vt 0.223750 0.431969 0.000000
vt 0.760000 0.395972 0.000000
vt 0.223750 0.395972 0.000000
vt 0.760000 0.359974 0.000000
vt 0.223750 0.359974 0.000000
vt 0.760000 0.323977 0.000000
vt 0.223750 0.323977 0.000000
vt 0.760000 0.287979 0.000000
vt 0.223750 0.287979 0.000000
vt 0.760000 0.251982 0.000000
vt 0.223750 0.251982 0.000000
vt 0.760000 0.215984 0.000000
vt 0.223750 0.215984 0.000000
vt 0.760000 0.179987 0.000000
vt 0.223750 0.179987 0.000000
vt 0.760000 0.143990 0.000000
vt 0.223750 0.143990 0.000000
vt 0.760000 0.107992 0.000000
vt 0.223750 0.107992 0.000000
vt 0.760000 0.071995 0.000000
vt 0.223750 0.071995 0.000000
vt 0.760000 0.035997 0.000000
vt 0.223750 0.035997 0.000000
vt 0.760000 0.000000 0.000000
vt 0.223750 0.000000 0.000000
vt 0.760000 -0.035997 0.000000
vt 0.223750 -0.035997 0.000000
vt 0.760000 -0.071995 0.000000
vt 0.223750 -0.071995 0.000000
vt 0.760000 -0.107992 0.000000
vt 0.223750 -0.107992 0.000000
vt 0.760000 -0.143990 0.000000
vt 0.223750 -0.143990 0.000000
vt 0.760000 -0.179987 0.000000
vt 0.223750 -0.179987 0.000000
vt 0.760000 -0.215984 0.000000
vt 0.223750 -0.215984 0.000000
vt 0.760000 -0.251982 0.000000
vt 0.223750 -0.251982 0.000000
vt 0.760000 -0.287979 0.000000
vt 0.223750 -0.287979 0.000000
vt 0.760000 -0.323977 0.000000
vt 0.223750 -0.323977 0.000000
vt 0.760000 -0.359974 0.000000
vt 0.223750 -0.359974 0.000000
vt -0.312500 -0.035997 0.000000
vt -0.312500 -0.000000 0.000000
vt -0.312500 0.035997 0.000000
vt -0.312500 0.071995 0.000000
vt -0.312500 0.107992 0.000000
vt -0.312500 0.143990 0.000000
vt -0.312500 0.179987 0.000000
vt -0.312500 0.215984 0.000000
vt -0.312500 0.251982 0.000000
vt -0.312500 0.287979 0.000000
vt -0.312500 0.323977 0.000000
vt -0.312500 0.359974 0.000000
vt -0.312500 0.395972 0.000000
vt -0.312500 0.431969 0.000000
vt -0.312500 -0.431969 0.000000
vt -0.312500 -0.395972 0.000000
vt -0.312500 -0.359974 0.000000
vt -0.312500 -0.323977 0.000000
vt -0.312500 -0.287979 0.000000
vt -0.312500 -0.251982 0.000000
vt -0.312500 -0.215984 0.000000
vt -0.312500 -0.179987 0.000000
vt -0.312500 -0.143990 0.000000
vt -0.312500 -0.107992 0.000000
vt -0.312500 -0.071995 0.000000
vt -0.097227 0.039270 0.000000
vt -0.097227 -0.000000 0.000000
vt 0.097227 0.000000 0.000000
vt -0.097227 -0.039270 0.000000
vt 0.097227 -0.053996 0.000000
vt -0.097227 -0.078540 0.000000
vt 0.097227 -0.107992 0.000000
vt -0.097227 -0.117810 0.000000
vt 0.097227 -0.161988 0.000000
vt -0.097227 -0.157080 0.000000
vt -0.097227 -0.196350 0.000000
vt 0.097227 -0.215984 0.000000
vt -0.097227 -0.235619 0.000000
vt 0.097227 -0.269981 0.000000
vt -0.097227 -0.274889 0.000000
vt -0.097227 -0.314159 0.000000
vt 0.097227 -0.323977 0.000000
vt -0.097227 -0.353429 0.000000
vt 0.097227 -0.377973 0.000000
vt -0.097227 -0.392699 0.000000
vt 0.097227 -0.431969 0.000000
vt -0.097227 -0.431969 0.000000
vt -0.097227 -0.471239 0.000000
vt 0.097227 -0.485965 0.000000
vt -0.097227 -0.510509 0.000000
vt 0.097227 -0.539961 0.000000
vt -0.097227 -0.549779 0.000000
vt 0.097227 -0.593957 0.000000
vt -0.097227 -0.589049 0.000000
vt -0.097227 -0.628319 0.000000
vt 0.097227 -0.647953 0.000000
vt 0.097227 0.647953 0.000000
vt -0.097227 0.667588 0.000000
vt -0.097227 0.628319 0.000000
vt 0.097227 0.593957 0.000000
vt -0.097227 0.589049 0.000000
vt -0.097227 0.549779 0.000000
vt 0.097227 0.539961 0.000000
vt -0.097227 0.510509 0.000000
vt 0.097227 0.485965 0.000000
vt -0.097227 0.471239 0.000000
vt 0.097227 0.431969 0.000000
vt -0.097227 0.431969 0.000000
vt -0.097227 0.392699 0.000000
vt 0.097227 0.377973 0.000000
vt -0.097227 0.353429 0.000000
vt 0.097227 0.323977 0.000000
vt -0.097227 0.314159 0.000000
vt 0.097227 0.269981 0.000000
vt -0.097227 0.274889 0.000000
vt -0.097227 0.235619 0.000000
vt 0.097227 0.215984 0.000000
vt -0.097227 0.196350 0.000000
vt 0.097227 0.161988 0.000000
vt -0.097227 0.157080 0.000000
vt -0.097227 0.117810 0.000000
vt 0.097227 0.107992 0.000000
vt -0.097227 0.078540 0.000000
vt 0.097227 0.053996 0.000000
vt 0.760000 -0.395972 0.000000
vt 0.223750 -0.395972 0.000000
vt 0.760000 -0.431969 0.000000
vt 0.223750 -0.431969 0.000000
vt 0.760000 0.431969 0.000000
vt 0.223750 0.431969 0.000000
vt 0.760000 0.395972 0.000000
vt 0.223750 0.395972 0.000000
vt 0.760000 0.359974 0.000000
vt 0.223750 0.359974 0.000000
vt 0.760000 0.323977 0.000000
vt 0.223750 0.323977 0.000000
vt 0.760000 0.287979 0.000000
vt 0.223750 0.287979 0.000000
vt 0.760000 0.251982 0.000000
vt 0.223750 0.251982 0.000000
vt 0.760000 0.215984 0.000000
vt 0.223750 0.215984 0.000000
vt 0.760000 0.179987 0.000000
vt 0.223750 0.179987 0.000000
vt 0.760000 0.143990 0.000000
vt 0.223750 0.143990 0.000000
vt 0.760000 0.107992 0.000000
vt 0.223750 0.107992 0.000000
vt 0.760000 0.071995 0.000000
vt 0.223750 0.071995 0.000000
vt 0.760000 0.035997 0.000000
vt 0.223750 0.035997 0.000000
vt 0.760000 0.000000 0.000000
vt 0.223750 0.000000 0.000000
vt 0.760000 -0.035997 0.000000
vt 0.223750 -0.035997 0.000000
vt 0.760000 -0.071995 0.000000
vt 0.223750 -0.071995 0.000000
vt 0.760000 -0.107992 0.000000
vt 0.223750 -0.107992 0.000000
vt 0.760000 -0.143990 0.000000
vt 0.223750 -0.143990 0.000000
vt 0.760000 -0.179987 0.000000
vt 0.223750 -0.179987 0.000000
vt 0.760000 -0.215984 0.000000
vt 0.223750 -0.215984 0.000000
vt 0.760000 -0.251982 0.000000
vt 0.223750 -0.251982 0.000000
vt 0.760000 -0.287979 0.000000
vt 0.223750 -0.287979 0.000000
vt 0.760000 -0.323977 0.000000
vt 0.223750 -0.323977 0.000000
vt 0.760000 -0.359974 0.000000
vt 0.223750 -0.359974 0.000000
vt -0.312500 -0.035997 0.000000
vt -0.312500 -0.000000 0.000000
vt -0.312500 0.035997 0.000000
vt -0.312500 0.071995 0.000000
vt -0.312500 0.107992 0.000000
vt -0.312500 0.143990 0.000000
vt -0.312500 0.179987 0.000000
vt -0.312500 0.215984 0.000000
vt -0.312500 0.251982 0.000000
vt -0.312500 0.287979 0.000000
vt -0.312500 0.323977 0.000000
vt -0.312500 0.359974 0.000000
vt -0.312500 0.395972 0.000000
vt -0.312500 0.431969 0.000000
vt -0.312500 -0.431969 0.000000
vt -0.312500 -0.395972 0.000000
vt -0.312500 -0.359974 0.000000
vt -0.312500 -0.323977 0.000000
vt -0.312500 -0.287979 0.000000
vt -0.312500 -0.251982 0.000000
vt -0.312500 -0.215984 0.000000
vt -0.312500 -0.179987 0.000000
vt -0.312500 -0.143990 0.000000
vt -0.312500 -0.107992 0.000000
vt -0.312500 -0.071995 0.000000
vt -0.950000 0.104720 0.000000
vt -1.960000 0.104720 0.000000
vt -0.950000 0.061087 0.000000
vt -1.960000 0.061087 0.000000
vt -0.950000 0.017453 0.000000
vt -1.960000 0.017453 0.000000
vt -0.950000 -0.026180 0.000000
vt -1.960000 -0.026180 0.000000
vt -0.950000 -0.069813 0.000000
vt -1.960000 -0.069813 0.000000
vt -0.950000 -0.113446 0.000000
vt -1.960000 -0.113446 0.000000
vt -0.950000 -0.157080 0.000000
vt -1.960000 -0.157080 0.000000
vt -0.950000 -0.200713 0.000000
vt -1.960000 -0.200713 0.000000
vt -0.950000 -0.244346 0.000000
vt -1.960000 -0.244346 0.000000
vt -0.950000 -0.287979 0.000000
vt -1.960000 -0.287979 0.000000
vt -0.950000 -0.331613 0.000000
vt -1.960000 -0.331613 0.000000
vt -0.950000 -0.375246 0.000000
vt -1.960000 -0.375246 0.000000
vt -0.950000 -0.418879 0.000000
vt -1.960000 -0.418879 0.000000
vt 4.500000 1.650000 0.000000
vt 5.100000 2.160000 0.000000
vt 3.640000 1.650000 0.000000
vt 0.000000 2.160000 0.000000
vt 0.000000 0.950000 0.000000
vt 5.100000 0.950000 0.000000
vt 4.500000 1.270000 0.000000
vt 3.640000 1.270000 0.000000
vt -0.950000 0.000000 0.000000
vt -2.160000 0.000000 0.000000
vt -0.950000 -0.052360 0.000000
vt -2.160000 -0.052360 0.000000
vt -0.950000 -0.104720 0.000000
vt -2.160000 -0.104720 0.000000
vt -0.950000 -0.157080 0.000000
vt -2.160000 -0.157080 0.000000
vt -0.950000 -0.209440 0.000000
vt -2.160000 -0.209440 0.000000
vt -0.950000 -0.261799 0.000000
vt -2.160000 -0.261799 0.000000
vt -0.950000 -0.314159 0.000000
vt -2.160000 -0.314159 0.000000
vt -0.950000 -0.366519 0.000000
vt -2.160000 -0.366519 0.000000
vt -0.950000 -0.418879 0.000000
vt -2.160000 -0.418879 0.000000
vt -0.950000 -0.471239 0.000000
vt -2.160000 -0.471239 0.000000
vt 2.742891 1.851403 0.000000
vt 2.747250 1.818250 0.000000
vt 4.850000 2.160000 0.000000
vt 2.747250 1.758250 0.000000
vt 2.744088 1.729726 0.000000
vt 2.734652 1.702624 0.000000
vt 2.719414 1.678305 0.000000
vt 4.850000 0.950000 0.000000
vt 2.699141 1.657992 0.000000
vt 2.674852 1.642707 0.000000
vt 2.647768 1.633217 0.000000
vt 2.619250 1.630000 0.000000
vt 0.000000 0.950000 0.000000
vt 1.980750 1.630000 0.000000
vt 1.952232 1.633217 0.000000
vt 1.925148 1.642707 0.000000
vt 1.900859 1.657992 0.000000
vt 1.880586 1.678305 0.000000
vt 0.000000 2.160000 0.000000
vt 1.865348 1.702624 0.000000
vt 1.855911 1.729726 0.000000
vt 1.852750 1.758250 0.000000
vt 1.852750 1.818250 0.000000
vt 1.857109 1.851403 0.000000
vt 1.869891 1.882303 0.000000
vt 1.890225 1.908848 0.000000
vt 1.916731 1.929235 0.000000
vt 1.947605 1.942076 0.000000
vt 1.980750 1.946500 0.000000
vt 2.619250 1.946500 0.000000
vt 2.652395 1.942076 0.000000
vt 2.683269 1.929235 0.000000
vt 2.709775 1.908848 0.000000
vt 2.730109 1.882303 0.000000
vt -0.950000 -0.000000 0.000000
vt -2.160000 0.000000 0.000000
vt -0.950000 -0.052360 0.000000
vt -2.160000 -0.052360 0.000000
vt -0.950000 -0.104720 0.000000
vt -2.160000 -0.104720 0.000000
vt -0.950000 -0.157080 0.000000
vt -2.160000 -0.157080 0.000000
vt -0.950000 -0.209440 0.000000
vt -2.160000 -0.209440 0.000000
vt -0.950000 -0.261799 0.000000
vt -2.160000 -0.261799 0.000000
vt -0.950000 -0.314159 0.000000
vt -2.160000 -0.314159 0.000000
vt -0.950000 -0.366519 0.000000
vt -2.160000 -0.366519 0.000000
vt -0.950000 -0.418879 0.000000
vt -2.160000 -0.418879 0.000000
vt -0.950000 -0.471239 0.000000
vt -2.160000 -0.471239 0.000000
vt -0.950000 0.418879 0.000000
vt -1.960000 0.418879 0.000000
vt -0.950000 0.375246 0.000000
vt -1.960000 0.375246 0.000000
vt -0.950000 0.331613 0.000000
vt -1.960000 0.331613 0.000000
vt -0.950000 0.287979 0.000000
vt -1.960000 0.287979 0.000000
vt -0.950000 0.244346 0.000000
vt -1.960000 0.244346 0.000000
vt -0.950000 0.200713 0.000000
vt -1.960000 0.200713 0.000000
vt -0.950000 0.157080 0.000000
vt -1.960000 0.157080 0.000000
vt -0.950000 0.113446 0.000000
vt -1.960000 0.113446 0.000000
vt -0.950000 0.069813 0.000000
vt -1.960000 0.069813 0.000000
vt -0.950000 0.026180 0.000000
vt -1.960000 0.026180 0.000000
vt -0.950000 -0.017453 0.000000
vt -1.960000 -0.017453 0.000000
vt -0.950000 -0.061087 0.000000
vt -1.960000 -0.061087 0.000000
vt -0.950000 -0.104720 0.000000
vt -1.960000 -0.104720 0.000000
vt 5.100000 2.160000 0.000000
vt 0.000000 2.160000 0.000000
vt 5.100000 0.950000 0.000000
vt -0.000000 0.950000 0.000000
vt 4.753590 1.960000 0.000000
vt 0.000000 1.960000 0.000000
vt 4.753590 0.950000 0.000000
vt 0.000000 0.950000 0.000000
vt 4.503590 1.960000 0.000000
vt 0.000000 1.960000 0.000000
vt 4.503590 0.950000 0.000000
vt 0.000000 0.950000 0.000000
vt -2.154970 2.497956 0.000000
vt 2.151245 2.523860 0.000000
vt -2.150000 2.550000 0.000000
vt 2.151245 2.576140 0.000000
vt -2.154970 2.602044 0.000000
vt 2.161139 2.627476 0.000000
vt -2.169699 2.652207 0.000000
vt 2.180570 2.676012 0.000000
vt -2.193655 2.698676 0.000000
vt 2.208835 2.719994 0.000000
vt -2.225973 2.739772 0.000000
vt 2.244913 2.757831 0.000000
vt -2.265484 2.774008 0.000000
vt 2.287500 2.788157 0.000000
vt -2.310761 2.800149 0.000000
vt 2.335056 2.809875 0.000000
vt 2.425000 2.850000 0.000000
vt 2.385863 2.822201 0.000000
vt 2.438085 2.824689 0.000000
vt 2.161139 2.472524 0.000000
vt -2.169699 2.447793 0.000000
vt 2.180570 2.423988 0.000000
vt -2.193655 2.401324 0.000000
vt 2.208835 2.380006 0.000000
vt -2.225973 2.360228 0.000000
vt 2.244913 2.342169 0.000000
vt 2.244913 -2.342169 0.000000
vt 2.287500 2.311843 0.000000
vt 2.287500 -2.311843 0.000000
vt 2.335056 2.290125 0.000000
vt 2.335056 -2.290125 0.000000
vt 2.385863 2.277799 0.000000
vt 2.385863 -2.277799 0.000000
vt 2.438085 2.275312 0.000000
vt 2.438085 -2.275312 0.000000
vt 2.489834 -2.282752 0.000000
vt -2.225973 -2.360228 0.000000
vt -2.265484 2.325992 0.000000
vt -2.265484 -2.325992 0.000000
vt -2.310761 2.299851 0.000000
vt -2.310761 -2.299851 0.000000
vt -2.360166 2.282752 0.000000
vt -2.360166 -2.282752 0.000000
vt -2.411915 2.275312 0.000000
vt -2.411915 -2.275312 0.000000
vt -2.464137 -2.277799 0.000000
vt -2.464137 2.277799 0.000000
vt -2.514944 -2.290125 0.000000
vt -2.514944 2.290125 0.000000
vt -2.562500 -2.311843 0.000000
vt -2.562500 2.311843 0.000000
vt -2.605087 -2.342169 0.000000
vt -2.605087 2.342169 0.000000
vt -2.641165 -2.380006 0.000000
vt -2.641165 2.380006 0.000000
vt -2.669430 -2.423988 0.000000
vt -2.669430 2.423988 0.000000
vt -2.725000 -2.550000 0.000000
vt -2.725000 2.550000 0.000000
vt -2.688861 2.472524 0.000000
vt -2.698755 2.523860 0.000000
vt -2.698755 2.576140 0.000000
vt -2.720442 2.602094 0.000000
vt -2.688861 2.627476 0.000000
vt -2.706908 2.652606 0.000000
vt -2.669430 2.676012 0.000000
vt -2.684808 2.700000 0.000000
vt -2.641165 2.719994 0.000000
vt -2.654813 2.742836 0.000000
vt -2.605087 2.757831 0.000000
vt -2.617836 2.779813 0.000000
vt -2.562500 2.788157 0.000000
vt -2.575000 2.809808 0.000000
vt -2.527606 2.831908 0.000000
vt -2.514944 2.809875 0.000000
vt -2.477094 2.845442 0.000000
vt -2.464137 2.822201 0.000000
vt -2.425000 2.850000 0.000000
vt -2.411915 2.824689 0.000000
vt -2.360166 2.817248 0.000000
vt -2.154970 -2.602044 0.000000
vt 2.151245 -2.576140 0.000000
vt -2.150000 -2.550000 0.000000
vt 2.151245 -2.523860 0.000000
vt -2.154970 -2.497956 0.000000
vt 2.161139 -2.472524 0.000000
vt -2.169699 -2.447793 0.000000
vt 2.180570 -2.423988 0.000000
vt -2.193655 -2.401324 0.000000
vt 2.208835 -2.380006 0.000000
vt 2.161139 -2.627476 0.000000
vt -2.169699 -2.652207 0.000000
vt 2.180570 -2.676012 0.000000
vt -2.193655 -2.698676 0.000000
vt 2.208835 -2.719994 0.000000
vt -2.225973 -2.739772 0.000000
vt 2.244913 -2.757831 0.000000
vt -2.265484 -2.774008 0.000000
vt 2.287500 -2.788157 0.000000
vt -2.310761 -2.800149 0.000000
vt 2.335056 -2.809875 0.000000
vt 2.425000 -2.850000 0.000000
vt 2.385863 -2.822201 0.000000
vt 2.438085 -2.824689 0.000000
vt 2.477094 -2.845442 0.000000
vt 2.489834 -2.817248 0.000000
vt 2.527606 -2.831908 0.000000
vt 2.539239 -2.800149 0.000000
vt 2.575000 -2.809808 0.000000
vt 2.584516 -2.774008 0.000000
vt 2.617836 -2.779813 0.000000
vt 2.624027 -2.739772 0.000000
vt 2.654813 -2.742836 0.000000
vt 2.656345 -2.698676 0.000000
vt 2.684808 -2.700000 0.000000
vt 2.680301 -2.652207 0.000000
vt 2.706908 -2.652606 0.000000
vt 2.695030 -2.602044 0.000000
vt 2.720442 -2.602094 0.000000
vt 2.700000 -2.550000 0.000000
vt 2.725000 -2.550000 0.000000
vt 2.695030 -2.497956 0.000000
vt 2.680301 -2.447793 0.000000
vt 2.680301 2.447793 0.000000
vt 2.656345 2.401324 0.000000
vt -2.425000 -2.850000 0.000000
vt -2.360166 -2.817248 0.000000
vt -2.411915 -2.824689 0.000000
vt -2.464137 -2.822201 0.000000
vt -2.477094 -2.845442 0.000000
vt -2.514944 -2.809875 0.000000
vt -2.527606 -2.831908 0.000000
vt -2.562500 -2.788157 0.000000
vt -2.575000 -2.809808 0.000000
vt -2.617836 -2.779813 0.000000
vt -2.605087 -2.757831 0.000000
vt -2.654813 -2.742836 0.000000
vt -2.641165 -2.719994 0.000000
vt -2.684808 -2.700000 0.000000
vt -2.669430 -2.676012 0.000000
vt -2.706908 -2.652606 0.000000
vt -2.688861 -2.627476 0.000000
vt -2.720442 -2.602094 0.000000
vt -2.698755 -2.576140 0.000000
vt -2.698755 -2.523860 0.000000
vt -2.688861 -2.472524 0.000000
vt 2.489834 2.282752 0.000000
vt 2.539239 -2.299851 0.000000
vt 2.539239 2.299851 0.000000
vt 2.584516 -2.325992 0.000000
vt 2.584516 2.325992 0.000000
vt 2.624027 -2.360228 0.000000
vt 2.624027 2.360228 0.000000
vt 2.656345 -2.401324 0.000000
vt 2.695030 2.497956 0.000000
vt 2.725000 2.550000 0.000000
vt 2.700000 2.550000 0.000000
vt 2.720442 2.602094 0.000000
vt 2.695030 2.602044 0.000000
vt 2.706908 2.652606 0.000000
vt 2.680301 2.652207 0.000000
vt 2.684808 2.700000 0.000000
vt 2.656345 2.698676 0.000000
vt 2.654813 2.742836 0.000000
vt 2.624027 2.739772 0.000000
vt 2.617836 2.779813 0.000000
vt 2.584516 2.774008 0.000000
vt 2.575000 2.809808 0.000000
vt 2.539239 2.800149 0.000000
vt 2.527606 2.831908 0.000000
vt 2.489834 2.817248 0.000000
vt 2.477094 2.845442 0.000000
vt -0.950000 0.000000 0.000000
vt -2.160000 0.000000 0.000000
vt -0.950000 -0.052360 0.000000
vt -2.160000 -0.052360 0.000000
vt -0.950000 -0.104720 0.000000
vt -2.160000 -0.104720 0.000000
vt -0.950000 -0.157080 0.000000
vt -2.160000 -0.157080 0.000000
vt -0.950000 -0.209440 0.000000
vt -2.160000 -0.209440 0.000000
vt -0.950000 -0.261799 0.000000
vt -2.160000 -0.261799 0.000000
vt -0.950000 -0.314159 0.000000
vt -2.160000 -0.314159 0.000000
vt -0.950000 -0.366519 0.000000
vt -2.160000 -0.366519 0.000000
vt -0.950000 -0.418879 0.000000
vt -2.160000 -0.418879 0.000000
vt -0.950000 -0.471239 0.000000
vt -2.160000 -0.471239 0.000000
vt 4.850000 2.160000 0.000000
vt 0.000000 2.160000 0.000000
vt 4.850000 0.950000 0.000000
vt 0.000000 0.950000 0.000000
vt -0.950000 0.000000 0.000000
vt -2.160000 0.000000 0.000000
vt -0.950000 -0.052360 0.000000
vt -2.160000 -0.052360 0.000000
vt -0.950000 -0.104720 0.000000
vt -2.160000 -0.104720 0.000000
vt -0.950000 -0.157080 0.000000
vt -2.160000 -0.157080 0.000000
vt -0.950000 -0.209440 0.000000
vt -2.160000 -0.209440 0.000000
vt -0.950000 -0.261799 0.000000
vt -2.160000 -0.261799 0.000000
vt -0.950000 -0.314159 0.000000
vt -2.160000 -0.314159 0.000000
vt -0.950000 -0.366519 0.000000
vt -2.160000 -0.366519 0.000000
vt -0.950000 -0.418879 0.000000
vt -2.160000 -0.418879 0.000000
vt -0.950000 -0.471239 0.000000
vt -2.160000 -0.471239 0.000000
vn 0.000000 0.000000 0.100000
vn 0.000000 0.000000 0.100000
vn 0.000000 0.000000 0.100000
vn 0.000000 0.000000 0.100000
vn 0.000000 0.000000 0.100000
vn 0.000000 0.000000 0.100000
vn 0.000000 0.000000 0.100000
vn 0.000000 0.000000 0.100000
vn 0.000000 0.000000 0.100000
vn 0.000000 0.000000 0.100000
vn 0.000000 0.000000 0.100000
vn 0.000000 0.000000 0.100000
vn 0.000000 0.000000 0.100000
vn 0.000000 0.000000 0.100000
vn 0.000000 0.000000 0.100000
vn 0.000000 0.000000 0.100000
vn 0.000000 0.000000 0.100000
vn 0.000000 0.000000 0.100000
vn 0.000000 0.000000 0.100000
vn 0.000000 0.000000 0.100000
vn 0.000000 0.000000 0.100000
vn 0.000000 0.000000 0.100000
vn 0.000000 0.000000 0.100000
vn 0.000000 0.000000 0.100000
vn 0.000000 0.000000 0.100000
vn 0.000000 0.000000 0.100000
vn 0.000000 0.000000 0.100000
vn 0.000000 0.000000 0.100000
vn 0.000000 0.000000 0.100000
vn 0.000000 0.000000 0.100000
vn 0.000000 0.000000 0.100000
vn 0.000000 0.000000 0.100000
vn 0.000000 0.000000 0.100000
vn 0.000000 0.000000 0.100000
vn 0.000000 0.000000 0.100000
vn 0.000000 0.000000 0.100000
vn 0.000000 0.000000 0.100000
vn 0.000000 0.000000 0.100000
vn 0.000000 0.000000 0.100000
vn 0.000000 0.000000 0.100000
vn 0.000000 0.000000 0.100000
vn 0.000000 0.000000 0.100000
vn 0.000000 0.000000 0.100000
vn 0.000000 0.000000 0.100000
vn 0.000000 0.000000 0.100000
vn 0.000000 0.000000 0.100000
vn 0.000000 0.000000 0.100000
vn 0.000000 0.000000 0.100000
vn 0.000000 0.000000 0.100000
vn 0.000000 0.000000 0.100000
vn 0.000000 0.000000 0.100000
vn 0.000000 0.000000 0.100000
vn 0.000000 0.000000 0.100000
vn 0.000000 0.000000 0.100000
vn 0.000000 0.000000 0.100000
vn 0.000000 0.000000 0.100000
vn 0.000000 0.000000 0.100000
vn 0.000000 0.000000 0.100000
vn 0.000000 0.000000 0.100000
vn 0.000000 0.000000 0.100000
vn 0.000000 0.000000 0.100000
vn 0.000000 0.000000 0.100000
vn 0.000000 0.000000 0.100000
vn 0.000000 0.000000 0.100000
vn 0.000000 0.000000 0.100000
vn 0.000000 0.000000 0.100000
vn 0.000000 0.000000 0.100000
vn 0.000000 0.000000 0.100000
vn 0.000000 0.000000 0.100000
vn 0.000000 0.000000 0.100000
vn 0.000000 0.000000 0.100000
vn 0.000000 0.000000 0.100000
vn 0.000000 0.000000 0.100000
vn 0.000000 0.000000 0.100000
vn 0.000000 0.000000 0.100000
vn 0.000000 0.000000 0.100000
vn 0.000000 0.000000 0.100000
vn 0.000000 0.000000 0.100000
vn 0.000000 0.000000 0.100000
vn 0.000000 0.000000 0.100000
vn 0.000000 0.000000 0.100000
vn 0.000000 0.000000 0.100000
vn 0.000000 0.000000 0.100000
vn 0.000000 0.000000 0.100000
vn 0.000000 0.000000 0.100000
vn 0.000000 0.000000 0.100000
vn 0.000000 0.000000 0.100000
vn 0.000000 0.000000 0.100000
vn 0.000000 0.000000 0.100000
vn 0.000000 0.000000 0.100000
vn 0.000000 0.000000 0.100000
vn 0.000000 0.000000 0.100000
vn 0.000000 0.000000 0.100000
vn 0.000000 0.000000 0.100000
vn 0.000000 0.000000 0.100000
vn 0.000000 0.000000 0.100000
vn 0.000000 0.000000 0.100000
vn 0.000000 0.000000 0.100000
vn 0.000000 0.000000 0.100000
vn 0.000000 0.000000 0.100000
vn 0.000000 0.000000 0.100000
vn 0.000000 0.000000 0.100000
vn 0.000000 0.000000 0.100000
vn 0.000000 0.000000 0.100000
vn 0.000000 0.000000 0.100000
vn 0.000000 0.000000 0.100000
vn 0.000000 0.000000 0.100000
vn 0.000000 0.000000 0.100000
vn 0.000000 0.000000 0.100000
vn 0.000000 0.000000 0.100000
vn 0.000000 0.000000 0.100000
vn 0.000000 0.000000 0.100000
vn 0.000000 0.000000 0.100000
vn 0.000000 0.000000 0.100000
vn 0.000000 0.000000 0.100000
vn 0.000000 0.000000 0.100000
vn 0.000000 0.000000 0.100000
vn 0.000000 0.000000 0.100000
vn 0.000000 0.000000 0.100000
vn 0.000000 0.000000 0.100000
vn 0.000000 0.000000 0.100000
vn 0.000000 0.000000 0.100000
vn 0.000000 0.000000 0.100000
vn 0.000000 0.000000 0.100000
vn 0.000000 0.000000 0.100000
vn 0.000000 0.000000 0.100000
vn 0.000000 0.000000 0.100000
vn 0.000000 0.000000 0.100000
vn 0.000000 0.000000 0.100000
vn 0.000000 0.000000 0.100000
vn 0.000000 0.000000 0.100000
vn 0.000000 0.000000 0.100000
vn 0.000000 0.000000 0.100000
vn 0.000000 0.000000 0.100000
vn 0.000000 0.000000 0.100000
vn 0.000000 0.000000 0.100000
vn 0.000000 0.000000 0.100000
vn 0.000000 0.000000 0.100000
vn 0.000000 0.000000 0.100000
vn 0.000000 0.000000 0.100000
vn 0.000000 0.000000 0.100000
vn 0.000000 0.000000 0.100000
vn 0.000000 0.000000 0.100000
vn 0.000000 0.000000 0.100000
vn 0.000000 0.000000 0.100000
vn 0.000000 0.000000 0.100000
vn 0.000000 0.000000 0.100000
vn 0.000000 0.000000 0.100000
vn 0.000000 0.000000 0.100000
vn 0.000000 0.000000 0.100000
vn 0.000000 0.000000 0.100000
vn 0.000000 0.000000 0.100000
vn 0.000000 0.000000 0.100000
vn 0.000000 0.000000 0.100000
vn 0.000000 0.000000 0.100000
vn 0.000000 0.000000 0.100000
vn 0.000000 0.000000 0.100000
vn 0.000000 0.000000 0.100000
vn 0.000000 0.000000 0.100000
vn 0.000000 0.000000 0.100000
vn 0.000000 0.000000 0.100000
vn 0.000000 0.000000 0.100000
vn 0.000000 0.000000 0.100000
vn 0.000000 0.000000 0.100000
vn 0.000000 0.000000 0.100000
vn 0.000000 0.000000 0.100000
vn 0.000000 0.000000 0.100000
vn 0.000000 0.000000 0.100000
vn 0.000000 0.000000 0.100000
vn 0.000000 0.000000 0.100000
vn 0.000000 0.000000 0.100000
vn 0.000000 0.000000 0.100000
vn 0.000000 0.000000 0.100000
vn 0.000000 0.000000 0.100000
vn 0.000000 0.000000 0.100000
vn 0.000000 0.000000 0.100000
vn 0.000000 0.000000 0.100000
vn 0.000000 0.000000 0.100000
vn 0.000000 0.000000 0.100000
vn 0.000000 0.000000 0.100000
vn 0.000000 0.000000 0.100000
vn 0.000000 0.000000 0.100000
vn 0.000000 0.000000 0.100000
vn 0.000000 0.000000 0.100000
vn 0.000000 0.000000 0.100000
vn 0.000000 0.000000 0.100000
vn 0.000000 0.000000 0.100000
vn 0.000000 0.000000 0.100000
vn 0.000000 0.000000 0.100000
vn 0.000000 0.000000 0.100000
vn 0.000000 0.000000 0.100000
vn 0.000000 0.000000 0.100000
vn 0.000000 -0.100000 0.000000
vn 0.000000 -0.100000 0.000000
vn 0.000000 -0.100000 0.000000
vn 0.000000 -0.100000 0.000000
vn 0.000000 0.000000 -0.100000
vn 0.000000 0.000000 -0.100000
vn 0.000000 0.000000 -0.100000
vn 0.000000 0.000000 -0.100000
vn 0.000000 0.100000 0.000000
vn 0.000000 0.100000 0.000000
vn 0.000000 0.100000 0.000000
vn 0.000000 0.100000 0.000000
vn 0.000000 0.000000 0.100000
vn 0.000000 0.000000 0.100000
vn 0.019509 0.000000 0.098079
vn 0.019509 0.000000 0.098079
vn 0.038268 0.000000 0.092388
vn 0.038268 0.000000 0.092388
vn 0.055557 0.000000 0.083147
vn 0.055557 0.000000 0.083147
vn 0.070711 0.000000 0.070711
vn 0.070711 0.000000 0.070711
vn 0.083147 0.000000 0.055557
vn 0.083147 0.000000 0.055557
vn 0.092388 0.000000 0.038268
vn 0.092388 0.000000 0.038268
vn 0.098079 0.000000 0.019509
vn 0.098079 0.000000 0.019509
vn 0.099518 0.000000 0.009802
vn 0.099518 0.000000 0.009802
vn 0.100000 0.000000 0.000000
vn 0.100000 0.000000 0.000000
vn -0.100000 0.000000 0.000000
vn -0.100000 0.000000 0.000000
vn -0.099518 0.000000 0.009802
vn -0.099518 0.000000 0.009802
vn -0.098079 0.000000 0.019509
vn -0.098079 0.000000 0.019509
vn -0.092388 0.000000 0.038268
vn -0.092388 0.000000 0.038268
vn -0.083147 0.000000 0.055557
vn -0.083147 0.000000 0.055557
vn -0.070711 0.000000 0.070711
vn -0.070711 0.000000 0.070711
vn -0.055557 0.000000 0.083147
vn -0.055557 0.000000 0.083147
vn -0.038268 0.000000 0.092388
vn -0.038268 0.000000 0.092388
vn -0.019509 0.000000 0.098079
vn -0.019509 0.000000 0.098079
vn -0.000000 0.000000 0.100000
vn -0.000000 0.000000 0.100000
vn 0.000000 0.019509 0.098079
vn 0.000000 0.025882 0.096593
vn 0.000000 0.038268 0.092388
vn 0.000000 0.050000 0.086603
vn 0.000000 0.055557 0.083147
vn 0.000000 0.070711 0.070711
vn 0.000000 0.070711 0.070711
vn 0.000000 0.083147 0.055557
vn 0.000000 0.086603 0.050000
vn 0.000000 0.092388 0.038268
vn 0.000000 0.096593 0.025882
vn 0.000000 0.098079 0.019509
vn 0.000000 0.099518 0.009802
vn 0.000000 0.096593 0.025882
vn 0.000000 0.098079 0.019509
vn 0.000000 0.092388 0.038268
vn 0.000000 0.086603 0.050000
vn 0.000000 0.083147 0.055557
vn 0.000000 0.070711 0.070711
vn 0.000000 0.070711 0.070711
vn 0.000000 0.055557 0.083147
vn 0.000000 0.050000 0.086603
vn 0.000000 0.038268 0.092388
vn 0.000000 0.025882 0.096593
vn 0.000000 0.019509 0.098079
vn 0.000000 0.099518 0.009802
vn 0.000000 0.100000 0.000000
vn 0.000000 0.100000 0.000000
vn 0.000000 -0.019509 0.098079
vn 0.000000 -0.025882 0.096593
vn 0.000000 -0.038268 0.092388
vn 0.000000 -0.050000 0.086603
vn 0.000000 -0.055557 0.083147
vn 0.000000 -0.070711 0.070711
vn 0.000000 -0.070711 0.070711
vn 0.000000 -0.083147 0.055557
vn 0.000000 -0.086603 0.050000
vn 0.000000 -0.092388 0.038268
vn 0.000000 -0.096593 0.025882
vn 0.000000 -0.098079 0.019509
vn 0.000000 -0.099518 0.009802
vn 0.000000 -0.096593 0.025882
vn 0.000000 -0.098079 0.019509
vn 0.000000 -0.092388 0.038268
vn 0.000000 -0.086603 0.050000
vn 0.000000 -0.083147 0.055557
vn 0.000000 -0.070711 0.070711
vn 0.000000 -0.070711 0.070711
vn 0.000000 -0.055557 0.083147
vn 0.000000 -0.050000 0.086603
vn 0.000000 -0.038268 0.092388
vn 0.000000 -0.025882 0.096593
vn 0.000000 -0.019509 0.098079
vn 0.000000 -0.099518 0.009802
vn 0.000000 -0.100000 0.000000
vn 0.000000 -0.100000 0.000000
vn 0.000000 0.100000 0.000000
vn 0.000000 0.100000 0.000000
vn -0.100000 0.000000 0.000000
vn -0.100000 0.000000 0.000000
vn 0.000000 0.000000 0.100000
vn 0.000000 0.000000 0.100000
vn 0.000000 0.000000 0.100000
vn 0.000000 0.000000 0.100000
vn 0.000000 0.000000 0.100000
vn 0.000000 0.000000 0.100000
vn 0.000000 0.000000 0.100000
vn 0.000000 0.000000 0.100000
vn 0.000000 0.000000 0.100000
vn 0.000000 0.000000 0.100000
vn 0.000000 0.000000 0.100000
vn 0.000000 0.000000 0.100000
vn 0.000000 0.000000 0.100000
vn 0.000000 0.000000 0.100000
vn 0.000000 0.000000 0.100000
vn 0.000000 0.000000 0.100000
vn 0.000000 0.000000 0.100000
vn 0.000000 0.000000 0.100000
vn 0.000000 0.000000 0.100000
vn 0.000000 0.000000 0.100000
vn 0.000000 0.000000 0.100000
vn 0.000000 0.000000 0.100000
vn 0.000000 0.000000 0.100000
vn 0.000000 0.000000 0.100000
vn 0.000000 0.000000 0.100000
vn 0.000000 0.000000 0.100000
vn 0.000000 0.000000 0.100000
vn 0.000000 0.000000 0.100000
vn 0.000000 0.000000 0.100000
vn 0.000000 0.000000 0.100000
vn 0.000000 0.000000 0.100000
vn 0.000000 0.000000 0.100000
vn 0.000000 0.000000 0.100000
vn 0.000000 0.000000 0.100000
vn 0.000000 0.000000 0.100000
vn 0.000000 0.000000 0.100000
vn 0.000000 0.000000 0.100000
vn 0.000000 0.000000 0.100000
vn 0.000000 0.000000 0.100000
vn 0.000000 0.000000 0.100000
vn 0.000000 0.000000 0.100000
vn 0.000000 0.000000 0.100000
vn 0.000000 0.000000 0.100000
vn 0.000000 0.000000 0.100000
vn 0.000000 0.000000 0.100000
vn 0.000000 0.000000 0.100000
vn 0.000000 0.000000 0.100000
vn 0.000000 0.000000 0.100000
vn 0.000000 0.000000 0.100000
vn 0.000000 0.000000 0.100000
vn 0.000000 0.000000 0.100000
vn 0.000000 0.000000 0.100000
vn 0.000000 -0.100000 0.000000
vn 0.000000 -0.100000 0.000000
vn 0.100000 0.000000 0.000000
vn 0.100000 0.000000 0.000000
vn 0.000000 0.000000 0.100000
vn 0.000000 0.000000 0.100000
vn 0.000000 0.000000 0.100000
vn 0.000000 0.000000 0.100000
vn -0.086603 0.050000 -0.000000
vn -0.086603 0.050000 -0.000000
vn -0.095372 0.030071 -0.000000
vn -0.095372 0.030071 -0.000000
vn -0.099619 0.008716 -0.000000
vn -0.099619 0.008716 -0.000000
vn -0.099144 -0.013053 0.000000
vn -0.099144 -0.013053 0.000000
vn -0.093969 -0.034202 0.000000
vn -0.093969 -0.034202 0.000000
vn -0.084339 -0.053730 0.000000
vn -0.084339 -0.053730 0.000000
vn -0.070711 -0.070711 0.000000
vn -0.070711 -0.070711 0.000000
vn -0.053730 -0.084339 0.000000
vn -0.053730 -0.084339 0.000000
vn -0.034202 -0.093969 0.000000
vn -0.034202 -0.093969 0.000000
vn -0.013053 -0.099144 0.000000
vn -0.013053 -0.099144 0.000000
vn 0.008716 -0.099619 0.000000
vn 0.008716 -0.099619 0.000000
vn 0.030071 -0.095372 0.000000
vn 0.030071 -0.095372 0.000000
vn 0.050000 -0.086603 0.000000
vn 0.050000 -0.086603 0.000000
vn -0.100000 0.000000 0.000000
vn -0.100000 0.000000 0.000000
vn -0.100000 0.000000 0.000000
vn -0.100000 0.000000 0.000000
vn -0.100000 0.000000 0.000000
vn -0.100000 0.000000 0.000000
vn -0.100000 0.000000 0.000000
vn -0.100000 0.000000 0.000000
vn 0.050000 0.086603 0.000000
vn 0.050000 0.086603 0.000000
vn 0.030071 0.095372 0.000000
vn 0.030071 0.095372 0.000000
vn 0.008716 0.099619 0.000000
vn 0.008716 0.099619 0.000000
vn -0.013053 0.099144 -0.000000
vn -0.013053 0.099144 -0.000000
vn -0.034202 0.093969 -0.000000
vn -0.034202 0.093969 -0.000000
vn -0.053730 0.084339 -0.000000
vn -0.053730 0.084339 -0.000000
vn -0.070711 0.070711 -0.000000
vn -0.070711 0.070711 -0.000000
vn -0.084339 0.053730 -0.000000
vn -0.084339 0.053730 -0.000000
vn -0.093969 0.034202 -0.000000
vn -0.093969 0.034202 -0.000000
vn -0.099144 0.013053 -0.000000
vn -0.099144 0.013053 -0.000000
vn -0.099619 -0.008716 0.000000
vn -0.099619 -0.008716 0.000000
vn -0.095372 -0.030071 0.000000
vn -0.095372 -0.030071 0.000000
vn -0.086603 -0.050000 0.000000
vn -0.086603 -0.050000 0.000000
vn 0.000000 0.100000 0.000000
vn 0.000000 0.100000 0.000000
vn 0.000000 0.100000 0.000000
vn 0.000000 0.100000 0.000000
vn 0.000000 0.100000 0.000000
vn 0.000000 0.100000 0.000000
vn 0.000000 0.100000 0.000000
vn 0.000000 0.100000 0.000000
vn 0.000000 0.100000 0.000000
vn 0.000000 0.100000 0.000000
vn 0.000000 0.100000 0.000000
vn 0.000000 0.100000 0.000000
vn 0.000000 0.100000 0.000000
vn 0.000000 0.100000 0.000000
vn 0.000000 0.100000 0.000000
vn 0.000000 0.100000 0.000000
vn 0.000000 0.100000 0.000000
vn 0.000000 0.100000 0.000000
vn 0.000000 0.100000 0.000000
vn 0.000000 0.100000 0.000000
vn 0.000000 0.100000 0.000000
vn 0.000000 0.100000 0.000000
vn 0.000000 0.100000 0.000000
vn 0.000000 0.100000 0.000000
vn 0.000000 0.100000 0.000000
vn 0.000000 0.100000 0.000000
vn 0.000000 0.100000 0.000000
vn 0.000000 0.100000 0.000000
vn 0.000000 0.100000 0.000000
vn 0.000000 0.100000 0.000000
vn 0.000000 0.100000 0.000000
vn 0.000000 0.100000 0.000000
vn 0.000000 0.100000 0.000000
vn 0.000000 0.100000 0.000000
vn 0.100000 0.000000 0.000000
vn 0.100000 0.000000 0.000000
vn 0.100000 0.000000 0.000000
vn 0.100000 0.000000 0.000000
vn 0.096601 -0.000000 0.025850
vn 0.096601 -0.000000 0.025850
vn 0.086635 -0.000000 0.049944
vn 0.086635 -0.000000 0.049944
vn 0.070780 -0.000000 0.070642
vn 0.070780 -0.000000 0.070642
vn 0.050113 -0.000000 0.086537
vn 0.050113 -0.000000 0.086537
vn 0.026039 -0.000000 0.096550
vn 0.026039 -0.000000 0.096550
vn 0.000195 -0.000000 0.100000
vn 0.000195 -0.000000 0.100000
vn 0.000000 0.000000 0.100000
vn 0.000000 0.000000 0.100000
vn 0.000000 0.000000 0.100000
vn 0.000000 0.000000 0.100000
vn -0.000195 0.000000 0.100000
vn -0.026039 0.000000 0.096550
vn -0.000195 0.000000 0.100000
vn -0.026039 0.000000 0.096550
vn -0.050113 0.000000 0.086537
vn -0.050113 0.000000 0.086537
vn -0.070780 0.000000 0.070642
vn -0.070780 0.000000 0.070642
vn -0.086635 0.000000 0.049944
vn -0.086635 0.000000 0.049944
vn -0.096601 0.000000 0.025850
vn -0.096601 0.000000 0.025850
vn -0.100000 0.000000 0.000000
vn -0.100000 0.000000 0.000000
vn -0.100000 0.000000 0.000000
vn -0.100000 0.000000 0.000000
vn -0.100000 0.000000 0.000195
vn -0.097530 0.000000 -0.022089
vn -0.100000 0.000000 0.000195
vn -0.097530 0.000000 -0.022089
vn -0.090157 0.000000 -0.043263
vn -0.090157 0.000000 -0.043263
vn -0.078253 0.000000 -0.062262
vn -0.078253 0.000000 -0.062262
vn -0.062414 0.000000 -0.078131
vn -0.062414 0.000000 -0.078131
vn -0.043439 0.000000 -0.090073
vn -0.043439 0.000000 -0.090073
vn -0.022279 0.000000 -0.097487
vn -0.022279 0.000000 -0.097487
vn -0.000000 0.000000 -0.100000
vn -0.000000 0.000000 -0.100000
vn 0.000000 0.000000 -0.100000
vn 0.000000 0.000000 -0.100000
vn 0.022279 0.000000 -0.097487
vn 0.022279 0.000000 -0.097487
vn 0.043439 0.000000 -0.090073
vn 0.043439 0.000000 -0.090073
vn 0.062414 0.000000 -0.078131
vn 0.062414 0.000000 -0.078131
vn 0.078253 0.000000 -0.062262
vn 0.078253 0.000000 -0.062262
vn 0.090157 0.000000 -0.043263
vn 0.090157 0.000000 -0.043263
vn 0.097530 0.000000 -0.022089
vn 0.097530 0.000000 -0.022089
vn 0.100000 -0.000000 0.000195
vn 0.100000 -0.000000 0.000195
vn 0.069433 0.013382 -0.070711
vn 0.070711 0.000000 -0.070711
vn 0.070711 0.000000 -0.070711
vn 0.069433 -0.013382 -0.070711
vn 0.068301 -0.018301 -0.070711
vn 0.065646 -0.026281 -0.070711
vn 0.061237 -0.035355 -0.070711
vn 0.059486 -0.038229 -0.070711
vn 0.050000 -0.050000 -0.070711
vn 0.051176 -0.048796 -0.070711
vn 0.041016 -0.057599 -0.070711
vn 0.035355 -0.061237 -0.070711
vn 0.029374 -0.064321 -0.070711
vn 0.018301 -0.068301 -0.070711
vn 0.016671 -0.068717 -0.070711
vn 0.003365 -0.070631 -0.070711
vn 0.000000 -0.070711 -0.070711
vn -0.010063 -0.069991 -0.070711
vn -0.018301 -0.068301 -0.070711
vn -0.023127 -0.066822 -0.070711
vn -0.035355 -0.061237 -0.070711
vn -0.035355 -0.061237 -0.070711
vn -0.046306 -0.053440 -0.070711
vn -0.050000 -0.050000 -0.070711
vn -0.055582 -0.043710 -0.070711
vn -0.061237 -0.035355 -0.070711
vn -0.062850 -0.032402 -0.070711
vn -0.068301 -0.018301 -0.070711
vn -0.067846 -0.019922 -0.070711
vn -0.070390 -0.006721 -0.070711
vn -0.070711 -0.000000 -0.070711
vn -0.070390 0.006721 -0.070711
vn -0.068301 0.018301 -0.070711
vn -0.067846 0.019922 -0.070711
vn -0.062850 0.032402 -0.070711
vn -0.061237 0.035355 -0.070711
vn -0.055582 0.043710 -0.070711
vn -0.050000 0.050000 -0.070711
vn -0.046306 0.053440 -0.070711
vn -0.035355 0.061237 -0.070711
vn -0.035355 0.061237 -0.070711
vn -0.023127 0.066822 -0.070711
vn -0.018301 0.068301 -0.070711
vn -0.010063 0.069991 -0.070711
vn 0.000000 0.070711 -0.070711
vn 0.003365 0.070631 -0.070711
vn 0.018301 0.068301 -0.070711
vn 0.016671 0.068717 -0.070711
vn 0.029374 0.064321 -0.070711
vn 0.035355 0.061237 -0.070711
vn 0.041016 0.057599 -0.070711
vn 0.050000 0.050000 -0.070711
vn 0.051176 0.048796 -0.070711
vn 0.059486 0.038229 -0.070711
vn 0.061237 0.035355 -0.070711
vn 0.065646 0.026281 -0.070711
vn 0.068301 0.018301 -0.070711
vn -0.096593 -0.025882 0.000000
vn -0.096593 -0.025882 0.000000
vn -0.100000 -0.000000 0.000000
vn -0.100000 -0.000000 0.000000
vn -0.096593 0.025882 0.000000
vn -0.096593 0.025882 0.000000
vn -0.086603 0.050000 0.000000
vn -0.086603 0.050000 0.000000
vn -0.070711 0.070711 0.000000
vn -0.070711 0.070711 0.000000
vn -0.050000 0.086603 0.000000
vn -0.050000 0.086603 0.000000
vn -0.025882 0.096593 0.000000
vn -0.025882 0.096593 0.000000
vn 0.000000 0.100000 0.000000
vn 0.000000 0.100000 0.000000
vn 0.025882 0.096593 0.000000
vn 0.025882 0.096593 0.000000
vn 0.050000 0.086603 0.000000
vn 0.050000 0.086603 0.000000
vn 0.070711 0.070711 0.000000
vn 0.070711 0.070711 0.000000
vn 0.086603 0.050000 0.000000
vn 0.086603 0.050000 0.000000
vn 0.096593 0.025882 0.000000
vn 0.096593 0.025882 0.000000
vn 0.100000 0.000000 0.000000
vn 0.100000 0.000000 0.000000
vn 0.096593 -0.025882 0.000000
vn 0.096593 -0.025882 0.000000
vn 0.086603 -0.050000 0.000000
vn 0.086603 -0.050000 0.000000
vn 0.070711 -0.070711 0.000000
vn 0.070711 -0.070711 0.000000
vn 0.050000 -0.086603 0.000000
vn 0.050000 -0.086603 0.000000
vn 0.025882 -0.096593 0.000000
vn 0.025882 -0.096593 0.000000
vn 0.000000 -0.100000 0.000000
vn 0.000000 -0.100000 0.000000
vn -0.025882 -0.096593 0.000000
vn -0.025882 -0.096593 0.000000
vn -0.050000 -0.086603 0.000000
vn -0.050000 -0.086603 0.000000
vn -0.070711 -0.070711 0.000000
vn -0.070711 -0.070711 0.000000
vn -0.086603 -0.050000 0.000000
vn -0.086603 -0.050000 0.000000
vn 0.096593 -0.025882 0.000000
vn 0.100000 0.000000 0.000000
vn 0.096593 0.025882 0.000000
vn 0.086603 0.050000 0.000000
vn 0.070711 0.070711 0.000000
vn 0.050000 0.086603 0.000000
vn 0.025882 0.096593 0.000000
vn 0.000000 0.100000 0.000000
vn -0.025882 0.096593 0.000000
vn -0.050000 0.086603 0.000000
vn -0.070711 0.070711 0.000000
vn -0.086603 0.050000 0.000000
vn -0.096593 0.025882 0.000000
vn -0.100000 0.000000 0.000000
vn -0.096593 -0.025882 0.000000
vn -0.086603 -0.050000 0.000000
vn -0.070711 -0.070711 0.000000
vn -0.050000 -0.086603 0.000000
vn -0.025882 -0.096593 0.000000
vn 0.000000 -0.100000 0.000000
vn 0.025882 -0.096593 0.000000
vn 0.050000 -0.086603 0.000000
vn 0.070711 -0.070711 0.000000
vn 0.086603 -0.050000 0.000000
vn 0.069433 0.013382 -0.070711
vn 0.070711 0.000000 -0.070711
vn 0.070711 0.000000 -0.070711
vn 0.069433 -0.013382 -0.070711
vn 0.068301 -0.018301 -0.070711
vn 0.065646 -0.026281 -0.070711
vn 0.061237 -0.035355 -0.070711
vn 0.059486 -0.038229 -0.070711
vn 0.050000 -0.050000 -0.070711
vn 0.051176 -0.048796 -0.070711
vn 0.041016 -0.057599 -0.070711
vn 0.035355 -0.061237 -0.070711
vn 0.029374 -0.064321 -0.070711
vn 0.018301 -0.068301 -0.070711
vn 0.016671 -0.068717 -0.070711
vn 0.003365 -0.070631 -0.070711
vn 0.000000 -0.070711 -0.070711
vn -0.010063 -0.069991 -0.070711
vn -0.018301 -0.068301 -0.070711
vn -0.023127 -0.066822 -0.070711
vn -0.035355 -0.061237 -0.070711
vn -0.035355 -0.061237 -0.070711
vn -0.046306 -0.053440 -0.070711
vn -0.050000 -0.050000 -0.070711
vn -0.055582 -0.043710 -0.070711
vn -0.061237 -0.035355 -0.070711
vn -0.062850 -0.032402 -0.070711
vn -0.068301 -0.018301 -0.070711
vn -0.067846 -0.019922 -0.070711
vn -0.070390 -0.006721 -0.070711
vn -0.070711 -0.000000 -0.070711
vn -0.070390 0.006721 -0.070711
vn -0.068301 0.018301 -0.070711
vn -0.067846 0.019922 -0.070711
vn -0.062850 0.032402 -0.070711
vn -0.061237 0.035355 -0.070711
vn -0.055582 0.043710 -0.070711
vn -0.050000 0.050000 -0.070711
vn -0.046306 0.053440 -0.070711
vn -0.035355 0.061237 -0.070711
vn -0.035355 0.061237 -0.070711
vn -0.023127 0.066822 -0.070711
vn -0.018301 0.068301 -0.070711
vn -0.010063 0.069991 -0.070711
vn 0.000000 0.070711 -0.070711
vn 0.003365 0.070631 -0.070711
vn 0.018301 0.068301 -0.070711
vn 0.016671 0.068717 -0.070711
vn 0.029374 0.064321 -0.070711
vn 0.035355 0.061237 -0.070711
vn 0.041016 0.057599 -0.070711
vn 0.050000 0.050000 -0.070711
vn 0.051176 0.048796 -0.070711
vn 0.059486 0.038229 -0.070711
vn 0.061237 0.035355 -0.070711
vn 0.065646 0.026281 -0.070711
vn 0.068301 0.018301 -0.070711
vn -0.096593 -0.025882 0.000000
vn -0.096593 -0.025882 0.000000
vn -0.100000 -0.000000 0.000000
vn -0.100000 -0.000000 0.000000
vn -0.096593 0.025882 0.000000
vn -0.096593 0.025882 0.000000
vn -0.086603 0.050000 0.000000
vn -0.086603 0.050000 0.000000
vn -0.070711 0.070711 0.000000
vn -0.070711 0.070711 0.000000
vn -0.050000 0.086603 0.000000
vn -0.050000 0.086603 0.000000
vn -0.025882 0.096593 0.000000
vn -0.025882 0.096593 0.000000
vn 0.000000 0.100000 0.000000
vn 0.000000 0.100000 0.000000
vn 0.025882 0.096593 0.000000
vn 0.025882 0.096593 0.000000
vn 0.050000 0.086603 0.000000
vn 0.050000 0.086603 0.000000
vn 0.070711 0.070711 0.000000
vn 0.070711 0.070711 0.000000
vn 0.086603 0.050000 0.000000
vn 0.086603 0.050000 0.000000
vn 0.096593 0.025882 0.000000
vn 0.096593 0.025882 0.000000
vn 0.100000 0.000000 0.000000
vn 0.100000 0.000000 0.000000
vn 0.096593 -0.025882 0.000000
vn 0.096593 -0.025882 0.000000
vn 0.086603 -0.050000 0.000000
vn 0.086603 -0.050000 0.000000
vn 0.070711 -0.070711 0.000000
vn 0.070711 -0.070711 0.000000
vn 0.050000 -0.086603 0.000000
vn 0.050000 -0.086603 0.000000
vn 0.025882 -0.096593 0.000000
vn 0.025882 -0.096593 0.000000
vn 0.000000 -0.100000 0.000000
vn 0.000000 -0.100000 0.000000
vn -0.025882 -0.096593 0.000000
vn -0.025882 -0.096593 0.000000
vn -0.050000 -0.086603 0.000000
vn -0.050000 -0.086603 0.000000
vn -0.070711 -0.070711 0.000000
vn -0.070711 -0.070711 0.000000
vn -0.086603 -0.050000 0.000000
vn -0.086603 -0.050000 0.000000
vn 0.096593 -0.025882 0.000000
vn 0.100000 0.000000 0.000000
vn 0.096593 0.025882 0.000000
vn 0.086603 0.050000 0.000000
vn 0.070711 0.070711 0.000000
vn 0.050000 0.086603 0.000000
vn 0.025882 0.096593 0.000000
vn 0.000000 0.100000 0.000000
vn -0.025882 0.096593 0.000000
vn -0.050000 0.086603 0.000000
vn -0.070711 0.070711 0.000000
vn -0.086603 0.050000 0.000000
vn -0.096593 0.025882 0.000000
vn -0.100000 0.000000 0.000000
vn -0.096593 -0.025882 0.000000
vn -0.086603 -0.050000 0.000000
vn -0.070711 -0.070711 0.000000
vn -0.050000 -0.086603 0.000000
vn -0.025882 -0.096593 0.000000
vn 0.000000 -0.100000 0.000000
vn 0.025882 -0.096593 0.000000
vn 0.050000 -0.086603 0.000000
vn 0.070711 -0.070711 0.000000
vn 0.086603 -0.050000 0.000000
vn 0.069433 0.013382 -0.070711
vn 0.070711 0.000000 -0.070711
vn 0.070711 0.000000 -0.070711
vn 0.069433 -0.013382 -0.070711
vn 0.068301 -0.018301 -0.070711
vn 0.065646 -0.026281 -0.070711
vn 0.061237 -0.035355 -0.070711
vn 0.059486 -0.038229 -0.070711
vn 0.050000 -0.050000 -0.070711
vn 0.051176 -0.048796 -0.070711
vn 0.041016 -0.057599 -0.070711
vn 0.035355 -0.061237 -0.070711
vn 0.029374 -0.064321 -0.070711
vn 0.018301 -0.068301 -0.070711
vn 0.016671 -0.068717 -0.070711
vn 0.003365 -0.070631 -0.070711
vn 0.000000 -0.070711 -0.070711
vn -0.010063 -0.069991 -0.070711
vn -0.018301 -0.068301 -0.070711
vn -0.023127 -0.066822 -0.070711
vn -0.035355 -0.061237 -0.070711
vn -0.035355 -0.061237 -0.070711
vn -0.046306 -0.053440 -0.070711
vn -0.050000 -0.050000 -0.070711
vn -0.055582 -0.043710 -0.070711
vn -0.061237 -0.035355 -0.070711
vn -0.062850 -0.032402 -0.070711
vn -0.068301 -0.018301 -0.070711
vn -0.067846 -0.019922 -0.070711
vn -0.070390 -0.006721 -0.070711
vn -0.070711 -0.000000 -0.070711
vn -0.070390 0.006721 -0.070711
vn -0.068301 0.018301 -0.070711
vn -0.067846 0.019922 -0.070711
vn -0.062850 0.032402 -0.070711
vn -0.061237 0.035355 -0.070711
vn -0.055582 0.043710 -0.070711
vn -0.050000 0.050000 -0.070711
vn -0.046306 0.053440 -0.070711
vn -0.035355 0.061237 -0.070711
vn -0.035355 0.061237 -0.070711
vn -0.023127 0.066822 -0.070711
vn -0.018301 0.068301 -0.070711
vn -0.010063 0.069991 -0.070711
vn 0.000000 0.070711 -0.070711
vn 0.003365 0.070631 -0.070711
vn 0.018301 0.068301 -0.070711
vn 0.016671 0.068717 -0.070711
vn 0.029374 0.064321 -0.070711
vn 0.035355 0.061237 -0.070711
vn 0.041016 0.057599 -0.070711
vn 0.050000 0.050000 -0.070711
vn 0.051176 0.048796 -0.070711
vn 0.059486 0.038229 -0.070711
vn 0.061237 0.035355 -0.070711
vn 0.065646 0.026281 -0.070711
vn 0.068301 0.018301 -0.070711
vn -0.096593 -0.025882 0.000000
vn -0.096593 -0.025882 0.000000
vn -0.100000 -0.000000 0.000000
vn -0.100000 -0.000000 0.000000
vn -0.096593 0.025882 0.000000
vn -0.096593 0.025882 0.000000
vn -0.086603 0.050000 0.000000
vn -0.086603 0.050000 0.000000
vn -0.070711 0.070711 0.000000
vn -0.070711 0.070711 0.000000
vn -0.050000 0.086603 0.000000
vn -0.050000 0.086603 0.000000
vn -0.025882 0.096593 0.000000
vn -0.025882 0.096593 0.000000
vn 0.000000 0.100000 0.000000
vn 0.000000 0.100000 0.000000
vn 0.025882 0.096593 0.000000
vn 0.025882 0.096593 0.000000
vn 0.050000 0.086603 0.000000
vn 0.050000 0.086603 0.000000
vn 0.070711 0.070711 0.000000
vn 0.070711 0.070711 0.000000
vn 0.086603 0.050000 0.000000
vn 0.086603 0.050000 0.000000
vn 0.096593 0.025882 0.000000
vn 0.096593 0.025882 0.000000
vn 0.100000 0.000000 0.000000
vn 0.100000 0.000000 0.000000
vn 0.096593 -0.025882 0.000000
vn 0.096593 -0.025882 0.000000
vn 0.086603 -0.050000 0.000000
vn 0.086603 -0.050000 0.000000
vn 0.070711 -0.070711 0.000000
vn 0.070711 -0.070711 0.000000
vn 0.050000 -0.086603 0.000000
vn 0.050000 -0.086603 0.000000
vn 0.025882 -0.096593 0.000000
vn 0.025882 -0.096593 0.000000
vn 0.000000 -0.100000 0.000000
vn 0.000000 -0.100000 0.000000
vn -0.025882 -0.096593 0.000000
vn -0.025882 -0.096593 0.000000
vn -0.050000 -0.086603 0.000000
vn -0.050000 -0.086603 0.000000
vn -0.070711 -0.070711 0.000000
vn -0.070711 -0.070711 0.000000
vn -0.086603 -0.050000 0.000000
vn -0.086603 -0.050000 0.000000
vn 0.096593 -0.025882 0.000000
vn 0.100000 0.000000 0.000000
vn 0.096593 0.025882 0.000000
vn 0.086603 0.050000 0.000000
vn 0.070711 0.070711 0.000000
vn 0.050000 0.086603 0.000000
vn 0.025882 0.096593 0.000000
vn 0.000000 0.100000 0.000000
vn -0.025882 0.096593 0.000000
vn -0.050000 0.086603 0.000000
vn -0.070711 0.070711 0.000000
vn -0.086603 0.050000 0.000000
vn -0.096593 0.025882 0.000000
vn -0.100000 0.000000 0.000000
vn -0.096593 -0.025882 0.000000
vn -0.086603 -0.050000 0.000000
vn -0.070711 -0.070711 0.000000
vn -0.050000 -0.086603 0.000000
vn -0.025882 -0.096593 0.000000
vn 0.000000 -0.100000 0.000000
vn 0.025882 -0.096593 0.000000
vn 0.050000 -0.086603 0.000000
vn 0.070711 -0.070711 0.000000
vn 0.086603 -0.050000 0.000000
vn 0.069433 0.013382 -0.070711
vn 0.070711 0.000000 -0.070711
vn 0.070711 0.000000 -0.070711
vn 0.069433 -0.013382 -0.070711
vn 0.068301 -0.018301 -0.070711
vn 0.065646 -0.026281 -0.070711
vn 0.061237 -0.035355 -0.070711
vn 0.059486 -0.038229 -0.070711
vn 0.050000 -0.050000 -0.070711
vn 0.051176 -0.048796 -0.070711
vn 0.041016 -0.057599 -0.070711
vn 0.035355 -0.061237 -0.070711
vn 0.029374 -0.064321 -0.070711
vn 0.018301 -0.068301 -0.070711
vn 0.016671 -0.068717 -0.070711
vn 0.003365 -0.070631 -0.070711
vn 0.000000 -0.070711 -0.070711
vn -0.010063 -0.069991 -0.070711
vn -0.018301 -0.068301 -0.070711
vn -0.023127 -0.066822 -0.070711
vn -0.035355 -0.061237 -0.070711
vn -0.035355 -0.061237 -0.070711
vn -0.046306 -0.053440 -0.070711
vn -0.050000 -0.050000 -0.070711
vn -0.055582 -0.043710 -0.070711
vn -0.061237 -0.035355 -0.070711
vn -0.062850 -0.032402 -0.070711
vn -0.068301 -0.018301 -0.070711
vn -0.067846 -0.019922 -0.070711
vn -0.070390 -0.006721 -0.070711
vn -0.070711 -0.000000 -0.070711
vn -0.070390 0.006721 -0.070711
vn -0.068301 0.018301 -0.070711
vn -0.067846 0.019922 -0.070711
vn -0.062850 0.032402 -0.070711
vn -0.061237 0.035355 -0.070711
vn -0.055582 0.043710 -0.070711
vn -0.050000 0.050000 -0.070711
vn -0.046306 0.053440 -0.070711
vn -0.035355 0.061237 -0.070711
vn -0.035355 0.061237 -0.070711
vn -0.023127 0.066822 -0.070711
vn -0.018301 0.068301 -0.070711
vn -0.010063 0.069991 -0.070711
vn 0.000000 0.070711 -0.070711
vn 0.003365 0.070631 -0.070711
vn 0.018301 0.068301 -0.070711
vn 0.016671 0.068717 -0.070711
vn 0.029374 0.064321 -0.070711
vn 0.035355 0.061237 -0.070711
vn 0.041016 0.057599 -0.070711
vn 0.050000 0.050000 -0.070711
vn 0.051176 0.048796 -0.070711
vn 0.059486 0.038229 -0.070711
vn 0.061237 0.035355 -0.070711
vn 0.065646 0.026281 -0.070711
vn 0.068301 0.018301 -0.070711
vn -0.096593 -0.025882 0.000000
vn -0.096593 -0.025882 0.000000
vn -0.100000 -0.000000 0.000000
vn -0.100000 -0.000000 0.000000
vn -0.096593 0.025882 0.000000
vn -0.096593 0.025882 0.000000
vn -0.086603 0.050000 0.000000
vn -0.086603 0.050000 0.000000
vn -0.070711 0.070711 0.000000
vn -0.070711 0.070711 0.000000
vn -0.050000 0.086603 0.000000
vn -0.050000 0.086603 0.000000
vn -0.025882 0.096593 0.000000
vn -0.025882 0.096593 0.000000
vn 0.000000 0.100000 0.000000
vn 0.000000 0.100000 0.000000
vn 0.025882 0.096593 0.000000
vn 0.025882 0.096593 0.000000
vn 0.050000 0.086603 0.000000
vn 0.050000 0.086603 0.000000
vn 0.070711 0.070711 0.000000
vn 0.070711 0.070711 0.000000
vn 0.086603 0.050000 0.000000
vn 0.086603 0.050000 0.000000
vn 0.096593 0.025882 0.000000
vn 0.096593 0.025882 0.000000
vn 0.100000 0.000000 0.000000
vn 0.100000 0.000000 0.000000
vn 0.096593 -0.025882 0.000000
vn 0.096593 -0.025882 0.000000
vn 0.086603 -0.050000 0.000000
vn 0.086603 -0.050000 0.000000
vn 0.070711 -0.070711 0.000000
vn 0.070711 -0.070711 0.000000
vn 0.050000 -0.086603 0.000000
vn 0.050000 -0.086603 0.000000
vn 0.025882 -0.096593 0.000000
vn 0.025882 -0.096593 0.000000
vn 0.000000 -0.100000 0.000000
vn 0.000000 -0.100000 0.000000
vn -0.025882 -0.096593 0.000000
vn -0.025882 -0.096593 0.000000
vn -0.050000 -0.086603 0.000000
vn -0.050000 -0.086603 0.000000
vn -0.070711 -0.070711 0.000000
vn -0.070711 -0.070711 0.000000
vn -0.086603 -0.050000 0.000000
vn -0.086603 -0.050000 0.000000
vn 0.096593 -0.025882 0.000000
vn 0.100000 0.000000 0.000000
vn 0.096593 0.025882 0.000000
vn 0.086603 0.050000 0.000000
vn 0.070711 0.070711 0.000000
vn 0.050000 0.086603 0.000000
vn 0.025882 0.096593 0.000000
vn 0.000000 0.100000 0.000000
vn -0.025882 0.096593 0.000000
vn -0.050000 0.086603 0.000000
vn -0.070711 0.070711 0.000000
vn -0.086603 0.050000 0.000000
vn -0.096593 0.025882 0.000000
vn -0.100000 0.000000 0.000000
vn -0.096593 -0.025882 0.000000
vn -0.086603 -0.050000 0.000000
vn -0.070711 -0.070711 0.000000
vn -0.050000 -0.086603 0.000000
vn -0.025882 -0.096593 0.000000
vn 0.000000 -0.100000 0.000000
vn 0.025882 -0.096593 0.000000
vn 0.050000 -0.086603 0.000000
vn 0.070711 -0.070711 0.000000
vn 0.086603 -0.050000 0.000000
vn 0.086603 -0.050000 0.000000
vn 0.086603 -0.050000 0.000000
vn 0.095372 -0.030071 0.000000
vn 0.095372 -0.030071 0.000000
vn 0.099619 -0.008716 0.000000
vn 0.099619 -0.008716 0.000000
vn 0.099144 0.013053 0.000000
vn 0.099144 0.013053 0.000000
vn 0.093969 0.034202 0.000000
vn 0.093969 0.034202 0.000000
vn 0.084339 0.053730 0.000000
vn 0.084339 0.053730 0.000000
vn 0.070711 0.070711 0.000000
vn 0.070711 0.070711 0.000000
vn 0.053730 0.084339 0.000000
vn 0.053730 0.084339 0.000000
vn 0.034202 0.093969 0.000000
vn 0.034202 0.093969 0.000000
vn 0.013053 0.099144 0.000000
vn 0.013053 0.099144 0.000000
vn -0.008716 0.099619 -0.000000
vn -0.008716 0.099619 -0.000000
vn -0.030071 0.095372 -0.000000
vn -0.030071 0.095372 -0.000000
vn -0.050000 0.086603 -0.000000
vn -0.050000 0.086603 -0.000000
vn 0.100000 0.000000 0.000000
vn 0.100000 0.000000 0.000000
vn 0.100000 0.000000 0.000000
vn 0.100000 0.000000 0.000000
vn 0.100000 0.000000 0.000000
vn 0.100000 0.000000 0.000000
vn 0.100000 0.000000 0.000000
vn 0.100000 0.000000 0.000000
vn 0.000000 -0.100000 0.000000
vn 0.000000 -0.100000 0.000000
vn 0.017365 -0.098481 0.000000
vn 0.017365 -0.098481 0.000000
vn 0.034202 -0.093969 0.000000
vn 0.034202 -0.093969 0.000000
vn 0.050000 -0.086603 0.000000
vn 0.050000 -0.086603 0.000000
vn 0.064279 -0.076604 0.000000
vn 0.064279 -0.076604 0.000000
vn 0.076604 -0.064279 0.000000
vn 0.076604 -0.064279 0.000000
vn 0.086603 -0.050000 0.000000
vn 0.086603 -0.050000 0.000000
vn 0.093969 -0.034202 0.000000
vn 0.093969 -0.034202 0.000000
vn 0.098481 -0.017365 0.000000
vn 0.098481 -0.017365 0.000000
vn 0.000000 -0.100000 0.000000
vn 0.000000 -0.100000 0.000000
vn 0.000000 -0.100000 0.000000
vn 0.000000 -0.100000 0.000000
vn 0.000000 -0.100000 0.000000
vn 0.000000 -0.100000 0.000000
vn 0.000000 -0.100000 0.000000
vn 0.000000 -0.100000 0.000000
vn 0.000000 -0.100000 0.000000
vn 0.000000 -0.100000 0.000000
vn 0.000000 -0.100000 0.000000
vn 0.000000 -0.100000 0.000000
vn 0.000000 -0.100000 0.000000
vn 0.000000 -0.100000 0.000000
vn 0.000000 -0.100000 0.000000
vn 0.000000 -0.100000 0.000000
vn 0.000000 -0.100000 0.000000
vn 0.000000 -0.100000 0.000000
vn 0.000000 -0.100000 0.000000
vn 0.000000 -0.100000 0.000000
vn 0.000000 -0.100000 0.000000
vn 0.000000 -0.100000 0.000000
vn 0.000000 -0.100000 0.000000
vn 0.000000 -0.100000 0.000000
vn 0.000000 -0.100000 0.000000
vn 0.000000 -0.100000 0.000000
vn 0.000000 -0.100000 0.000000
vn 0.000000 -0.100000 0.000000
vn 0.000000 -0.100000 0.000000
vn 0.000000 -0.100000 0.000000
vn 0.000000 -0.100000 0.000000
vn 0.000000 -0.100000 0.000000
vn -0.100000 -0.000000 0.000000
vn -0.100000 0.000000 -0.000000
vn -0.098481 -0.017365 0.000000
vn -0.098481 -0.017365 0.000000
vn -0.093969 -0.034202 0.000000
vn -0.093969 -0.034202 0.000000
vn -0.086603 -0.050000 0.000000
vn -0.086603 -0.050000 0.000000
vn -0.076604 -0.064279 0.000000
vn -0.076604 -0.064279 0.000000
vn -0.064279 -0.076604 0.000000
vn -0.064279 -0.076604 0.000000
vn -0.050000 -0.086603 0.000000
vn -0.050000 -0.086603 0.000000
vn -0.034202 -0.093969 0.000000
vn -0.034202 -0.093969 0.000000
vn -0.017365 -0.098481 0.000000
vn -0.017365 -0.098481 0.000000
vn -0.050000 -0.086603 0.000000
vn -0.050000 -0.086603 0.000000
vn -0.030071 -0.095372 0.000000
vn -0.030071 -0.095372 0.000000
vn -0.008716 -0.099619 0.000000
vn -0.008716 -0.099619 0.000000
vn 0.013053 -0.099144 0.000000
vn 0.013053 -0.099144 0.000000
vn 0.034202 -0.093969 0.000000
vn 0.034202 -0.093969 0.000000
vn 0.053730 -0.084339 0.000000
vn 0.053730 -0.084339 0.000000
vn 0.070711 -0.070711 0.000000
vn 0.070711 -0.070711 0.000000
vn 0.084339 -0.053730 0.000000
vn 0.084339 -0.053730 0.000000
vn 0.093969 -0.034202 0.000000
vn 0.093969 -0.034202 0.000000
vn 0.099144 -0.013053 0.000000
vn 0.099144 -0.013053 0.000000
vn 0.099619 0.008716 0.000000
vn 0.099619 0.008716 0.000000
vn 0.095372 0.030071 0.000000
vn 0.095372 0.030071 0.000000
vn 0.086603 0.050000 0.000000
vn 0.086603 0.050000 0.000000
vn -0.100000 0.000000 0.000000
vn -0.100000 0.000000 0.000000
vn 0.100000 0.000000 0.000000
vn 0.100000 0.000000 0.000000
vn 0.100000 0.000000 0.000000
vn 0.100000 0.000000 0.000000
vn 0.000000 -0.100000 0.000000
vn 0.000000 -0.100000 0.000000
vn 0.000000 -0.100000 0.000000
vn 0.000000 -0.100000 0.000000
vn 0.000000 0.000000 -0.100000
vn 0.000000 0.000000 -0.100000
vn 0.000000 0.000000 -0.100000
vn 0.000000 0.000000 -0.100000
vn 0.000000 0.000000 -0.100000
vn 0.000000 0.000000 -0.100000
vn 0.000000 0.000000 -0.100000
vn 0.000000 0.000000 -0.100000
vn 0.000000 0.000000 -0.100000
vn 0.000000 0.000000 -0.100000
vn 0.000000 0.000000 -0.100000
vn 0.000000 0.000000 -0.100000
vn 0.000000 0.000000 -0.100000
vn 0.000000 0.000000 -0.100000
vn 0.000000 0.000000 -0.100000
vn 0.000000 0.000000 -0.100000
vn 0.000000 0.000000 -0.100000
vn 0.000000 0.000000 -0.100000
vn 0.000000 0.000000 -0.100000
vn 0.000000 0.000000 -0.100000
vn 0.000000 0.000000 -0.100000
vn 0.000000 0.000000 -0.100000
vn 0.000000 0.000000 -0.100000
vn 0.000000 0.000000 -0.100000
vn 0.000000 0.000000 -0.100000
vn 0.000000 0.000000 -0.100000
vn 0.000000 0.000000 -0.100000
vn 0.000000 0.000000 -0.100000
vn 0.000000 0.000000 -0.100000
vn 0.000000 0.000000 -0.100000
vn 0.000000 0.000000 -0.100000
vn 0.000000 0.000000 -0.100000
vn 0.000000 0.000000 -0.100000
vn 0.000000 0.000000 -0.100000
vn 0.000000 0.000000 -0.100000
vn 0.000000 0.000000 -0.100000
vn 0.000000 0.000000 -0.100000
vn 0.000000 0.000000 -0.100000
vn 0.000000 0.000000 -0.100000
vn 0.000000 0.000000 -0.100000
vn 0.000000 0.000000 -0.100000
vn 0.000000 0.000000 -0.100000
vn 0.000000 0.000000 -0.100000
vn 0.000000 0.000000 -0.100000
vn 0.000000 0.000000 -0.100000
vn 0.000000 0.000000 -0.100000
vn 0.000000 0.000000 -0.100000
vn 0.000000 0.000000 -0.100000
vn 0.000000 0.000000 -0.100000
vn 0.000000 0.000000 -0.100000
vn 0.000000 0.000000 -0.100000
vn 0.000000 0.000000 -0.100000
vn 0.000000 0.000000 -0.100000
vn 0.000000 0.000000 -0.100000
vn 0.000000 0.000000 -0.100000
vn 0.000000 0.000000 -0.100000
vn 0.000000 0.000000 -0.100000
vn 0.000000 0.000000 -0.100000
vn 0.000000 0.000000 -0.100000
vn 0.000000 0.000000 -0.100000
vn 0.000000 0.000000 -0.100000
vn 0.000000 0.000000 -0.100000
vn 0.000000 0.000000 -0.100000
vn 0.000000 0.000000 -0.100000
vn 0.000000 0.000000 -0.100000
vn 0.000000 0.000000 -0.100000
vn 0.000000 0.000000 -0.100000
vn 0.000000 0.000000 -0.100000
vn 0.000000 0.000000 -0.100000
vn 0.000000 0.000000 -0.100000
vn 0.000000 0.000000 -0.100000
vn 0.000000 0.000000 -0.100000
vn 0.000000 0.000000 -0.100000
vn 0.000000 0.000000 -0.100000
vn 0.000000 0.000000 -0.100000
vn 0.000000 0.000000 -0.100000
vn 0.000000 0.000000 -0.100000
vn 0.000000 0.000000 -0.100000
vn 0.000000 0.000000 -0.100000
vn 0.000000 0.000000 -0.100000
vn 0.000000 0.000000 -0.100000
vn 0.000000 0.000000 -0.100000
vn 0.000000 0.000000 -0.100000
vn 0.000000 0.000000 -0.100000
vn 0.000000 0.000000 -0.100000
vn 0.000000 0.000000 -0.100000
vn 0.000000 0.000000 -0.100000
vn 0.000000 0.000000 -0.100000
vn 0.000000 0.000000 -0.100000
vn 0.000000 0.000000 -0.100000
vn 0.000000 0.000000 -0.100000
vn 0.000000 0.000000 -0.100000
vn 0.000000 0.000000 -0.100000
vn 0.000000 0.000000 -0.100000
vn 0.000000 0.000000 -0.100000
vn 0.000000 0.000000 -0.100000
vn 0.000000 0.000000 -0.100000
vn 0.000000 0.000000 -0.100000
vn 0.000000 0.000000 -0.100000
vn 0.000000 0.000000 -0.100000
vn 0.000000 0.000000 -0.100000
vn 0.000000 0.000000 -0.100000
vn 0.000000 0.000000 -0.100000
vn 0.000000 0.000000 -0.100000
vn 0.000000 0.000000 -0.100000
vn 0.000000 0.000000 -0.100000
vn 0.000000 0.000000 -0.100000
vn 0.000000 0.000000 -0.100000
vn 0.000000 0.000000 -0.100000
vn 0.000000 0.000000 -0.100000
vn 0.000000 0.000000 -0.100000
vn 0.000000 0.000000 -0.100000
vn 0.000000 0.000000 -0.100000
vn 0.000000 0.000000 -0.100000
vn 0.000000 0.000000 -0.100000
vn 0.000000 0.000000 -0.100000
vn 0.000000 0.000000 -0.100000
vn 0.000000 0.000000 -0.100000
vn 0.000000 0.000000 -0.100000
vn 0.000000 0.000000 -0.100000
vn 0.000000 0.000000 -0.100000
vn 0.000000 0.000000 -0.100000
vn 0.000000 0.000000 -0.100000
vn 0.000000 0.000000 -0.100000
vn 0.000000 0.000000 -0.100000
vn 0.000000 0.000000 -0.100000
vn 0.000000 0.000000 -0.100000
vn 0.000000 0.000000 -0.100000
vn 0.000000 0.000000 -0.100000
vn 0.000000 0.000000 -0.100000
vn 0.000000 0.000000 -0.100000
vn 0.000000 0.000000 -0.100000
vn 0.000000 0.000000 -0.100000
vn 0.000000 0.000000 -0.100000
vn 0.000000 0.000000 -0.100000
vn 0.000000 0.000000 -0.100000
vn 0.000000 0.000000 -0.100000
vn 0.000000 0.000000 -0.100000
vn 0.000000 0.000000 -0.100000
vn 0.000000 0.000000 -0.100000
vn 0.000000 0.000000 -0.100000
vn 0.000000 0.000000 -0.100000
vn 0.000000 0.000000 -0.100000
vn 0.000000 0.000000 -0.100000
vn 0.000000 0.000000 -0.100000
vn 0.000000 0.000000 -0.100000
vn 0.000000 0.000000 -0.100000
vn 0.000000 0.000000 -0.100000
vn 0.000000 0.000000 -0.100000
vn 0.000000 0.000000 -0.100000
vn 0.000000 0.000000 -0.100000
vn 0.000000 0.000000 -0.100000
vn 0.000000 0.000000 -0.100000
vn 0.000000 0.000000 -0.100000
vn 0.000000 0.000000 -0.100000
vn 0.000000 0.000000 -0.100000
vn 0.000000 0.000000 -0.100000
vn 0.000000 0.000000 -0.100000
vn 0.000000 0.000000 -0.100000
vn 0.000000 0.000000 -0.100000
vn 0.000000 0.000000 -0.100000
vn 0.000000 0.000000 -0.100000
vn 0.000000 0.000000 -0.100000
vn 0.000000 0.000000 -0.100000
vn 0.000000 0.000000 -0.100000
vn 0.000000 0.000000 -0.100000
vn 0.000000 0.000000 -0.100000
vn 0.000000 0.000000 -0.100000
vn 0.000000 0.000000 -0.100000
vn 0.000000 0.000000 -0.100000
vn 0.000000 0.000000 -0.100000
vn 0.000000 0.000000 -0.100000
vn 0.098481 0.017365 0.000000
vn 0.098481 0.017365 0.000000
vn 0.093969 0.034202 0.000000
vn 0.093969 0.034202 0.000000
vn 0.086603 0.050000 0.000000
vn 0.086603 0.050000 0.000000
vn 0.076604 0.064279 0.000000
vn 0.076604 0.064279 0.000000
vn 0.064279 0.076604 0.000000
vn 0.064279 0.076604 0.000000
vn 0.050000 0.086603 0.000000
vn 0.050000 0.086603 0.000000
vn 0.034202 0.093969 0.000000
vn 0.034202 0.093969 0.000000
vn 0.017365 0.098481 0.000000
vn 0.017365 0.098481 0.000000
vn 0.000000 0.100000 0.000000
vn 0.000000 0.100000 0.000000
vn 0.000000 0.100000 0.000000
vn 0.000000 0.100000 0.000000
vn -0.017365 0.098481 -0.000000
vn -0.017365 0.098481 -0.000000
vn -0.034202 0.093969 -0.000000
vn -0.034202 0.093969 -0.000000
vn -0.050000 0.086603 -0.000000
vn -0.050000 0.086603 -0.000000
vn -0.064279 0.076604 -0.000000
vn -0.064279 0.076604 -0.000000
vn -0.076604 0.064279 -0.000000
vn -0.076604 0.064279 -0.000000
vn -0.086603 0.050000 -0.000000
vn -0.086603 0.050000 -0.000000
vn -0.093969 0.034202 -0.000000
vn -0.093969 0.034202 -0.000000
vn -0.098481 0.017365 -0.000000
vn -0.098481 0.017365 -0.000000
usemtl Steel_-_Satin
f 2/1/1 179/2/2 1/3/3
f 1/3/3 179/2/2 180/4/4
f 1/3/3 180/4/4 181/5/5
f 179/2/2 2/1/1 178/6/6
f 178/6/6 2/1/1 3/7/7
f 178/6/6 3/7/7 177/8/8
f 177/8/8 3/7/7 4/9/9
f 177/8/8 4/9/9 176/10/10
f 176/10/10 4/9/9 5/11/11
f 176/10/10 5/11/11 175/12/12
f 175/12/12 5/11/11 6/13/13
f 175/12/12 6/13/13 174/14/14
f 174/14/14 6/13/13 7/15/15
f 174/14/14 7/15/15 8/16/16
f 174/14/14 8/16/16 173/17/17
f 173/17/17 8/16/16 9/18/18
f 173/17/17 9/18/18 172/19/19
f 172/19/19 9/18/18 10/20/20
f 172/19/19 10/20/20 171/21/21
f 171/21/21 10/20/20 11/22/22
f 171/21/21 11/22/22 170/23/23
f 170/23/23 11/22/22 12/24/24
f 170/23/23 12/24/24 169/25/25
f 169/25/25 12/24/24 13/26/26
f 169/25/25 13/26/26 168/27/27
f 168/27/27 13/26/26 167/28/28
f 167/28/28 13/26/26 74/29/29
f 167/28/28 74/29/29 166/30/30
f 166/30/30 74/29/29 165/31/31
f 165/31/31 74/29/29 75/32/32
f 165/31/31 75/32/32 188/33/33
f 188/33/33 75/32/32 76/34/34
f 188/33/33 76/34/34 187/35/35
f 187/35/35 76/34/34 77/36/36
f 187/35/35 77/36/36 78/37/37
f 74/29/29 13/26/26 73/38/38
f 73/38/38 13/26/26 14/39/39
f 73/38/38 14/39/39 163/40/40
f 163/40/40 14/39/39 162/41/41
f 162/41/41 14/39/39 161/42/42
f 161/42/42 14/39/39 15/43/43
f 161/42/42 15/43/43 160/44/44
f 160/44/44 15/43/43 16/45/45
f 160/44/44 16/45/45 159/46/46
f 159/46/46 16/45/45 17/47/47
f 159/46/46 17/47/47 158/48/48
f 158/48/48 17/47/47 18/49/49
f 158/48/48 18/49/49 157/50/50
f 157/50/50 18/49/49 19/51/51
f 157/50/50 19/51/51 156/52/52
f 156/52/52 19/51/51 20/53/53
f 156/52/52 20/53/53 21/54/54
f 156/52/52 21/54/54 155/55/55
f 155/55/55 21/54/54 22/56/56
f 155/55/55 22/56/56 154/57/57
f 154/57/57 22/56/56 23/58/58
f 154/57/57 23/58/58 153/59/59
f 153/59/59 23/58/58 24/60/60
f 153/59/59 24/60/60 152/61/61
f 152/61/61 24/60/60 25/62/62
f 152/61/61 25/62/62 151/63/63
f 151/63/63 25/62/62 26/64/64
f 151/63/63 26/64/64 150/65/65
f 150/65/65 26/64/64 149/66/66
f 149/66/66 26/64/64 64/67/67
f 149/66/66 64/67/67 148/68/68
f 148/68/68 64/67/67 147/69/69
f 147/69/69 64/67/67 65/70/70
f 147/69/69 65/70/70 146/71/71
f 146/71/71 65/70/70 66/72/72
f 146/71/71 66/72/72 145/73/73
f 145/73/73 66/72/72 67/74/74
f 145/73/73 67/74/74 68/75/75
f 26/64/64 27/76/76 64/67/67
f 64/67/67 27/76/76 63/77/77
f 63/77/77 27/76/76 121/78/78
f 63/77/77 121/78/78 122/79/79
f 28/80/80 119/81/81 27/76/76
f 27/76/76 119/81/81 120/82/82
f 27/76/76 120/82/82 121/78/78
f 119/81/81 28/80/80 118/83/83
f 118/83/83 28/80/80 29/84/84
f 118/83/83 29/84/84 117/85/85
f 117/85/85 29/84/84 30/86/86
f 117/85/85 30/86/86 140/87/87
f 140/87/87 30/86/86 31/88/88
f 140/87/87 31/88/88 139/89/89
f 139/89/89 31/88/88 32/90/90
f 139/89/89 32/90/90 138/91/91
f 138/91/91 32/90/90 33/92/92
f 138/91/91 33/92/92 34/93/93
f 138/91/91 34/93/93 137/94/94
f 137/94/94 34/93/93 35/95/95
f 137/94/94 35/95/95 136/96/96
f 136/96/96 35/95/95 36/97/97
f 136/96/96 36/97/97 135/98/98
f 135/98/98 36/97/97 37/99/99
f 135/98/98 37/99/99 134/100/100
f 134/100/100 37/99/99 38/101/101
f 134/100/100 38/101/101 133/102/102
f 133/102/102 38/101/101 39/103/103
f 133/102/102 39/103/103 132/104/104
f 132/104/104 39/103/103 131/105/105
f 131/105/105 39/103/103 54/106/106
f 131/105/105 54/106/106 130/107/107
f 130/107/107 54/106/106 129/108/108
f 129/108/108 54/106/106 55/109/109
f 129/108/108 55/109/109 128/110/110
f 128/110/110 55/109/109 56/111/111
f 128/110/110 56/111/111 127/112/112
f 127/112/112 56/111/111 57/113/113
f 127/112/112 57/113/113 58/114/114
f 39/103/103 40/115/115 54/106/106
f 54/106/106 40/115/115 53/116/116
f 53/116/116 40/115/115 103/117/117
f 53/116/116 103/117/117 104/118/118
f 41/119/119 101/120/120 40/115/115
f 40/115/115 101/120/120 102/121/121
f 40/115/115 102/121/121 103/117/117
f 101/120/120 41/119/119 100/122/122
f 100/122/122 41/119/119 42/123/123
f 100/122/122 42/123/123 99/124/124
f 99/124/124 42/123/123 43/125/125
f 99/124/124 43/125/125 98/126/126
f 98/126/126 43/125/125 44/127/127
f 98/126/126 44/127/127 97/128/128
f 97/128/128 44/127/127 45/129/129
f 97/128/128 45/129/129 96/130/130
f 96/130/130 45/129/129 46/131/131
f 96/130/130 46/131/131 47/132/132
f 96/130/130 47/132/132 95/133/133
f 95/133/133 47/132/132 48/134/134
f 95/133/133 48/134/134 94/135/135
f 94/135/135 48/134/134 49/136/136
f 94/135/135 49/136/136 93/137/137
f 93/137/137 49/136/136 50/138/138
f 93/137/137 50/138/138 116/139/139
f 116/139/139 50/138/138 51/140/140
f 116/139/139 51/140/140 115/141/141
f 115/141/141 51/140/140 52/142/142
f 115/141/141 52/142/142 114/143/143
f 114/143/143 52/142/142 113/144/144
f 113/144/144 52/142/142 84/145/145
f 113/144/144 84/145/145 112/146/146
f 112/146/146 84/145/145 111/147/147
f 111/147/147 84/145/145 85/148/148
f 111/147/147 85/148/148 110/149/149
f 110/149/149 85/148/148 86/150/150
f 110/149/149 86/150/150 109/151/151
f 109/151/151 86/150/150 87/152/152
f 109/151/151 87/152/152 88/153/153
f 52/142/142 1/3/3 84/145/145
f 84/145/145 1/3/3 83/154/154
f 83/154/154 1/3/3 181/5/5
f 83/154/154 181/5/5 182/155/155
f 127/112/112 58/114/114 126/156/156
f 126/156/156 58/114/114 59/157/157
f 126/156/156 59/157/157 125/158/158
f 125/158/158 59/157/157 60/159/159
f 125/158/158 60/159/159 61/160/160
f 125/158/158 61/160/160 124/161/161
f 124/161/161 61/160/160 62/162/162
f 124/161/161 62/162/162 123/163/163
f 123/163/163 62/162/162 63/77/77
f 123/163/163 63/77/77 122/79/79
f 145/73/73 68/75/75 144/164/164
f 144/164/164 68/75/75 69/165/165
f 144/164/164 69/165/165 143/166/166
f 143/166/166 69/165/165 70/167/167
f 143/166/166 70/167/167 71/168/168
f 143/166/166 71/168/168 142/169/169
f 142/169/169 71/168/168 72/170/170
f 142/169/169 72/170/170 141/171/171
f 141/171/171 72/170/170 73/38/38
f 141/171/171 73/38/38 164/172/172
f 164/172/172 73/38/38 163/40/40
f 187/35/35 78/37/37 186/173/173
f 186/173/173 78/37/37 79/174/174
f 186/173/173 79/174/174 185/175/175
f 185/175/175 79/174/174 80/176/176
f 185/175/175 80/176/176 81/177/177
f 185/175/175 81/177/177 184/178/178
f 184/178/178 81/177/177 82/179/179
f 184/178/178 82/179/179 183/180/180
f 183/180/180 82/179/179 83/154/154
f 183/180/180 83/154/154 182/155/155
f 109/151/151 88/153/153 108/181/181
f 108/181/181 88/153/153 89/182/182
f 108/181/181 89/182/182 107/183/183
f 107/183/183 89/182/182 90/184/184
f 107/183/183 90/184/184 91/185/185
f 107/183/183 91/185/185 106/186/186
f 106/186/186 91/185/185 92/187/187
f 106/186/186 92/187/187 105/188/188
f 105/188/188 92/187/187 53/116/116
f 105/188/188 53/116/116 104/118/118
f 189/189/189 190/190/190 192/191/191
f 192/191/191 190/190/190 191/192/192
f 190/193/193 193/194/194 191/195/195
f 191/195/195 193/194/194 194/196/196
f 193/197/197 195/198/198 194/199/199
f 194/199/199 195/198/198 196/200/200
f 195/201/201 189/202/202 196/203/203
f 196/203/203 189/202/202 192/204/204
f 197/205/205 198/206/206 216/207/207
f 216/207/207 198/206/206 199/208/208
f 216/207/207 199/208/208 200/209/209
f 216/207/207 200/209/209 215/210/210
f 215/210/210 200/209/209 201/211/211
f 215/210/210 201/211/211 214/212/212
f 214/212/212 201/211/211 213/213/213
f 213/213/213 201/211/211 202/214/214
f 213/213/213 202/214/214 212/215/215
f 212/215/215 202/214/214 203/216/216
f 212/215/215 203/216/216 204/217/217
f 212/215/215 204/217/217 211/218/218
f 211/218/218 204/217/217 205/219/219
f 211/218/218 205/219/219 210/220/220
f 210/220/220 205/219/219 209/221/221
f 209/221/221 205/219/219 206/222/222
f 209/221/221 206/222/222 208/223/223
f 208/223/223 206/222/222 207/224/224
f 217/225/225 218/226/226 236/227/227
f 236/227/227 218/226/226 219/228/228
f 236/227/227 219/228/228 235/229/229
f 235/229/229 219/228/228 220/230/230
f 235/229/229 220/230/230 221/231/231
f 235/229/229 221/231/231 234/232/232
f 234/232/232 221/231/231 222/233/233
f 234/232/232 222/233/233 233/234/234
f 233/234/234 222/233/233 232/235/235
f 232/235/235 222/233/233 223/236/236
f 232/235/235 223/236/236 231/237/237
f 231/237/237 223/236/236 224/238/238
f 231/237/237 224/238/238 225/239/239
f 231/237/237 225/239/239 230/240/240
f 230/240/240 225/239/239 226/241/241
f 230/240/240 226/241/241 229/242/242
f 229/242/242 226/241/241 228/243/243
f 228/243/243 226/241/241 227/244/244
f 198/245/206 227/246/244 199/247/245
f 199/247/245 227/246/244 238/248/246
f 199/247/245 238/248/246 200/249/247
f 200/249/247 238/248/246 240/250/248
f 200/249/247 240/250/248 201/251/249
f 201/251/249 240/250/248 242/252/250
f 201/251/249 242/252/250 202/253/251
f 202/253/251 242/252/250 203/254/252
f 203/254/252 242/252/250 244/255/253
f 203/254/252 244/255/253 204/256/254
f 204/256/254 244/255/253 246/257/255
f 204/256/254 246/257/255 205/258/256
f 205/258/256 246/257/255 206/259/257
f 206/259/257 246/257/255 245/260/258
f 206/259/257 245/260/258 220/261/259
f 220/261/259 245/260/258 221/262/260
f 221/262/260 245/260/258 243/263/261
f 221/262/260 243/263/261 222/264/262
f 222/264/262 243/263/261 241/265/263
f 222/264/262 241/265/263 223/266/264
f 223/266/264 241/265/263 224/267/265
f 224/267/265 241/265/263 239/268/266
f 224/267/265 239/268/266 225/269/267
f 225/269/267 239/268/266 237/270/268
f 225/269/267 237/270/268 226/271/269
f 226/271/269 237/270/268 227/246/244
f 227/246/244 237/270/268 238/248/246
f 220/261/259 219/272/270 206/259/257
f 206/259/257 219/272/270 218/273/271
f 206/259/257 218/273/271 207/274/272
f 240/250/248 238/248/246 237/270/268
f 242/252/250 240/250/248 239/268/266
f 239/268/266 240/250/248 237/270/268
f 244/255/253 242/252/250 241/265/263
f 241/265/263 242/252/250 239/268/266
f 246/257/255 244/255/253 243/263/261
f 243/263/261 244/255/253 241/265/263
f 245/260/258 246/257/255 243/263/261
f 228/275/243 197/276/205 229/277/273
f 229/277/273 197/276/205 248/278/274
f 229/277/273 248/278/274 230/279/275
f 230/279/275 248/278/274 250/280/276
f 230/279/275 250/280/276 231/281/277
f 231/281/277 250/280/276 252/282/278
f 231/281/277 252/282/278 232/283/279
f 232/283/279 252/282/278 233/284/280
f 233/284/280 252/282/278 254/285/281
f 233/284/280 254/285/281 234/286/282
f 234/286/282 254/285/281 256/287/283
f 234/286/282 256/287/283 235/288/284
f 235/288/284 256/287/283 236/289/285
f 236/289/285 256/287/283 255/290/286
f 236/289/285 255/290/286 210/291/287
f 210/291/287 255/290/286 211/292/288
f 211/292/288 255/290/286 253/293/289
f 211/292/288 253/293/289 212/294/290
f 212/294/290 253/293/289 251/295/291
f 212/294/290 251/295/291 213/296/292
f 213/296/292 251/295/291 214/297/293
f 214/297/293 251/295/291 249/298/294
f 214/297/293 249/298/294 215/299/295
f 215/299/295 249/298/294 247/300/296
f 215/299/295 247/300/296 216/301/297
f 216/301/297 247/300/296 197/276/205
f 197/276/205 247/300/296 248/278/274
f 210/291/287 209/302/298 236/289/285
f 236/289/285 209/302/298 208/303/299
f 236/289/285 208/303/299 217/304/300
f 250/280/276 248/278/274 247/300/296
f 252/282/278 250/280/276 249/298/294
f 249/298/294 250/280/276 247/300/296
f 254/285/281 252/282/278 251/295/291
f 251/295/291 252/282/278 249/298/294
f 256/287/283 254/285/281 253/293/289
f 253/293/289 254/285/281 251/295/291
f 255/290/286 256/287/283 253/293/289
f 207/305/272 218/306/271 258/307/301
f 258/307/301 218/306/271 257/308/302
f 218/309/226 217/310/225 257/311/303
f 257/311/303 217/310/225 259/312/304
f 311/313/305 260/314/306 310/315/307
f 310/315/307 260/314/306 261/316/308
f 310/315/307 261/316/308 309/317/309
f 309/317/309 261/316/308 262/318/310
f 309/317/309 262/318/310 227/319/244
f 227/319/244 262/318/310 263/320/311
f 227/319/244 263/320/311 228/321/243
f 228/321/243 263/320/311 264/322/312
f 228/321/243 264/322/312 265/323/313
f 265/323/313 266/324/314 228/321/243
f 228/321/243 266/324/314 267/325/315
f 228/321/243 267/325/315 268/326/316
f 268/326/316 269/327/317 228/321/243
f 228/321/243 269/327/317 270/328/318
f 228/321/243 270/328/318 271/329/319
f 228/321/243 271/329/319 274/330/320
f 274/330/320 271/329/319 272/331/321
f 274/330/320 272/331/321 273/332/322
f 274/330/320 275/333/323 228/321/243
f 228/321/243 275/333/323 197/334/205
f 197/334/205 275/333/323 276/335/324
f 197/334/205 276/335/324 277/336/325
f 277/336/325 278/337/326 197/334/205
f 197/334/205 278/337/326 279/338/327
f 197/334/205 279/338/327 280/339/328
f 280/339/328 281/340/329 197/334/205
f 197/334/205 281/340/329 282/341/330
f 197/334/205 282/341/330 198/342/206
f 198/342/206 282/341/330 283/343/331
f 198/342/206 283/343/331 284/344/332
f 198/342/206 284/344/332 287/345/333
f 287/345/333 284/344/332 285/346/334
f 287/345/333 285/346/334 286/347/335
f 287/345/333 288/348/336 198/342/206
f 198/342/206 288/348/336 289/349/337
f 198/342/206 289/349/337 290/350/338
f 290/350/338 291/351/339 198/342/206
f 198/342/206 291/351/339 292/352/340
f 198/342/206 292/352/340 293/353/341
f 293/353/341 294/354/342 198/342/206
f 198/342/206 294/354/342 227/319/244
f 227/319/244 294/354/342 303/355/343
f 227/319/244 303/355/343 304/356/344
f 294/354/342 295/357/345 303/355/343
f 303/355/343 295/357/345 302/358/346
f 302/358/346 295/357/345 296/359/347
f 302/358/346 296/359/347 301/360/348
f 301/360/348 296/359/347 300/361/349
f 300/361/349 296/359/347 297/362/350
f 300/361/349 297/362/350 299/363/351
f 299/363/351 297/362/350 298/364/352
f 304/356/344 305/365/353 227/319/244
f 227/319/244 305/365/353 306/366/354
f 227/319/244 306/366/354 307/367/355
f 307/367/355 308/368/356 227/319/244
f 227/319/244 308/368/356 309/317/309
f 217/369/300 208/370/299 259/371/357
f 259/371/357 208/370/299 312/372/358
f 208/373/223 207/374/224 312/375/359
f 312/375/359 207/374/224 258/376/360
f 258/377/361 257/378/362 312/379/363
f 312/379/363 257/378/362 259/380/364
f 1/381/365 298/382/366 2/383/367
f 2/383/367 298/382/366 297/384/368
f 2/383/367 297/384/368 3/385/369
f 3/385/369 297/384/368 296/386/370
f 3/385/369 296/386/370 4/387/371
f 4/387/371 296/386/370 295/388/372
f 4/387/371 295/388/372 5/389/373
f 5/389/373 295/388/372 294/390/374
f 5/389/373 294/390/374 6/391/375
f 6/391/375 294/390/374 293/392/376
f 6/391/375 293/392/376 7/393/377
f 7/393/377 293/392/376 292/394/378
f 7/393/377 292/394/378 8/395/379
f 8/395/379 292/394/378 291/396/380
f 8/395/379 291/396/380 9/397/381
f 9/397/381 291/396/380 290/398/382
f 9/397/381 290/398/382 10/399/383
f 10/399/383 290/398/382 289/400/384
f 10/399/383 289/400/384 11/401/385
f 11/401/385 289/400/384 288/402/386
f 11/401/385 288/402/386 12/403/387
f 12/403/387 288/402/386 287/404/388
f 12/403/387 287/404/388 13/405/389
f 13/405/389 287/404/388 286/406/390
f 196/407/391 192/408/392 285/409/393
f 285/409/393 192/408/392 191/410/394
f 285/409/393 191/410/394 286/411/395
f 286/411/395 191/410/394 194/412/396
f 286/411/395 194/412/396 13/413/397
f 13/413/397 194/412/396 14/414/398
f 14/414/398 194/412/396 196/407/391
f 14/414/398 196/407/391 285/409/393
f 14/415/399 285/416/400 15/417/401
f 15/417/401 285/416/400 284/418/402
f 15/417/401 284/418/402 16/419/403
f 16/419/403 284/418/402 283/420/404
f 16/419/403 283/420/404 17/421/405
f 17/421/405 283/420/404 282/422/406
f 17/421/405 282/422/406 18/423/407
f 18/423/407 282/422/406 281/424/408
f 18/423/407 281/424/408 19/425/409
f 19/425/409 281/424/408 280/426/410
f 19/425/409 280/426/410 20/427/411
f 20/427/411 280/426/410 279/428/412
f 20/427/411 279/428/412 21/429/413
f 21/429/413 279/428/412 278/430/414
f 21/429/413 278/430/414 22/431/415
f 22/431/415 278/430/414 277/432/416
f 22/431/415 277/432/416 23/433/417
f 23/433/417 277/432/416 276/434/418
f 23/433/417 276/434/418 24/435/419
f 24/435/419 276/434/418 275/436/420
f 24/435/419 275/436/420 25/437/421
f 25/437/421 275/436/420 274/438/422
f 25/437/421 274/438/422 26/439/423
f 26/439/423 274/438/422 273/440/424
f 272/441/425 320/442/426 273/443/427
f 273/443/427 320/442/426 321/444/428
f 273/443/427 321/444/428 322/445/429
f 27/446/430 338/447/431 272/441/425
f 272/441/425 338/447/431 339/448/432
f 272/441/425 339/448/432 340/449/433
f 26/450/434 336/451/435 27/446/430
f 27/446/430 336/451/435 337/452/436
f 27/446/430 337/452/436 338/447/431
f 273/443/427 333/453/437 26/450/434
f 26/450/434 333/453/437 334/454/438
f 26/450/434 334/454/438 335/455/439
f 342/456/440 313/457/441 272/441/425
f 272/441/425 313/457/441 314/458/442
f 272/441/425 314/458/442 315/459/443
f 315/459/443 316/460/444 272/441/425
f 272/441/425 316/460/444 317/461/445
f 272/441/425 317/461/445 318/462/446
f 318/462/446 319/463/447 272/441/425
f 272/441/425 319/463/447 320/442/426
f 322/445/429 323/464/448 273/443/427
f 273/443/427 323/464/448 324/465/449
f 273/443/427 324/465/449 325/466/450
f 325/466/450 326/467/451 273/443/427
f 273/443/427 326/467/451 327/468/452
f 273/443/427 327/468/452 328/469/453
f 328/469/453 329/470/454 273/443/427
f 273/443/427 329/470/454 330/471/455
f 273/443/427 330/471/455 331/472/456
f 331/472/456 332/473/457 273/443/427
f 273/443/427 332/473/457 333/453/437
f 335/455/439 336/451/435 26/450/434
f 340/449/433 341/474/458 272/441/425
f 272/441/425 341/474/458 342/456/440
f 343/475/459 344/476/460 313/477/461
f 313/477/461 344/476/460 314/478/462
f 344/476/460 345/479/463 314/480/462
f 314/480/462 345/479/463 315/481/464
f 315/481/464 345/479/463 316/482/465
f 316/482/465 345/479/463 346/483/466
f 316/482/465 346/483/466 317/484/467
f 317/484/467 346/483/466 347/485/468
f 317/484/467 347/485/468 318/486/469
f 318/486/469 347/485/468 348/487/470
f 318/486/469 348/487/470 319/488/471
f 319/488/471 348/487/470 349/489/472
f 319/488/471 349/489/472 320/490/473
f 320/490/473 349/489/472 350/491/474
f 350/492/475 351/493/476 320/494/477
f 320/494/477 351/493/476 321/495/478
f 351/493/479 352/496/480 321/497/481
f 321/497/481 352/496/480 322/498/482
f 322/498/482 352/496/480 323/499/483
f 323/499/483 352/496/480 353/500/484
f 323/499/483 353/500/484 324/501/485
f 324/501/485 353/500/484 354/502/486
f 324/501/485 354/502/486 325/503/487
f 325/503/487 354/502/486 355/504/488
f 325/503/487 355/504/488 326/505/489
f 326/505/489 355/504/488 356/506/490
f 326/505/489 356/506/490 327/507/491
f 327/507/491 356/506/490 357/508/492
f 357/509/492 358/510/493 327/511/491
f 327/511/491 358/510/493 328/512/494
f 358/510/495 359/513/496 328/514/497
f 328/514/497 359/513/496 329/515/498
f 329/515/498 359/513/496 360/516/499
f 329/515/498 360/516/499 330/517/500
f 330/517/500 360/516/499 361/518/501
f 330/517/500 361/518/501 331/519/502
f 331/519/502 361/518/501 362/520/503
f 331/519/502 362/520/503 332/521/504
f 332/521/504 362/520/503 363/522/505
f 332/521/504 363/522/505 333/523/506
f 333/523/506 363/522/505 364/524/507
f 333/523/506 364/524/507 334/525/508
f 334/525/508 364/524/507 335/526/509
f 335/526/509 364/524/507 365/527/510
f 365/528/510 366/529/511 335/530/509
f 335/530/509 366/529/511 336/531/512
f 366/529/511 367/532/513 336/533/512
f 336/533/512 367/532/513 337/534/514
f 337/534/514 367/532/513 368/535/515
f 337/534/514 368/535/515 338/536/516
f 338/536/516 368/535/515 369/537/517
f 338/536/516 369/537/517 339/538/518
f 339/538/518 369/537/517 370/539/519
f 339/538/518 370/539/519 340/540/520
f 340/540/520 370/539/519 371/541/521
f 340/540/520 371/541/521 341/542/522
f 341/542/522 371/541/521 372/543/523
f 341/542/522 372/543/523 342/544/524
f 342/544/524 372/543/523 313/545/525
f 313/545/525 372/543/523 343/546/526
f 405/547/527 373/548/528 406/549/529
f 406/549/529 373/548/528 374/550/530
f 406/549/529 374/550/530 429/551/531
f 429/551/531 374/550/530 375/552/532
f 429/551/531 375/552/532 428/553/533
f 428/553/533 375/552/532 376/554/534
f 428/553/533 376/554/534 427/555/535
f 427/555/535 376/554/534 377/556/536
f 427/555/535 377/556/536 378/557/537
f 427/555/535 378/557/537 426/558/538
f 426/558/538 378/557/537 379/559/539
f 426/558/538 379/559/539 425/560/540
f 425/560/540 379/559/539 380/561/541
f 425/560/540 380/561/541 381/562/542
f 425/560/540 381/562/542 424/563/543
f 424/563/543 381/562/542 382/564/544
f 424/563/543 382/564/544 423/565/545
f 423/565/545 382/564/544 383/566/546
f 423/565/545 383/566/546 422/567/547
f 422/567/547 383/566/546 384/568/548
f 422/567/547 384/568/548 385/569/549
f 422/567/547 385/569/549 421/570/550
f 421/570/550 385/569/549 386/571/551
f 421/570/550 386/571/551 420/572/552
f 420/572/552 386/571/551 387/573/553
f 420/572/552 387/573/553 419/574/554
f 419/574/554 387/573/553 388/575/555
f 419/574/554 388/575/555 389/576/556
f 419/574/554 389/576/556 418/577/557
f 418/578/557 389/579/556 390/580/558
f 418/578/557 390/580/558 417/581/559
f 417/581/559 390/580/558 391/582/560
f 417/581/559 391/582/560 392/583/561
f 417/581/559 392/583/561 416/584/562
f 416/584/562 392/583/561 393/585/563
f 416/584/562 393/585/563 415/586/564
f 415/586/564 393/585/563 394/587/565
f 415/586/564 394/587/565 414/588/566
f 414/588/566 394/587/565 395/589/567
f 414/588/566 395/589/567 396/590/568
f 414/588/566 396/590/568 413/591/569
f 413/591/569 396/590/568 397/592/570
f 413/591/569 397/592/570 412/593/571
f 412/593/571 397/592/570 398/594/572
f 412/593/571 398/594/572 411/595/573
f 411/595/573 398/594/572 399/596/574
f 411/595/573 399/596/574 400/597/575
f 411/595/573 400/597/575 410/598/576
f 410/598/576 400/597/575 401/599/577
f 410/598/576 401/599/577 409/600/578
f 409/600/578 401/599/577 402/601/579
f 409/600/578 402/601/579 403/602/580
f 409/600/578 403/602/580 408/603/581
f 408/603/581 403/602/580 404/604/582
f 408/603/581 404/604/582 407/605/583
f 407/605/583 404/604/582 405/547/527
f 407/605/583 405/547/527 406/549/529
f 188/606/584 431/607/585 165/608/586
f 165/608/586 431/607/585 430/609/587
f 165/610/586 430/611/587 166/612/588
f 166/612/588 430/611/587 453/613/589
f 166/612/588 453/613/589 167/614/590
f 167/614/590 453/613/589 452/615/591
f 167/614/590 452/615/591 168/616/592
f 168/616/592 452/615/591 451/617/593
f 168/616/592 451/617/593 169/618/594
f 169/618/594 451/617/593 450/619/595
f 169/618/594 450/619/595 170/620/596
f 170/620/596 450/619/595 449/621/597
f 170/620/596 449/621/597 171/622/598
f 171/622/598 449/621/597 448/623/599
f 171/622/598 448/623/599 172/624/600
f 172/624/600 448/623/599 447/625/601
f 172/624/600 447/625/601 173/626/602
f 173/626/602 447/625/601 446/627/603
f 173/626/602 446/627/603 174/628/604
f 174/628/604 446/627/603 445/629/605
f 174/628/604 445/629/605 175/630/606
f 175/630/606 445/629/605 444/631/607
f 175/630/606 444/631/607 176/632/608
f 176/632/608 444/631/607 443/633/609
f 176/632/608 443/633/609 177/634/610
f 177/634/610 443/633/609 442/635/611
f 177/634/610 442/635/611 178/636/612
f 178/636/612 442/635/611 441/637/613
f 178/636/612 441/637/613 179/638/614
f 179/638/614 441/637/613 440/639/615
f 179/638/614 440/639/615 180/640/616
f 180/640/616 440/639/615 439/641/617
f 180/640/616 439/641/617 181/642/618
f 181/642/618 439/641/617 438/643/619
f 181/642/618 438/643/619 182/644/620
f 182/644/620 438/643/619 437/645/621
f 182/644/620 437/645/621 183/646/622
f 183/646/622 437/645/621 436/647/623
f 183/646/622 436/647/623 184/648/624
f 184/648/624 436/647/623 435/649/625
f 184/648/624 435/649/625 185/650/626
f 185/650/626 435/649/625 434/651/627
f 185/650/626 434/651/627 186/652/628
f 186/652/628 434/651/627 433/653/629
f 186/652/628 433/653/629 187/654/630
f 187/654/630 433/653/629 432/655/631
f 187/654/630 432/655/631 188/606/584
f 188/606/584 432/655/631 431/607/585
f 429/656/632 441/637/613 406/657/633
f 406/657/633 441/637/613 442/635/611
f 406/657/633 442/635/611 407/658/634
f 407/658/634 442/635/611 443/633/609
f 407/658/634 443/633/609 408/659/635
f 408/659/635 443/633/609 444/631/607
f 408/659/635 444/631/607 409/660/636
f 409/660/636 444/631/607 445/629/605
f 409/660/636 445/629/605 410/661/637
f 410/661/637 445/629/605 446/627/603
f 410/661/637 446/627/603 411/662/638
f 411/662/638 446/627/603 447/625/601
f 411/662/638 447/625/601 412/663/639
f 412/663/639 447/625/601 448/623/599
f 412/663/639 448/623/599 413/664/640
f 413/664/640 448/623/599 449/621/597
f 413/664/640 449/621/597 414/665/641
f 414/665/641 449/621/597 450/619/595
f 414/665/641 450/619/595 415/666/642
f 415/666/642 450/619/595 451/617/593
f 415/666/642 451/617/593 416/667/643
f 416/667/643 451/617/593 452/615/591
f 416/667/643 452/615/591 417/668/644
f 417/668/644 452/615/591 453/613/589
f 417/668/644 453/613/589 418/669/645
f 418/669/645 453/613/589 430/611/587
f 418/670/645 430/609/587 419/671/646
f 419/671/646 430/609/587 431/607/585
f 419/671/646 431/607/585 420/672/647
f 420/672/647 431/607/585 432/655/631
f 420/672/647 432/655/631 421/673/648
f 421/673/648 432/655/631 433/653/629
f 421/673/648 433/653/629 422/674/649
f 422/674/649 433/653/629 434/651/627
f 422/674/649 434/651/627 423/675/650
f 423/675/650 434/651/627 435/649/625
f 423/675/650 435/649/625 424/676/651
f 424/676/651 435/649/625 436/647/623
f 424/676/651 436/647/623 425/677/652
f 425/677/652 436/647/623 437/645/621
f 425/677/652 437/645/621 426/678/653
f 426/678/653 437/645/621 438/643/619
f 426/678/653 438/643/619 427/679/654
f 427/679/654 438/643/619 439/641/617
f 427/679/654 439/641/617 428/680/655
f 428/680/655 439/641/617 440/639/615
f 428/680/655 440/639/615 429/656/632
f 429/656/632 440/639/615 441/637/613
f 486/681/656 454/682/657 487/683/658
f 487/683/658 454/682/657 455/684/659
f 487/683/658 455/684/659 510/685/660
f 510/685/660 455/684/659 456/686/661
f 510/685/660 456/686/661 509/687/662
f 509/687/662 456/686/661 457/688/663
f 509/687/662 457/688/663 508/689/664
f 508/689/664 457/688/663 458/690/665
f 508/689/664 458/690/665 459/691/666
f 508/689/664 459/691/666 507/692/667
f 507/692/667 459/691/666 460/693/668
f 507/692/667 460/693/668 506/694/669
f 506/694/669 460/693/668 461/695/670
f 506/694/669 461/695/670 462/696/671
f 506/694/669 462/696/671 505/697/672
f 505/697/672 462/696/671 463/698/673
f 505/697/672 463/698/673 504/699/674
f 504/699/674 463/698/673 464/700/675
f 504/699/674 464/700/675 503/701/676
f 503/701/676 464/700/675 465/702/677
f 503/701/676 465/702/677 466/703/678
f 503/701/676 466/703/678 502/704/679
f 502/704/679 466/703/678 467/705/680
f 502/704/679 467/705/680 501/706/681
f 501/706/681 467/705/680 468/707/682
f 501/706/681 468/707/682 500/708/683
f 500/708/683 468/707/682 469/709/684
f 500/708/683 469/709/684 470/710/685
f 500/708/683 470/710/685 499/711/686
f 499/712/686 470/713/685 471/714/687
f 499/712/686 471/714/687 498/715/688
f 498/715/688 471/714/687 472/716/689
f 498/715/688 472/716/689 473/717/690
f 498/715/688 473/717/690 497/718/691
f 497/718/691 473/717/690 474/719/692
f 497/718/691 474/719/692 496/720/693
f 496/720/693 474/719/692 475/721/694
f 496/720/693 475/721/694 495/722/695
f 495/722/695 475/721/694 476/723/696
f 495/722/695 476/723/696 477/724/697
f 495/722/695 477/724/697 494/725/698
f 494/725/698 477/724/697 478/726/699
f 494/725/698 478/726/699 493/727/700
f 493/727/700 478/726/699 479/728/701
f 493/727/700 479/728/701 492/729/702
f 492/729/702 479/728/701 480/730/703
f 492/729/702 480/730/703 481/731/704
f 492/729/702 481/731/704 491/732/705
f 491/732/705 481/731/704 482/733/706
f 491/732/705 482/733/706 490/734/707
f 490/734/707 482/733/706 483/735/708
f 490/734/707 483/735/708 484/736/709
f 490/734/707 484/736/709 489/737/710
f 489/737/710 484/736/709 485/738/711
f 489/737/710 485/738/711 488/739/712
f 488/739/712 485/738/711 486/681/656
f 488/739/712 486/681/656 487/683/658
f 164/740/713 512/741/714 141/742/715
f 141/742/715 512/741/714 511/743/716
f 141/744/715 511/745/716 142/746/717
f 142/746/717 511/745/716 534/747/718
f 142/746/717 534/747/718 143/748/719
f 143/748/719 534/747/718 533/749/720
f 143/748/719 533/749/720 144/750/721
f 144/750/721 533/749/720 532/751/722
f 144/750/721 532/751/722 145/752/723
f 145/752/723 532/751/722 531/753/724
f 145/752/723 531/753/724 146/754/725
f 146/754/725 531/753/724 530/755/726
f 146/754/725 530/755/726 147/756/727
f 147/756/727 530/755/726 529/757/728
f 147/756/727 529/757/728 148/758/729
f 148/758/729 529/757/728 528/759/730
f 148/758/729 528/759/730 149/760/731
f 149/760/731 528/759/730 527/761/732
f 149/760/731 527/761/732 150/762/733
f 150/762/733 527/761/732 526/763/734
f 150/762/733 526/763/734 151/764/735
f 151/764/735 526/763/734 525/765/736
f 151/764/735 525/765/736 152/766/737
f 152/766/737 525/765/736 524/767/738
f 152/766/737 524/767/738 153/768/739
f 153/768/739 524/767/738 523/769/740
f 153/768/739 523/769/740 154/770/741
f 154/770/741 523/769/740 522/771/742
f 154/770/741 522/771/742 155/772/743
f 155/772/743 522/771/742 521/773/744
f 155/772/743 521/773/744 156/774/745
f 156/774/745 521/773/744 520/775/746
f 156/774/745 520/775/746 157/776/747
f 157/776/747 520/775/746 519/777/748
f 157/776/747 519/777/748 158/778/749
f 158/778/749 519/777/748 518/779/750
f 158/778/749 518/779/750 159/780/751
f 159/780/751 518/779/750 517/781/752
f 159/780/751 517/781/752 160/782/753
f 160/782/753 517/781/752 516/783/754
f 160/782/753 516/783/754 161/784/755
f 161/784/755 516/783/754 515/785/756
f 161/784/755 515/785/756 162/786/757
f 162/786/757 515/785/756 514/787/758
f 162/786/757 514/787/758 163/788/759
f 163/788/759 514/787/758 513/789/760
f 163/788/759 513/789/760 164/740/713
f 164/740/713 513/789/760 512/741/714
f 510/790/761 522/771/742 487/791/762
f 487/791/762 522/771/742 523/769/740
f 487/791/762 523/769/740 488/792/763
f 488/792/763 523/769/740 524/767/738
f 488/792/763 524/767/738 489/793/764
f 489/793/764 524/767/738 525/765/736
f 489/793/764 525/765/736 490/794/765
f 490/794/765 525/765/736 526/763/734
f 490/794/765 526/763/734 491/795/766
f 491/795/766 526/763/734 527/761/732
f 491/795/766 527/761/732 492/796/767
f 492/796/767 527/761/732 528/759/730
f 492/796/767 528/759/730 493/797/768
f 493/797/768 528/759/730 529/757/728
f 493/797/768 529/757/728 494/798/769
f 494/798/769 529/757/728 530/755/726
f 494/798/769 530/755/726 495/799/770
f 495/799/770 530/755/726 531/753/724
f 495/799/770 531/753/724 496/800/771
f 496/800/771 531/753/724 532/751/722
f 496/800/771 532/751/722 497/801/772
f 497/801/772 532/751/722 533/749/720
f 497/801/772 533/749/720 498/802/773
f 498/802/773 533/749/720 534/747/718
f 498/802/773 534/747/718 499/803/774
f 499/803/774 534/747/718 511/745/716
f 499/804/774 511/743/716 500/805/775
f 500/805/775 511/743/716 512/741/714
f 500/805/775 512/741/714 501/806/776
f 501/806/776 512/741/714 513/789/760
f 501/806/776 513/789/760 502/807/777
f 502/807/777 513/789/760 514/787/758
f 502/807/777 514/787/758 503/808/778
f 503/808/778 514/787/758 515/785/756
f 503/808/778 515/785/756 504/809/779
f 504/809/779 515/785/756 516/783/754
f 504/809/779 516/783/754 505/810/780
f 505/810/780 516/783/754 517/781/752
f 505/810/780 517/781/752 506/811/781
f 506/811/781 517/781/752 518/779/750
f 506/811/781 518/779/750 507/812/782
f 507/812/782 518/779/750 519/777/748
f 507/812/782 519/777/748 508/813/783
f 508/813/783 519/777/748 520/775/746
f 508/813/783 520/775/746 509/814/784
f 509/814/784 520/775/746 521/773/744
f 509/814/784 521/773/744 510/790/761
f 510/790/761 521/773/744 522/771/742
f 567/815/785 535/816/786 568/817/787
f 568/817/787 535/816/786 536/818/788
f 568/817/787 536/818/788 591/819/789
f 591/819/789 536/818/788 537/820/790
f 591/819/789 537/820/790 590/821/791
f 590/821/791 537/820/790 538/822/792
f 590/821/791 538/822/792 589/823/793
f 589/823/793 538/822/792 539/824/794
f 589/823/793 539/824/794 540/825/795
f 589/823/793 540/825/795 588/826/796
f 588/826/796 540/825/795 541/827/797
f 588/826/796 541/827/797 587/828/798
f 587/828/798 541/827/797 542/829/799
f 587/828/798 542/829/799 543/830/800
f 587/828/798 543/830/800 586/831/801
f 586/831/801 543/830/800 544/832/802
f 586/831/801 544/832/802 585/833/803
f 585/833/803 544/832/802 545/834/804
f 585/833/803 545/834/804 584/835/805
f 584/835/805 545/834/804 546/836/806
f 584/835/805 546/836/806 547/837/807
f 584/835/805 547/837/807 583/838/808
f 583/838/808 547/837/807 548/839/809
f 583/838/808 548/839/809 582/840/810
f 582/840/810 548/839/809 549/841/811
f 582/840/810 549/841/811 581/842/812
f 581/842/812 549/841/811 550/843/813
f 581/842/812 550/843/813 551/844/814
f 581/842/812 551/844/814 580/845/815
f 580/846/815 551/847/814 552/848/816
f 580/846/815 552/848/816 579/849/817
f 579/849/817 552/848/816 553/850/818
f 579/849/817 553/850/818 554/851/819
f 579/849/817 554/851/819 578/852/820
f 578/852/820 554/851/819 555/853/821
f 578/852/820 555/853/821 577/854/822
f 577/854/822 555/853/821 556/855/823
f 577/854/822 556/855/823 576/856/824
f 576/856/824 556/855/823 557/857/825
f 576/856/824 557/857/825 558/858/826
f 576/856/824 558/858/826 575/859/827
f 575/859/827 558/858/826 559/860/828
f 575/859/827 559/860/828 574/861/829
f 574/861/829 559/860/828 560/862/830
f 574/861/829 560/862/830 573/863/831
f 573/863/831 560/862/830 561/864/832
f 573/863/831 561/864/832 562/865/833
f 573/863/831 562/865/833 572/866/834
f 572/866/834 562/865/833 563/867/835
f 572/866/834 563/867/835 571/868/836
f 571/868/836 563/867/835 564/869/837
f 571/868/836 564/869/837 565/870/838
f 571/868/836 565/870/838 570/871/839
f 570/871/839 565/870/838 566/872/840
f 570/871/839 566/872/840 569/873/841
f 569/873/841 566/872/840 567/815/785
f 569/873/841 567/815/785 568/817/787
f 140/874/842 593/875/843 117/876/844
f 117/876/844 593/875/843 592/877/845
f 117/878/844 592/879/845 118/880/846
f 118/880/846 592/879/845 615/881/847
f 118/880/846 615/881/847 119/882/848
f 119/882/848 615/881/847 614/883/849
f 119/882/848 614/883/849 120/884/850
f 120/884/850 614/883/849 613/885/851
f 120/884/850 613/885/851 121/886/852
f 121/886/852 613/885/851 612/887/853
f 121/886/852 612/887/853 122/888/854
f 122/888/854 612/887/853 611/889/855
f 122/888/854 611/889/855 123/890/856
f 123/890/856 611/889/855 610/891/857
f 123/890/856 610/891/857 124/892/858
f 124/892/858 610/891/857 609/893/859
f 124/892/858 609/893/859 125/894/860
f 125/894/860 609/893/859 608/895/861
f 125/894/860 608/895/861 126/896/862
f 126/896/862 608/895/861 607/897/863
f 126/896/862 607/897/863 127/898/864
f 127/898/864 607/897/863 606/899/865
f 127/898/864 606/899/865 128/900/866
f 128/900/866 606/899/865 605/901/867
f 128/900/866 605/901/867 129/902/868
f 129/902/868 605/901/867 604/903/869
f 129/902/868 604/903/869 130/904/870
f 130/904/870 604/903/869 603/905/871
f 130/904/870 603/905/871 131/906/872
f 131/906/872 603/905/871 602/907/873
f 131/906/872 602/907/873 132/908/874
f 132/908/874 602/907/873 601/909/875
f 132/908/874 601/909/875 133/910/876
f 133/910/876 601/909/875 600/911/877
f 133/910/876 600/911/877 134/912/878
f 134/912/878 600/911/877 599/913/879
f 134/912/878 599/913/879 135/914/880
f 135/914/880 599/913/879 598/915/881
f 135/914/880 598/915/881 136/916/882
f 136/916/882 598/915/881 597/917/883
f 136/916/882 597/917/883 137/918/884
f 137/918/884 597/917/883 596/919/885
f 137/918/884 596/919/885 138/920/886
f 138/920/886 596/919/885 595/921/887
f 138/920/886 595/921/887 139/922/888
f 139/922/888 595/921/887 594/923/889
f 139/922/888 594/923/889 140/874/842
f 140/874/842 594/923/889 593/875/843
f 591/924/890 603/905/871 568/925/891
f 568/925/891 603/905/871 604/903/869
f 568/925/891 604/903/869 569/926/892
f 569/926/892 604/903/869 605/901/867
f 569/926/892 605/901/867 570/927/893
f 570/927/893 605/901/867 606/899/865
f 570/927/893 606/899/865 571/928/894
f 571/928/894 606/899/865 607/897/863
f 571/928/894 607/897/863 572/929/895
f 572/929/895 607/897/863 608/895/861
f 572/929/895 608/895/861 573/930/896
f 573/930/896 608/895/861 609/893/859
f 573/930/896 609/893/859 574/931/897
f 574/931/897 609/893/859 610/891/857
f 574/931/897 610/891/857 575/932/898
f 575/932/898 610/891/857 611/889/855
f 575/932/898 611/889/855 576/933/899
f 576/933/899 611/889/855 612/887/853
f 576/933/899 612/887/853 577/934/900
f 577/934/900 612/887/853 613/885/851
f 577/934/900 613/885/851 578/935/901
f 578/935/901 613/885/851 614/883/849
f 578/935/901 614/883/849 579/936/902
f 579/936/902 614/883/849 615/881/847
f 579/936/902 615/881/847 580/937/903
f 580/937/903 615/881/847 592/879/845
f 580/938/903 592/877/845 581/939/904
f 581/939/904 592/877/845 593/875/843
f 581/939/904 593/875/843 582/940/905
f 582/940/905 593/875/843 594/923/889
f 582/940/905 594/923/889 583/941/906
f 583/941/906 594/923/889 595/921/887
f 583/941/906 595/921/887 584/942/907
f 584/942/907 595/921/887 596/919/885
f 584/942/907 596/919/885 585/943/908
f 585/943/908 596/919/885 597/917/883
f 585/943/908 597/917/883 586/944/909
f 586/944/909 597/917/883 598/915/881
f 586/944/909 598/915/881 587/945/910
f 587/945/910 598/915/881 599/913/879
f 587/945/910 599/913/879 588/946/911
f 588/946/911 599/913/879 600/911/877
f 588/946/911 600/911/877 589/947/912
f 589/947/912 600/911/877 601/909/875
f 589/947/912 601/909/875 590/948/913
f 590/948/913 601/909/875 602/907/873
f 590/948/913 602/907/873 591/924/890
f 591/924/890 602/907/873 603/905/871
f 648/949/914 616/950/915 649/951/916
f 649/951/916 616/950/915 617/952/917
f 649/951/916 617/952/917 672/953/918
f 672/953/918 617/952/917 618/954/919
f 672/953/918 618/954/919 671/955/920
f 671/955/920 618/954/919 619/956/921
f 671/955/920 619/956/921 670/957/922
f 670/957/922 619/956/921 620/958/923
f 670/957/922 620/958/923 621/959/924
f 670/957/922 621/959/924 669/960/925
f 669/960/925 621/959/924 622/961/926
f 669/960/925 622/961/926 668/962/927
f 668/962/927 622/961/926 623/963/928
f 668/962/927 623/963/928 624/964/929
f 668/962/927 624/964/929 667/965/930
f 667/965/930 624/964/929 625/966/931
f 667/965/930 625/966/931 666/967/932
f 666/967/932 625/966/931 626/968/933
f 666/967/932 626/968/933 665/969/934
f 665/969/934 626/968/933 627/970/935
f 665/969/934 627/970/935 628/971/936
f 665/969/934 628/971/936 664/972/937
f 664/972/937 628/971/936 629/973/938
f 664/972/937 629/973/938 663/974/939
f 663/974/939 629/973/938 630/975/940
f 663/974/939 630/975/940 662/976/941
f 662/976/941 630/975/940 631/977/942
f 662/976/941 631/977/942 632/978/943
f 662/976/941 632/978/943 661/979/944
f 661/980/944 632/981/943 633/982/945
f 661/980/944 633/982/945 660/983/946
f 660/983/946 633/982/945 634/984/947
f 660/983/946 634/984/947 635/985/948
f 660/983/946 635/985/948 659/986/949
f 659/986/949 635/985/948 636/987/950
f 659/986/949 636/987/950 658/988/951
f 658/988/951 636/987/950 637/989/952
f 658/988/951 637/989/952 657/990/953
f 657/990/953 637/989/952 638/991/954
f 657/990/953 638/991/954 639/992/955
f 657/990/953 639/992/955 656/993/956
f 656/993/956 639/992/955 640/994/957
f 656/993/956 640/994/957 655/995/958
f 655/995/958 640/994/957 641/996/959
f 655/995/958 641/996/959 654/997/960
f 654/997/960 641/996/959 642/998/961
f 654/997/960 642/998/961 643/999/962
f 654/997/960 643/999/962 653/1000/963
f 653/1000/963 643/999/962 644/1001/964
f 653/1000/963 644/1001/964 652/1002/965
f 652/1002/965 644/1001/964 645/1003/966
f 652/1002/965 645/1003/966 646/1004/967
f 652/1002/965 646/1004/967 651/1005/968
f 651/1005/968 646/1004/967 647/1006/969
f 651/1005/968 647/1006/969 650/1007/970
f 650/1007/970 647/1006/969 648/949/914
f 650/1007/970 648/949/914 649/951/916
f 116/1008/971 674/1009/972 93/1010/973
f 93/1010/973 674/1009/972 673/1011/974
f 93/1012/973 673/1013/974 94/1014/975
f 94/1014/975 673/1013/974 696/1015/976
f 94/1014/975 696/1015/976 95/1016/977
f 95/1016/977 696/1015/976 695/1017/978
f 95/1016/977 695/1017/978 96/1018/979
f 96/1018/979 695/1017/978 694/1019/980
f 96/1018/979 694/1019/980 97/1020/981
f 97/1020/981 694/1019/980 693/1021/982
f 97/1020/981 693/1021/982 98/1022/983
f 98/1022/983 693/1021/982 692/1023/984
f 98/1022/983 692/1023/984 99/1024/985
f 99/1024/985 692/1023/984 691/1025/986
f 99/1024/985 691/1025/986 100/1026/987
f 100/1026/987 691/1025/986 690/1027/988
f 100/1026/987 690/1027/988 101/1028/989
f 101/1028/989 690/1027/988 689/1029/990
f 101/1028/989 689/1029/990 102/1030/991
f 102/1030/991 689/1029/990 688/1031/992
f 102/1030/991 688/1031/992 103/1032/993
f 103/1032/993 688/1031/992 687/1033/994
f 103/1032/993 687/1033/994 104/1034/995
f 104/1034/995 687/1033/994 686/1035/996
f 104/1034/995 686/1035/996 105/1036/997
f 105/1036/997 686/1035/996 685/1037/998
f 105/1036/997 685/1037/998 106/1038/999
f 106/1038/999 685/1037/998 684/1039/1000
f 106/1038/999 684/1039/1000 107/1040/1001
f 107/1040/1001 684/1039/1000 683/1041/1002
f 107/1040/1001 683/1041/1002 108/1042/1003
f 108/1042/1003 683/1041/1002 682/1043/1004
f 108/1042/1003 682/1043/1004 109/1044/1005
f 109/1044/1005 682/1043/1004 681/1045/1006
f 109/1044/1005 681/1045/1006 110/1046/1007
f 110/1046/1007 681/1045/1006 680/1047/1008
f 110/1046/1007 680/1047/1008 111/1048/1009
f 111/1048/1009 680/1047/1008 679/1049/1010
f 111/1048/1009 679/1049/1010 112/1050/1011
f 112/1050/1011 679/1049/1010 678/1051/1012
f 112/1050/1011 678/1051/1012 113/1052/1013
f 113/1052/1013 678/1051/1012 677/1053/1014
f 113/1052/1013 677/1053/1014 114/1054/1015
f 114/1054/1015 677/1053/1014 676/1055/1016
f 114/1054/1015 676/1055/1016 115/1056/1017
f 115/1056/1017 676/1055/1016 675/1057/1018
f 115/1056/1017 675/1057/1018 116/1008/971
f 116/1008/971 675/1057/1018 674/1009/972
f 672/1058/1019 684/1039/1000 649/1059/1020
f 649/1059/1020 684/1039/1000 685/1037/998
f 649/1059/1020 685/1037/998 650/1060/1021
f 650/1060/1021 685/1037/998 686/1035/996
f 650/1060/1021 686/1035/996 651/1061/1022
f 651/1061/1022 686/1035/996 687/1033/994
f 651/1061/1022 687/1033/994 652/1062/1023
f 652/1062/1023 687/1033/994 688/1031/992
f 652/1062/1023 688/1031/992 653/1063/1024
f 653/1063/1024 688/1031/992 689/1029/990
f 653/1063/1024 689/1029/990 654/1064/1025
f 654/1064/1025 689/1029/990 690/1027/988
f 654/1064/1025 690/1027/988 655/1065/1026
f 655/1065/1026 690/1027/988 691/1025/986
f 655/1065/1026 691/1025/986 656/1066/1027
f 656/1066/1027 691/1025/986 692/1023/984
f 656/1066/1027 692/1023/984 657/1067/1028
f 657/1067/1028 692/1023/984 693/1021/982
f 657/1067/1028 693/1021/982 658/1068/1029
f 658/1068/1029 693/1021/982 694/1019/980
f 658/1068/1029 694/1019/980 659/1069/1030
f 659/1069/1030 694/1019/980 695/1017/978
f 659/1069/1030 695/1017/978 660/1070/1031
f 660/1070/1031 695/1017/978 696/1015/976
f 660/1070/1031 696/1015/976 661/1071/1032
f 661/1071/1032 696/1015/976 673/1013/974
f 661/1072/1032 673/1011/974 662/1073/1033
f 662/1073/1033 673/1011/974 674/1009/972
f 662/1073/1033 674/1009/972 663/1074/1034
f 663/1074/1034 674/1009/972 675/1057/1018
f 663/1074/1034 675/1057/1018 664/1075/1035
f 664/1075/1035 675/1057/1018 676/1055/1016
f 664/1075/1035 676/1055/1016 665/1076/1036
f 665/1076/1036 676/1055/1016 677/1053/1014
f 665/1076/1036 677/1053/1014 666/1077/1037
f 666/1077/1037 677/1053/1014 678/1051/1012
f 666/1077/1037 678/1051/1012 667/1078/1038
f 667/1078/1038 678/1051/1012 679/1049/1010
f 667/1078/1038 679/1049/1010 668/1079/1039
f 668/1079/1039 679/1049/1010 680/1047/1008
f 668/1079/1039 680/1047/1008 669/1080/1040
f 669/1080/1040 680/1047/1008 681/1045/1006
f 669/1080/1040 681/1045/1006 670/1081/1041
f 670/1081/1041 681/1045/1006 682/1043/1004
f 670/1081/1041 682/1043/1004 671/1082/1042
f 671/1082/1042 682/1043/1004 683/1041/1002
f 671/1082/1042 683/1041/1002 672/1058/1019
f 672/1058/1019 683/1041/1002 684/1039/1000
f 27/1083/1043 272/1084/1044 28/1085/1045
f 28/1085/1045 272/1084/1044 271/1086/1046
f 28/1085/1045 271/1086/1046 29/1087/1047
f 29/1087/1047 271/1086/1046 270/1088/1048
f 29/1087/1047 270/1088/1048 30/1089/1049
f 30/1089/1049 270/1088/1048 269/1090/1050
f 30/1089/1049 269/1090/1050 31/1091/1051
f 31/1091/1051 269/1090/1050 268/1092/1052
f 31/1091/1051 268/1092/1052 32/1093/1053
f 32/1093/1053 268/1092/1052 267/1094/1054
f 32/1093/1053 267/1094/1054 33/1095/1055
f 33/1095/1055 267/1094/1054 266/1096/1056
f 33/1095/1055 266/1096/1056 34/1097/1057
f 34/1097/1057 266/1096/1056 265/1098/1058
f 34/1097/1057 265/1098/1058 35/1099/1059
f 35/1099/1059 265/1098/1058 264/1100/1060
f 35/1099/1059 264/1100/1060 36/1101/1061
f 36/1101/1061 264/1100/1060 263/1102/1062
f 36/1101/1061 263/1102/1062 37/1103/1063
f 37/1103/1063 263/1102/1062 262/1104/1064
f 37/1103/1063 262/1104/1064 38/1105/1065
f 38/1105/1065 262/1104/1064 261/1106/1066
f 38/1105/1065 261/1106/1066 39/1107/1067
f 39/1107/1067 261/1106/1066 260/1108/1068
f 189/1109/1069 697/1110/1070 190/1111/1071
f 190/1111/1071 697/1110/1070 698/1112/1072
f 190/1111/1071 698/1112/1072 74/1113/1073
f 697/1110/1070 189/1109/1069 73/1114/1074
f 73/1114/1074 189/1109/1069 195/1115/1075
f 73/1114/1074 195/1115/1075 193/1116/1076
f 73/1114/1074 193/1116/1076 74/1113/1073
f 74/1113/1073 193/1116/1076 190/1111/1071
f 64/1117/1077 699/1118/1078 65/1119/1079
f 65/1119/1079 699/1118/1078 700/1120/1080
f 65/1119/1079 700/1120/1080 66/1121/1081
f 66/1121/1081 700/1120/1080 701/1122/1082
f 66/1121/1081 701/1122/1082 67/1123/1083
f 67/1123/1083 701/1122/1082 702/1124/1084
f 67/1123/1083 702/1124/1084 68/1125/1085
f 68/1125/1085 702/1124/1084 703/1126/1086
f 68/1125/1085 703/1126/1086 69/1127/1087
f 69/1127/1087 703/1126/1086 704/1128/1088
f 69/1127/1087 704/1128/1088 70/1129/1089
f 70/1129/1089 704/1128/1088 705/1130/1090
f 70/1129/1089 705/1130/1090 71/1131/1091
f 71/1131/1091 705/1130/1090 706/1132/1092
f 71/1131/1091 706/1132/1092 72/1133/1093
f 72/1133/1093 706/1132/1092 707/1134/1094
f 72/1133/1093 707/1134/1094 73/1135/1074
f 73/1135/1074 707/1134/1094 697/1136/1070
f 345/1137/1095 344/1138/1096 708/1139/1097
f 708/1139/1097 344/1138/1096 343/1140/1098
f 708/1139/1097 343/1140/1098 372/1141/1099
f 372/1141/1099 371/1142/1100 708/1139/1097
f 708/1139/1097 371/1142/1100 370/1143/1101
f 708/1139/1097 370/1143/1101 63/1144/1102
f 63/1144/1102 370/1143/1101 369/1145/1103
f 63/1144/1102 369/1145/1103 368/1146/1104
f 368/1146/1104 367/1147/1105 63/1144/1102
f 63/1144/1102 367/1147/1105 366/1148/1106
f 63/1144/1102 366/1148/1106 64/1149/1077
f 64/1149/1077 366/1148/1106 365/1150/1107
f 64/1149/1077 365/1150/1107 364/1151/1108
f 364/1151/1108 363/1152/1109 64/1149/1077
f 64/1149/1077 363/1152/1109 362/1153/1110
f 64/1149/1077 362/1153/1110 361/1154/1111
f 64/1149/1077 361/1154/1111 699/1155/1078
f 699/1155/1078 361/1154/1111 360/1156/1112
f 699/1155/1078 360/1156/1112 359/1157/1113
f 359/1157/1113 358/1158/1114 699/1155/1078
f 699/1155/1078 358/1158/1114 357/1159/1115
f 699/1155/1078 357/1159/1115 356/1160/1116
f 356/1160/1116 355/1161/1117 699/1155/1078
f 699/1155/1078 355/1161/1117 354/1162/1118
f 699/1155/1078 354/1162/1118 353/1163/1119
f 353/1163/1119 352/1164/1120 699/1155/1078
f 699/1155/1078 352/1164/1120 351/1165/1121
f 699/1155/1078 351/1165/1121 350/1166/1122
f 699/1155/1078 350/1166/1122 708/1139/1097
f 708/1139/1097 350/1166/1122 349/1167/1123
f 708/1139/1097 349/1167/1123 348/1168/1124
f 348/1168/1124 347/1169/1125 708/1139/1097
f 708/1139/1097 347/1169/1125 346/1170/1126
f 708/1139/1097 346/1170/1126 345/1137/1095
f 54/1171/1127 709/1172/1128 55/1173/1129
f 55/1173/1129 709/1172/1128 710/1174/1130
f 55/1173/1129 710/1174/1130 56/1175/1131
f 56/1175/1131 710/1174/1130 711/1176/1132
f 56/1175/1131 711/1176/1132 57/1177/1133
f 57/1177/1133 711/1176/1132 712/1178/1134
f 57/1177/1133 712/1178/1134 58/1179/1135
f 58/1179/1135 712/1178/1134 713/1180/1136
f 58/1179/1135 713/1180/1136 59/1181/1137
f 59/1181/1137 713/1180/1136 714/1182/1138
f 59/1181/1137 714/1182/1138 60/1183/1139
f 60/1183/1139 714/1182/1138 715/1184/1140
f 60/1183/1139 715/1184/1140 61/1185/1141
f 61/1185/1141 715/1184/1140 716/1186/1142
f 61/1185/1141 716/1186/1142 62/1187/1143
f 62/1187/1143 716/1186/1142 717/1188/1144
f 62/1187/1143 717/1188/1144 63/1189/1102
f 63/1189/1102 717/1188/1144 708/1190/1097
f 40/1191/1145 311/1192/1146 41/1193/1147
f 41/1193/1147 311/1192/1146 310/1194/1148
f 41/1193/1147 310/1194/1148 42/1195/1149
f 42/1195/1149 310/1194/1148 309/1196/1150
f 42/1195/1149 309/1196/1150 43/1197/1151
f 43/1197/1151 309/1196/1150 308/1198/1152
f 43/1197/1151 308/1198/1152 44/1199/1153
f 44/1199/1153 308/1198/1152 307/1200/1154
f 44/1199/1153 307/1200/1154 45/1201/1155
f 45/1201/1155 307/1200/1154 306/1202/1156
f 45/1201/1155 306/1202/1156 46/1203/1157
f 46/1203/1157 306/1202/1156 305/1204/1158
f 46/1203/1157 305/1204/1158 47/1205/1159
f 47/1205/1159 305/1204/1158 304/1206/1160
f 47/1205/1159 304/1206/1160 48/1207/1161
f 48/1207/1161 304/1206/1160 303/1208/1162
f 48/1207/1161 303/1208/1162 49/1209/1163
f 49/1209/1163 303/1208/1162 302/1210/1164
f 49/1209/1163 302/1210/1164 50/1211/1165
f 50/1211/1165 302/1210/1164 301/1212/1166
f 50/1211/1165 301/1212/1166 51/1213/1167
f 51/1213/1167 301/1212/1166 300/1214/1168
f 51/1213/1167 300/1214/1168 52/1215/1169
f 52/1215/1169 300/1214/1168 299/1216/1170
f 718/1217/1171 709/1218/1128 53/1219/1172
f 53/1219/1172 709/1218/1128 54/1220/1127
f 260/1221/1173 311/1222/1174 39/1223/1175
f 39/1223/1175 311/1222/1174 40/1224/1176
f 299/1225/1177 298/1226/1178 52/1227/1179
f 52/1227/1179 298/1226/1178 1/1228/1180
f 405/1229/1181 633/1230/1182 373/1231/1183
f 373/1231/1183 633/1230/1182 632/1232/1184
f 373/1231/1183 632/1232/1184 374/1233/1185
f 374/1233/1185 632/1232/1184 631/1234/1186
f 374/1233/1185 631/1234/1186 375/1235/1187
f 375/1235/1187 631/1234/1186 630/1236/1188
f 375/1235/1187 630/1236/1188 376/1237/1189
f 376/1237/1189 630/1236/1188 629/1238/1190
f 376/1237/1189 629/1238/1190 377/1239/1191
f 377/1239/1191 629/1238/1190 628/1240/1192
f 377/1239/1191 628/1240/1192 378/1241/1193
f 378/1241/1193 628/1240/1192 627/1242/1194
f 378/1241/1193 627/1242/1194 379/1243/1195
f 379/1243/1195 627/1242/1194 626/1244/1196
f 379/1243/1195 626/1244/1196 727/1245/1197
f 727/1245/1197 626/1244/1196 625/1246/1198
f 727/1245/1197 625/1246/1198 624/1247/1199
f 633/1230/1182 405/1229/1181 634/1248/1200
f 634/1248/1200 405/1229/1181 404/1249/1201
f 634/1248/1200 404/1249/1201 635/1250/1202
f 635/1250/1202 404/1249/1201 403/1251/1203
f 635/1250/1202 403/1251/1203 636/1252/1204
f 636/1252/1204 403/1251/1203 402/1253/1205
f 636/1252/1204 402/1253/1205 637/1254/1206
f 637/1254/1206 402/1253/1205 547/1255/1207
f 637/1254/1206 547/1255/1207 638/1256/1208
f 638/1256/1208 547/1255/1207 546/1257/1209
f 638/1256/1208 546/1257/1209 639/1258/1210
f 639/1258/1210 546/1257/1209 545/1259/1211
f 639/1258/1210 545/1259/1211 640/1260/1212
f 640/1260/1212 545/1259/1211 544/1261/1213
f 640/1260/1212 544/1261/1213 641/1262/1214
f 641/1262/1214 544/1261/1213 543/1263/1215
f 641/1262/1214 543/1263/1215 542/1264/1216
f 547/1255/1207 402/1253/1205 458/1265/1217
f 458/1265/1217 402/1253/1205 401/1266/1218
f 458/1265/1217 401/1266/1218 459/1267/1219
f 459/1267/1219 401/1266/1218 400/1268/1220
f 459/1267/1219 400/1268/1220 460/1269/1221
f 460/1269/1221 400/1268/1220 399/1270/1222
f 460/1269/1221 399/1270/1222 461/1271/1223
f 461/1271/1223 399/1270/1222 398/1272/1224
f 461/1271/1223 398/1272/1224 462/1273/1225
f 462/1273/1225 398/1272/1224 463/1274/1226
f 463/1274/1226 398/1272/1224 397/1275/1227
f 463/1274/1226 397/1275/1227 464/1276/1228
f 464/1276/1228 397/1275/1227 396/1277/1229
f 464/1276/1228 396/1277/1229 465/1278/1230
f 465/1278/1230 396/1277/1229 395/1279/1231
f 465/1278/1230 395/1279/1231 466/1280/1232
f 466/1280/1232 395/1279/1231 394/1281/1233
f 466/1280/1232 394/1281/1233 467/1282/1234
f 467/1282/1234 394/1281/1233 393/1283/1235
f 467/1282/1234 393/1283/1235 468/1284/1236
f 468/1284/1236 393/1283/1235 392/1285/1237
f 468/1284/1236 392/1285/1237 697/1286/1238
f 697/1286/1238 392/1285/1237 698/1287/1239
f 698/1287/1239 392/1285/1237 391/1288/1240
f 698/1287/1239 391/1288/1240 390/1289/1241
f 390/1289/1241 389/1290/1242 698/1287/1239
f 698/1287/1239 389/1290/1242 736/1291/1243
f 736/1291/1243 389/1290/1242 388/1292/1244
f 736/1291/1243 388/1292/1244 735/1293/1245
f 735/1293/1245 388/1292/1244 387/1294/1246
f 735/1293/1245 387/1294/1246 734/1295/1247
f 734/1295/1247 387/1294/1246 386/1296/1248
f 734/1295/1247 386/1296/1248 733/1297/1249
f 733/1297/1249 386/1296/1248 385/1298/1250
f 733/1297/1249 385/1298/1250 732/1299/1251
f 732/1299/1251 385/1298/1250 384/1300/1252
f 732/1299/1251 384/1300/1252 731/1301/1253
f 731/1301/1253 384/1300/1252 730/1302/1254
f 730/1302/1254 384/1300/1252 383/1303/1255
f 730/1302/1254 383/1303/1255 729/1304/1256
f 729/1304/1256 383/1303/1255 382/1305/1257
f 729/1304/1256 382/1305/1257 728/1306/1258
f 728/1306/1258 382/1305/1257 381/1307/1259
f 728/1306/1258 381/1307/1259 380/1308/1260
f 380/1308/1260 379/1243/1195 728/1306/1258
f 728/1306/1258 379/1243/1195 727/1245/1197
f 486/1309/1261 552/1310/1262 454/1311/1263
f 454/1311/1263 552/1310/1262 551/1312/1264
f 454/1311/1263 551/1312/1264 455/1313/1265
f 455/1313/1265 551/1312/1264 550/1314/1266
f 455/1313/1265 550/1314/1266 456/1315/1267
f 456/1315/1267 550/1314/1266 549/1316/1268
f 456/1315/1267 549/1316/1268 457/1317/1269
f 457/1317/1269 549/1316/1268 548/1318/1270
f 457/1317/1269 548/1318/1270 458/1265/1217
f 458/1265/1217 548/1318/1270 547/1255/1207
f 552/1310/1262 486/1309/1261 553/1319/1271
f 553/1319/1271 486/1309/1261 485/1320/1272
f 553/1319/1271 485/1320/1272 554/1321/1273
f 554/1321/1273 485/1320/1272 484/1322/1274
f 554/1321/1273 484/1322/1274 555/1323/1275
f 555/1323/1275 484/1322/1274 483/1324/1276
f 555/1323/1275 483/1324/1276 556/1325/1277
f 556/1325/1277 483/1324/1276 482/1326/1278
f 556/1325/1277 482/1326/1278 557/1327/1279
f 557/1327/1279 482/1326/1278 481/1328/1280
f 557/1327/1279 481/1328/1280 558/1329/1281
f 558/1329/1281 481/1328/1280 708/1330/1282
f 558/1329/1281 708/1330/1282 559/1331/1283
f 559/1331/1283 708/1330/1282 560/1332/1284
f 560/1332/1284 708/1330/1282 717/1333/1285
f 560/1332/1284 717/1333/1285 561/1334/1286
f 561/1334/1286 717/1333/1285 716/1335/1287
f 561/1334/1286 716/1335/1287 562/1336/1288
f 562/1336/1288 716/1335/1287 715/1337/1289
f 562/1336/1288 715/1337/1289 563/1338/1290
f 563/1338/1290 715/1337/1289 714/1339/1291
f 563/1338/1290 714/1339/1291 564/1340/1292
f 564/1340/1292 714/1339/1291 713/1341/1293
f 564/1340/1292 713/1341/1293 565/1342/1294
f 565/1342/1294 713/1341/1293 712/1343/1295
f 565/1342/1294 712/1343/1295 566/1344/1296
f 566/1344/1296 712/1343/1295 711/1345/1297
f 566/1344/1296 711/1345/1297 567/1346/1298
f 567/1346/1298 711/1345/1297 710/1347/1299
f 567/1346/1298 710/1347/1299 535/1348/1300
f 535/1348/1300 710/1347/1299 709/1349/1301
f 535/1348/1300 709/1349/1301 536/1350/1302
f 536/1350/1302 709/1349/1301 537/1351/1303
f 537/1351/1303 709/1349/1301 647/1352/1304
f 537/1351/1303 647/1352/1304 646/1353/1305
f 708/1330/1282 481/1328/1280 699/1354/1306
f 699/1354/1306 481/1328/1280 480/1355/1307
f 699/1354/1306 480/1355/1307 479/1356/1308
f 479/1356/1308 478/1357/1309 699/1354/1306
f 699/1354/1306 478/1357/1309 700/1358/1310
f 700/1358/1310 478/1357/1309 477/1359/1311
f 700/1358/1310 477/1359/1311 701/1360/1312
f 701/1360/1312 477/1359/1311 476/1361/1313
f 701/1360/1312 476/1361/1313 702/1362/1314
f 702/1362/1314 476/1361/1313 703/1363/1315
f 703/1363/1315 476/1361/1313 475/1364/1316
f 703/1363/1315 475/1364/1316 704/1365/1317
f 704/1365/1317 475/1364/1316 474/1366/1318
f 704/1365/1317 474/1366/1318 705/1367/1319
f 705/1367/1319 474/1366/1318 473/1368/1320
f 705/1367/1319 473/1368/1320 706/1369/1321
f 706/1369/1321 473/1368/1320 472/1370/1322
f 706/1369/1321 472/1370/1322 707/1371/1323
f 707/1371/1323 472/1370/1322 471/1372/1324
f 707/1371/1323 471/1372/1324 697/1286/1238
f 697/1286/1238 471/1372/1324 470/1373/1325
f 697/1286/1238 470/1373/1325 469/1374/1326
f 469/1374/1326 468/1284/1236 697/1286/1238
f 641/1262/1214 542/1264/1216 642/1375/1327
f 642/1375/1327 542/1264/1216 541/1376/1328
f 642/1375/1327 541/1376/1328 643/1377/1329
f 643/1377/1329 541/1376/1328 540/1378/1330
f 643/1377/1329 540/1378/1330 644/1379/1331
f 644/1379/1331 540/1378/1330 539/1380/1332
f 644/1379/1331 539/1380/1332 645/1381/1333
f 645/1381/1333 539/1380/1332 538/1382/1334
f 645/1381/1333 538/1382/1334 646/1353/1305
f 646/1353/1305 538/1382/1334 537/1351/1303
f 648/1383/1335 718/1384/1336 616/1385/1337
f 616/1385/1337 718/1384/1336 719/1386/1338
f 616/1385/1337 719/1386/1338 617/1387/1339
f 617/1387/1339 719/1386/1338 720/1388/1340
f 617/1387/1339 720/1388/1340 618/1389/1341
f 618/1389/1341 720/1388/1340 721/1390/1342
f 618/1389/1341 721/1390/1342 619/1391/1343
f 619/1391/1343 721/1390/1342 722/1392/1344
f 619/1391/1343 722/1392/1344 620/1393/1345
f 620/1393/1345 722/1392/1344 723/1394/1346
f 620/1393/1345 723/1394/1346 621/1395/1347
f 621/1395/1347 723/1394/1346 724/1396/1348
f 621/1395/1347 724/1396/1348 622/1397/1349
f 622/1397/1349 724/1396/1348 725/1398/1350
f 622/1397/1349 725/1398/1350 623/1399/1351
f 623/1399/1351 725/1398/1350 726/1400/1352
f 623/1399/1351 726/1400/1352 624/1247/1199
f 624/1247/1199 726/1400/1352 727/1245/1197
f 648/1383/1335 647/1352/1304 718/1384/1336
f 718/1384/1336 647/1352/1304 709/1349/1301
f 74/1401/1073 698/1402/1072 75/1403/1353
f 75/1403/1353 698/1402/1072 736/1404/1354
f 75/1403/1353 736/1404/1354 76/1405/1355
f 76/1405/1355 736/1404/1354 735/1406/1356
f 76/1405/1355 735/1406/1356 77/1407/1357
f 77/1407/1357 735/1406/1356 734/1408/1358
f 77/1407/1357 734/1408/1358 78/1409/1359
f 78/1409/1359 734/1408/1358 733/1410/1360
f 78/1409/1359 733/1410/1360 79/1411/1361
f 79/1411/1361 733/1410/1360 732/1412/1362
f 79/1411/1361 732/1412/1362 80/1413/1363
f 80/1413/1363 732/1412/1362 731/1414/1364
f 80/1413/1363 731/1414/1364 81/1415/1365
f 81/1415/1365 731/1414/1364 730/1416/1366
f 81/1415/1365 730/1416/1366 82/1417/1367
f 82/1417/1367 730/1416/1366 729/1418/1368
f 82/1417/1367 729/1418/1368 83/1419/1369
f 83/1419/1369 729/1418/1368 728/1420/1370
f 728/1421/1370 727/1422/1371 83/1423/1369
f 83/1423/1369 727/1422/1371 84/1424/1372
f 84/1425/1372 727/1426/1371 85/1427/1373
f 85/1427/1373 727/1426/1371 726/1428/1374
f 85/1427/1373 726/1428/1374 86/1429/1375
f 86/1429/1375 726/1428/1374 725/1430/1376
f 86/1429/1375 725/1430/1376 87/1431/1377
f 87/1431/1377 725/1430/1376 724/1432/1378
f 87/1431/1377 724/1432/1378 88/1433/1379
f 88/1433/1379 724/1432/1378 723/1434/1380
f 88/1433/1379 723/1434/1380 89/1435/1381
f 89/1435/1381 723/1434/1380 722/1436/1382
f 89/1435/1381 722/1436/1382 90/1437/1383
f 90/1437/1383 722/1436/1382 721/1438/1384
f 90/1437/1383 721/1438/1384 91/1439/1385
f 91/1439/1385 721/1438/1384 720/1440/1386
f 91/1439/1385 720/1440/1386 92/1441/1387
f 92/1441/1387 720/1440/1386 719/1442/1388
f 92/1441/1387 719/1442/1388 53/1443/1172
f 53/1443/1172 719/1442/1388 718/1444/1171
# 736 vertices
# 1444 texture params
# 1388 normals
# 1492 facets

# 1 groups
