# WaveFront *.obj file (generated by Autodesk ATF)

mtllib Lidv2.mtl

g Body28

v 22.000000 26.000000 -7.100000
v 22.034075 25.741181 -7.100000
v 22.133975 25.500000 -7.100000
v 22.292894 25.292894 -7.100000
v 22.500000 25.133975 -7.100000
v 22.741181 25.034075 -7.100000
v 23.000000 25.000000 -7.100000
v 23.258819 25.034075 -7.100000
v 23.500000 25.133975 -7.100000
v 23.707107 25.292894 -7.100000
v 23.866026 25.500000 -7.100000
v 23.965926 25.741181 -7.100000
v 24.000000 26.000000 -7.100000
v 23.965926 26.258819 -7.100000
v 23.866026 26.500000 -7.100000
v 23.707107 26.707107 -7.100000
v 23.500000 26.866026 -7.100000
v 23.258819 26.965926 -7.100000
v 23.000000 27.000000 -7.100000
v 22.741181 26.965926 -7.100000
v 22.500000 26.866026 -7.100000
v 22.292894 26.707107 -7.100000
v 22.133975 26.500000 -7.100000
v 22.034075 26.258819 -7.100000
v 24.000000 26.000000 -7.000000
v 23.965926 25.741181 -7.000000
v 23.866026 25.500000 -7.000000
v 23.707107 25.292894 -7.000000
v 23.500000 25.133975 -7.000000
v 23.258819 25.034075 -7.000000
v 23.000000 25.000000 -7.000000
v 22.741181 25.034075 -7.000000
v 22.500000 25.133975 -7.000000
v 22.292894 25.292894 -7.000000
v 22.133975 25.500000 -7.000000
v 22.034075 25.741181 -7.000000
v 22.000000 26.000000 -7.000000
v 22.034075 26.258819 -7.000000
v 22.133975 26.500000 -7.000000
v 22.292894 26.707107 -7.000000
v 22.500000 26.866026 -7.000000
v 22.741181 26.965926 -7.000000
v 23.000000 27.000000 -7.000000
v 23.258819 26.965926 -7.000000
v 23.500000 26.866026 -7.000000
v 23.707107 26.707107 -7.000000
v 23.866026 26.500000 -7.000000
v 23.965926 26.258819 -7.000000
v -26.500000 26.000000 -7.100000
v -26.465925 25.741181 -7.100000
v -26.366025 25.500000 -7.100000
v -26.207106 25.292894 -7.100000
v -26.000000 25.133975 -7.100000
v -25.758819 25.034075 -7.100000
v -25.500000 25.000000 -7.100000
v -25.241181 25.034075 -7.100000
v -25.000000 25.133975 -7.100000
v -24.792893 25.292894 -7.100000
v -24.633974 25.500000 -7.100000
v -24.534074 25.741181 -7.100000
v -24.500000 26.000000 -7.100000
v -24.534074 26.258819 -7.100000
v -24.633974 26.500000 -7.100000
v -24.792893 26.707107 -7.100000
v -25.000000 26.866026 -7.100000
v -25.241181 26.965926 -7.100000
v -25.500000 27.000000 -7.100000
v -25.758819 26.965926 -7.100000
v -26.000000 26.866026 -7.100000
v -26.207106 26.707107 -7.100000
v -26.366025 26.500000 -7.100000
v -26.465925 26.258819 -7.100000
v -24.500000 26.000000 -7.000000
v -24.534074 25.741181 -7.000000
v -24.633974 25.500000 -7.000000
v -24.792893 25.292894 -7.000000
v -25.000000 25.133975 -7.000000
v -25.241181 25.034075 -7.000000
v -25.500000 25.000000 -7.000000
v -25.758819 25.034075 -7.000000
v -26.000000 25.133975 -7.000000
v -26.207106 25.292894 -7.000000
v -26.366025 25.500000 -7.000000
v -26.465925 25.741181 -7.000000
v -26.500000 26.000000 -7.000000
v -26.465925 26.258819 -7.000000
v -26.366025 26.500000 -7.000000
v -26.207106 26.707107 -7.000000
v -26.000000 26.866026 -7.000000
v -25.758819 26.965926 -7.000000
v -25.500000 27.000000 -7.000000
v -25.241181 26.965926 -7.000000
v -25.000000 26.866026 -7.000000
v -24.792893 26.707107 -7.000000
v -24.633974 26.500000 -7.000000
v -24.534074 26.258819 -7.000000
v 21.750000 26.000000 -14.000000
v 21.792593 26.323524 -14.000000
v 21.917469 26.625000 -14.000000
v 22.116117 26.883884 -14.000000
v 22.375000 27.082532 -14.000000
v 22.676477 27.207408 -14.000000
v 23.000000 27.250000 -14.000000
v 23.323524 27.207408 -14.000000
v 23.625000 27.082532 -14.000000
v 23.883884 26.883884 -14.000000
v 24.082532 26.625000 -14.000000
v 24.207408 26.323524 -14.000000
v 24.250000 26.000000 -14.000000
v 24.207408 25.676477 -14.000000
v 24.082532 25.375000 -14.000000
v 23.883884 25.116117 -14.000000
v 23.625000 24.917469 -14.000000
v 23.323524 24.792593 -14.000000
v 23.000000 24.750000 -14.000000
v 22.676477 24.792593 -14.000000
v 22.375000 24.917469 -14.000000
v 22.116117 25.116117 -14.000000
v 21.917469 25.375000 -14.000000
v 21.792593 25.676477 -14.000000
v 21.750000 26.000000 -7.000000
v 21.792593 25.676477 -7.000000
v 21.917469 25.375000 -7.000000
v 22.116117 25.116117 -7.000000
v 22.375000 24.917469 -7.000000
v 22.676477 24.792593 -7.000000
v 23.000000 24.750000 -7.000000
v 23.323524 24.792593 -7.000000
v 23.625000 24.917469 -7.000000
v 23.883884 25.116117 -7.000000
v 24.082532 25.375000 -7.000000
v 24.207408 25.676477 -7.000000
v 24.250000 26.000000 -7.000000
v 24.207408 26.323524 -7.000000
v 24.082532 26.625000 -7.000000
v 23.883884 26.883884 -7.000000
v 23.625000 27.082532 -7.000000
v 23.323524 27.207408 -7.000000
v 23.000000 27.250000 -7.000000
v 22.676477 27.207408 -7.000000
v 22.375000 27.082532 -7.000000
v 22.116117 26.883884 -7.000000
v 21.917469 26.625000 -7.000000
v 21.792593 26.323524 -7.000000
v -26.750000 26.000000 -14.000000
v -26.707407 26.323524 -14.000000
v -26.582531 26.625000 -14.000000
v -26.383883 26.883884 -14.000000
v -26.125000 27.082532 -14.000000
v -25.823523 27.207408 -14.000000
v -25.500000 27.250000 -14.000000
v -25.176476 27.207408 -14.000000
v -24.875000 27.082532 -14.000000
v -24.616116 26.883884 -14.000000
v -24.417468 26.625000 -14.000000
v -24.292592 26.323524 -14.000000
v -24.250000 26.000000 -14.000000
v -24.292592 25.676477 -14.000000
v -24.417468 25.375000 -14.000000
v -24.616116 25.116117 -14.000000
v -24.875000 24.917469 -14.000000
v -25.176476 24.792593 -14.000000
v -25.500000 24.750000 -14.000000
v -25.823523 24.792593 -14.000000
v -26.125000 24.917469 -14.000000
v -26.383883 25.116117 -14.000000
v -26.582531 25.375000 -14.000000
v -26.707407 25.676477 -14.000000
v -26.750000 26.000000 -7.000000
v -26.707407 25.676477 -7.000000
v -26.582531 25.375000 -7.000000
v -26.383883 25.116117 -7.000000
v -26.125000 24.917469 -7.000000
v -25.823523 24.792593 -7.000000
v -25.500000 24.750000 -7.000000
v -25.176476 24.792593 -7.000000
v -24.875000 24.917469 -7.000000
v -24.616116 25.116117 -7.000000
v -24.417468 25.375000 -7.000000
v -24.292592 25.676477 -7.000000
v -24.250000 26.000000 -7.000000
v -24.292592 26.323524 -7.000000
v -24.417468 26.625000 -7.000000
v -24.616116 26.883884 -7.000000
v -24.875000 27.082532 -7.000000
v -25.176476 27.207408 -7.000000
v -25.500000 27.250000 -7.000000
v -25.823523 27.207408 -7.000000
v -26.125000 27.082532 -7.000000
v -26.383883 26.883884 -7.000000
v -26.582531 26.625000 -7.000000
v -26.707407 26.323524 -7.000000
v -22.500000 -19.000000 0.000000
v -22.500000 -19.500000 0.000000
v -22.500000 -19.500000 -1.000000
v -22.500000 -19.000000 -1.000000
v 20.000000 -19.000000 0.000000
v 20.000000 -19.000000 -1.000000
v 20.000000 -19.500000 0.000000
v 20.000000 -19.500000 -1.000000
v -24.500000 -25.000000 -14.000000
v -24.534074 -25.258819 -14.000000
v -24.633974 -25.500000 -14.000000
v -24.792893 -25.707107 -14.000000
v -25.000000 -25.866026 -14.000000
v -25.241181 -25.965926 -14.000000
v -25.500000 -26.000000 -14.000000
v -25.758819 -25.965926 -14.000000
v -26.000000 -25.866026 -14.000000
v -26.207106 -25.707107 -14.000000
v -26.366025 -25.500000 -14.000000
v -26.465925 -25.258819 -14.000000
v -26.500000 -25.000000 -14.000000
v -26.465925 -24.741181 -14.000000
v -26.366025 -24.500000 -14.000000
v -26.207106 -24.292894 -14.000000
v -26.000000 -24.133975 -14.000000
v -25.758819 -24.034075 -14.000000
v -25.500000 -24.000000 -14.000000
v -25.241181 -24.034075 -14.000000
v -25.000000 -24.133975 -14.000000
v -24.792893 -24.292894 -14.000000
v -24.633974 -24.500000 -14.000000
v -24.534074 -24.741181 -14.000000
v -26.500000 -25.000000 -3.600000
v -26.465925 -25.258819 -3.600000
v -26.366025 -25.500000 -3.600000
v -26.207106 -25.707107 -3.600000
v -26.000000 -25.866026 -3.600000
v -25.758819 -25.965926 -3.600000
v -25.500000 -26.000000 -3.600000
v -25.241181 -25.965926 -3.600000
v -25.000000 -25.866026 -3.600000
v -24.792893 -25.707107 -3.600000
v -24.633974 -25.500000 -3.600000
v -24.534074 -25.258819 -3.600000
v -24.500000 -25.000000 -3.600000
v -24.534074 -24.741181 -3.600000
v -24.633974 -24.500000 -3.600000
v -24.792893 -24.292894 -3.600000
v -25.000000 -24.133975 -3.600000
v -25.241181 -24.034075 -3.600000
v -25.500000 -24.000000 -3.600000
v -25.758819 -24.034075 -3.600000
v -26.000000 -24.133975 -3.600000
v -26.207106 -24.292894 -3.600000
v -26.366025 -24.500000 -3.600000
v -26.465925 -24.741181 -3.600000
v -24.500000 -25.000000 -8.800000
v -24.534074 -25.258819 -8.800000
v -24.633974 -25.500000 -8.800000
v -24.792893 -25.707107 -8.800000
v -25.000000 -25.866026 -8.800000
v -25.241181 -25.965926 -8.800000
v -25.500000 -26.000000 -8.800000
v -25.758819 -25.965926 -8.800000
v -26.000000 -25.866026 -8.800000
v -26.207106 -25.707107 -8.800000
v -26.366025 -25.500000 -8.800000
v -26.465925 -25.258819 -8.800000
v -26.500000 -25.000000 -8.800000
v -26.465925 -24.741181 -8.800000
v -26.366025 -24.500000 -8.800000
v -26.207106 -24.292894 -8.800000
v -26.000000 -24.133975 -8.800000
v -25.758819 -24.034075 -8.800000
v -25.500000 -24.000000 -8.800000
v -25.241181 -24.034075 -8.800000
v -25.000000 -24.133975 -8.800000
v -24.792893 -24.292894 -8.800000
v -24.633974 -24.500000 -8.800000
v -24.534074 -24.741181 -8.800000
v 24.000000 -25.000000 -14.000000
v 23.965926 -25.258819 -14.000000
v 23.866026 -25.500000 -14.000000
v 23.707107 -25.707107 -14.000000
v 23.500000 -25.866026 -14.000000
v 23.258819 -25.965926 -14.000000
v 23.000000 -26.000000 -14.000000
v 22.741181 -25.965926 -14.000000
v 22.500000 -25.866026 -14.000000
v 22.292894 -25.707107 -14.000000
v 22.133975 -25.500000 -14.000000
v 22.034075 -25.258819 -14.000000
v 22.000000 -25.000000 -14.000000
v 22.034075 -24.741181 -14.000000
v 22.133975 -24.500000 -14.000000
v 22.292894 -24.292894 -14.000000
v 22.500000 -24.133975 -14.000000
v 22.741181 -24.034075 -14.000000
v 23.000000 -24.000000 -14.000000
v 23.258819 -24.034075 -14.000000
v 23.500000 -24.133975 -14.000000
v 23.707107 -24.292894 -14.000000
v 23.866026 -24.500000 -14.000000
v 23.965926 -24.741181 -14.000000
v 22.000000 -25.000000 -3.600000
v 22.034075 -25.258819 -3.600000
v 22.133975 -25.500000 -3.600000
v 22.292894 -25.707107 -3.600000
v 22.500000 -25.866026 -3.600000
v 22.741181 -25.965926 -3.600000
v 23.000000 -26.000000 -3.600000
v 23.258819 -25.965926 -3.600000
v 23.500000 -25.866026 -3.600000
v 23.707107 -25.707107 -3.600000
v 23.866026 -25.500000 -3.600000
v 23.965926 -25.258819 -3.600000
v 24.000000 -25.000000 -3.600000
v 23.965926 -24.741181 -3.600000
v 23.866026 -24.500000 -3.600000
v 23.707107 -24.292894 -3.600000
v 23.500000 -24.133975 -3.600000
v 23.258819 -24.034075 -3.600000
v 23.000000 -24.000000 -3.600000
v 22.741181 -24.034075 -3.600000
v 22.500000 -24.133975 -3.600000
v 22.292894 -24.292894 -3.600000
v 22.133975 -24.500000 -3.600000
v 22.034075 -24.741181 -3.600000
v 24.000000 -25.000000 -8.800000
v 23.965926 -25.258819 -8.800000
v 23.866026 -25.500000 -8.800000
v 23.707107 -25.707107 -8.800000
v 23.500000 -25.866026 -8.800000
v 23.258819 -25.965926 -8.800000
v 23.000000 -26.000000 -8.800000
v 22.741181 -25.965926 -8.800000
v 22.500000 -25.866026 -8.800000
v 22.292894 -25.707107 -8.800000
v 22.133975 -25.500000 -8.800000
v 22.034075 -25.258819 -8.800000
v 22.000000 -25.000000 -8.800000
v 22.034075 -24.741181 -8.800000
v 22.133975 -24.500000 -8.800000
v 22.292894 -24.292894 -8.800000
v 22.500000 -24.133975 -8.800000
v 22.741181 -24.034075 -8.800000
v 23.000000 -24.000000 -8.800000
v 23.258819 -24.034075 -8.800000
v 23.500000 -24.133975 -8.800000
v 23.707107 -24.292894 -8.800000
v 23.866026 -24.500000 -8.800000
v 23.965926 -24.741181 -8.800000
v 26.000000 -25.000000 -14.000000
v 26.000000 26.000000 -14.000000
v 26.000000 26.000000 0.000000
v 26.000000 -25.000000 0.000000
v 20.099998 13.999999 -1.000000
v 20.099998 -9.000001 -1.000000
v 20.099998 -9.000001 0.000000
v 20.099998 13.999999 0.000000
v -22.600002 -9.000001 -1.000000
v -22.600002 -9.000001 0.000000
v -22.600002 13.999999 -1.000000
v -22.600002 13.999999 0.000000
v -22.600002 13.999999 -3.000000
v 20.099998 13.999999 -3.000000
v -19.100005 -16.000001 -3.000000
v -19.134079 -15.741183 -3.000000
v -19.233979 -15.500003 -3.000000
v -19.392898 -15.292896 -3.000000
v -19.600004 -15.133978 -3.000000
v -19.841184 -15.034078 -3.000000
v -20.100002 -15.000004 -3.000000
v -20.358821 -15.034078 -3.000000
v -20.600001 -15.133978 -3.000000
v -20.807107 -15.292896 -3.000000
v -20.966025 -15.500003 -3.000000
v -21.065925 -15.741183 -3.000000
v -21.099999 -16.000001 -3.000000
v -21.065925 -16.258819 -3.000000
v -20.966025 -16.500000 -3.000000
v -20.807107 -16.707106 -3.000000
v -20.600001 -16.866024 -3.000000
v -20.358821 -16.965924 -3.000000
v -20.100002 -16.999998 -3.000000
v -19.841184 -16.965924 -3.000000
v -19.600004 -16.866024 -3.000000
v -19.392898 -16.707106 -3.000000
v -19.233979 -16.500000 -3.000000
v -19.134079 -16.258819 -3.000000
v -12.999997 -18.500001 -3.000000
v -22.600000 -18.500001 -3.000000
v -22.600002 -15.000000 -3.000000
v -22.600002 -13.750001 -3.000000
v -10.874997 -13.750001 -3.000000
v -12.999997 -18.500001 -1.000000
v -22.600000 -18.500001 -1.000000
v -22.600002 -15.000000 -1.000000
v -22.600002 -13.750001 -1.000000
v -10.874997 -13.750001 -1.000000
v 18.599998 -16.000001 -3.000000
v 18.565923 -15.741182 -3.000000
v 18.466023 -15.500001 -3.000000
v 18.307104 -15.292894 -3.000000
v 18.099998 -15.133976 -3.000000
v 17.858817 -15.034075 -3.000000
v 17.599998 -15.000001 -3.000000
v 17.341179 -15.034075 -3.000000
v 17.099998 -15.133976 -3.000000
v 16.892891 -15.292894 -3.000000
v 16.733972 -15.500001 -3.000000
v 16.634072 -15.741182 -3.000000
v 16.599998 -16.000001 -3.000000
v 16.634072 -16.258820 -3.000000
v 16.733972 -16.500001 -3.000000
v 16.892891 -16.707108 -3.000000
v 17.099998 -16.866027 -3.000000
v 17.341179 -16.965927 -3.000000
v 17.599998 -17.000001 -3.000000
v 17.858817 -16.965927 -3.000000
v 18.099998 -16.866027 -3.000000
v 18.307104 -16.707108 -3.000000
v 18.466023 -16.500001 -3.000000
v 18.565923 -16.258820 -3.000000
v 20.099998 -13.750001 -3.000000
v 20.099998 -17.000000 -3.000000
v 20.099998 -18.500001 -3.000000
v 10.499998 -18.500001 -3.000000
v 8.374998 -13.750001 -3.000000
v 20.099998 -17.000000 -1.000000
v 20.099998 -13.750001 -1.000000
v 20.099998 -18.500001 -1.000000
v 10.499998 -18.500001 -1.000000
v 8.374998 -13.750001 -1.000000
v -25.500000 29.000000 0.000000
v -26.020944 28.954424 0.000000
v -26.526060 28.819078 0.000000
v -27.000000 28.598077 0.000000
v -27.428362 28.298134 0.000000
v -27.798133 27.928363 0.000000
v -28.098076 27.500000 0.000000
v -28.319077 27.026061 0.000000
v -28.454423 26.520945 0.000000
v -28.500000 26.000000 0.000000
v -28.500000 -25.000000 0.000000
v -28.454423 -25.520945 0.000000
v -28.319077 -26.026061 0.000000
v -28.098076 -26.500000 0.000000
v -27.798133 -26.928363 0.000000
v -27.428362 -27.298134 0.000000
v -27.000000 -27.598077 0.000000
v -26.526060 -27.819078 0.000000
v -26.020944 -27.954424 0.000000
v -25.500000 -28.000000 0.000000
v 23.000000 -28.000000 0.000000
v 23.520945 -27.954424 0.000000
v 24.026061 -27.819078 0.000000
v 24.500000 -27.598077 0.000000
v 24.928363 -27.298134 0.000000
v 25.298134 -26.928363 0.000000
v 25.598077 -26.500000 0.000000
v 25.819078 -26.026061 0.000000
v 25.954424 -25.520945 0.000000
v 25.954424 26.520945 0.000000
v 25.819078 27.026061 0.000000
v 25.598077 27.500000 0.000000
v 25.298134 27.928363 0.000000
v 24.928363 28.298134 0.000000
v 24.500000 28.598077 0.000000
v 24.026061 28.819078 0.000000
v 23.520945 28.954424 0.000000
v 23.000000 29.000000 0.000000
v -19.100005 16.999999 -3.000000
v -19.134079 17.258817 -3.000000
v -19.233979 17.499997 -3.000000
v -19.392898 17.707104 -3.000000
v -19.600004 17.866022 -3.000000
v -19.841184 17.965922 -3.000000
v -20.100002 17.999996 -3.000000
v -20.358821 17.965922 -3.000000
v -20.600001 17.866022 -3.000000
v -20.807107 17.707104 -3.000000
v -20.966025 17.499997 -3.000000
v -21.065925 17.258817 -3.000000
v -21.099999 16.999999 -3.000000
v -21.065925 16.741181 -3.000000
v -20.966025 16.500000 -3.000000
v -20.807107 16.292894 -3.000000
v -20.600001 16.133976 -3.000000
v -20.358821 16.034076 -3.000000
v -20.100002 16.000002 -3.000000
v -19.841184 16.034076 -3.000000
v -19.600004 16.133976 -3.000000
v -19.392898 16.292894 -3.000000
v -19.233979 16.500000 -3.000000
v -19.134079 16.741181 -3.000000
v 18.599996 16.999999 -3.000000
v 18.565921 17.258817 -3.000000
v 18.466021 17.499998 -3.000000
v 18.307103 17.707104 -3.000000
v 18.099997 17.866022 -3.000000
v 17.858816 17.965923 -3.000000
v 17.599998 17.999997 -3.000000
v 17.341179 17.965923 -3.000000
v 17.099999 17.866022 -3.000000
v 16.892892 17.707104 -3.000000
v 16.733974 17.499998 -3.000000
v 16.634074 17.258817 -3.000000
v 16.600000 16.999999 -3.000000
v 16.634074 16.741180 -3.000000
v 16.733974 16.500000 -3.000000
v 16.892892 16.292894 -3.000000
v 17.099999 16.133975 -3.000000
v 17.341179 16.034075 -3.000000
v 17.599998 16.000001 -3.000000
v 17.858816 16.034075 -3.000000
v 18.099997 16.133975 -3.000000
v 18.307103 16.292894 -3.000000
v 18.466021 16.500000 -3.000000
v 18.565921 16.741180 -3.000000
v 3.750000 15.000000 -3.000000
v 3.750000 19.499999 -3.000000
v 20.099998 19.499999 -3.000000
v -22.600002 19.499999 -3.000000
v -6.250000 19.500000 -3.000000
v -6.250000 15.000000 -3.000000
v -22.600002 19.499999 -1.000000
v -6.250000 19.500000 -1.000000
v -6.250000 15.000000 -1.000000
v 20.099998 19.499999 -1.000000
v 3.750000 19.499999 -1.000000
v 3.750000 15.000000 -1.000000
v 18.599996 16.999999 -10.000000
v 18.565921 16.741180 -10.000000
v 18.466021 16.500000 -10.000000
v 18.307103 16.292894 -10.000000
v 18.099997 16.133975 -10.000000
v 17.858816 16.034075 -10.000000
v 17.599998 16.000001 -10.000000
v 17.341179 16.034075 -10.000000
v 17.099999 16.133975 -10.000000
v 16.892892 16.292894 -10.000000
v 16.733974 16.500000 -10.000000
v 16.634074 16.741180 -10.000000
v 16.600000 16.999999 -10.000000
v 16.634074 17.258817 -10.000000
v 16.733974 17.499998 -10.000000
v 16.892892 17.707104 -10.000000
v 17.099999 17.866022 -10.000000
v 17.341179 17.965923 -10.000000
v 17.599998 17.999997 -10.000000
v 17.858816 17.965923 -10.000000
v 18.099997 17.866022 -10.000000
v 18.307103 17.707104 -10.000000
v 18.466021 17.499998 -10.000000
v 18.565921 17.258817 -10.000000
v 18.599996 16.999999 -6.500000
v 18.565921 17.258817 -6.500000
v 18.466021 17.499998 -6.500000
v 18.307103 17.707104 -6.500000
v 18.099997 17.866022 -6.500000
v 17.858816 17.965923 -6.500000
v 17.599998 17.999997 -6.500000
v 17.341179 17.965923 -6.500000
v 17.099999 17.866022 -6.500000
v 16.892892 17.707104 -6.500000
v 16.733974 17.499998 -6.500000
v 16.634074 17.258817 -6.500000
v 16.600000 16.999999 -6.500000
v 16.634074 16.741180 -6.500000
v 16.733974 16.500000 -6.500000
v 16.892892 16.292894 -6.500000
v 17.099999 16.133975 -6.500000
v 17.341179 16.034075 -6.500000
v 17.599998 16.000001 -6.500000
v 17.858816 16.034075 -6.500000
v 18.099997 16.133975 -6.500000
v 18.307103 16.292894 -6.500000
v 18.466021 16.500000 -6.500000
v 18.565921 16.741180 -6.500000
v 18.599998 -16.000001 -10.000000
v 18.565923 -16.258820 -10.000000
v 18.466023 -16.500001 -10.000000
v 18.307104 -16.707108 -10.000000
v 18.099998 -16.866027 -10.000000
v 17.858817 -16.965927 -10.000000
v 17.599998 -17.000001 -10.000000
v 17.341179 -16.965927 -10.000000
v 17.099998 -16.866027 -10.000000
v 16.892891 -16.707108 -10.000000
v 16.733972 -16.500001 -10.000000
v 16.634072 -16.258820 -10.000000
v 16.599998 -16.000001 -10.000000
v 16.634072 -15.741182 -10.000000
v 16.733972 -15.500001 -10.000000
v 16.892891 -15.292894 -10.000000
v 17.099998 -15.133976 -10.000000
v 17.341179 -15.034075 -10.000000
v 17.599998 -15.000001 -10.000000
v 17.858817 -15.034075 -10.000000
v 18.099998 -15.133976 -10.000000
v 18.307104 -15.292894 -10.000000
v 18.466023 -15.500001 -10.000000
v 18.565923 -15.741182 -10.000000
v 18.599998 -16.000001 -6.500000
v 18.565923 -15.741182 -6.500000
v 18.466023 -15.500001 -6.500000
v 18.307104 -15.292894 -6.500000
v 18.099998 -15.133976 -6.500000
v 17.858817 -15.034075 -6.500000
v 17.599998 -15.000001 -6.500000
v 17.341179 -15.034075 -6.500000
v 17.099998 -15.133976 -6.500000
v 16.892891 -15.292894 -6.500000
v 16.733972 -15.500001 -6.500000
v 16.634072 -15.741182 -6.500000
v 16.599998 -16.000001 -6.500000
v 16.634072 -16.258820 -6.500000
v 16.733972 -16.500001 -6.500000
v 16.892891 -16.707108 -6.500000
v 17.099998 -16.866027 -6.500000
v 17.341179 -16.965927 -6.500000
v 17.599998 -17.000001 -6.500000
v 17.858817 -16.965927 -6.500000
v 18.099998 -16.866027 -6.500000
v 18.307104 -16.707108 -6.500000
v 18.466023 -16.500001 -6.500000
v 18.565923 -16.258820 -6.500000
v -19.100005 16.999999 -10.000000
v -19.134079 16.741181 -10.000000
v -19.233979 16.500000 -10.000000
v -19.392898 16.292894 -10.000000
v -19.600004 16.133976 -10.000000
v -19.841184 16.034076 -10.000000
v -20.100002 16.000002 -10.000000
v -20.358821 16.034076 -10.000000
v -20.600001 16.133976 -10.000000
v -20.807107 16.292894 -10.000000
v -20.966025 16.500000 -10.000000
v -21.065925 16.741181 -10.000000
v -21.099999 16.999999 -10.000000
v -21.065925 17.258817 -10.000000
v -20.966025 17.499997 -10.000000
v -20.807107 17.707104 -10.000000
v -20.600001 17.866022 -10.000000
v -20.358821 17.965922 -10.000000
v -20.100002 17.999996 -10.000000
v -19.841184 17.965922 -10.000000
v -19.600004 17.866022 -10.000000
v -19.392898 17.707104 -10.000000
v -19.233979 17.499997 -10.000000
v -19.134079 17.258817 -10.000000
v -19.100005 16.999999 -6.500000
v -19.134079 17.258817 -6.500000
v -19.233979 17.499997 -6.500000
v -19.392898 17.707104 -6.500000
v -19.600004 17.866022 -6.500000
v -19.841184 17.965922 -6.500000
v -20.100002 17.999996 -6.500000
v -20.358821 17.965922 -6.500000
v -20.600001 17.866022 -6.500000
v -20.807107 17.707104 -6.500000
v -20.966025 17.499997 -6.500000
v -21.065925 17.258817 -6.500000
v -21.099999 16.999999 -6.500000
v -21.065925 16.741181 -6.500000
v -20.966025 16.500000 -6.500000
v -20.807107 16.292894 -6.500000
v -20.600001 16.133976 -6.500000
v -20.358821 16.034076 -6.500000
v -20.100002 16.000002 -6.500000
v -19.841184 16.034076 -6.500000
v -19.600004 16.133976 -6.500000
v -19.392898 16.292894 -6.500000
v -19.233979 16.500000 -6.500000
v -19.134079 16.741181 -6.500000
v -19.100005 -16.000001 -10.000000
v -19.134079 -16.258819 -10.000000
v -19.233979 -16.500000 -10.000000
v -19.392898 -16.707106 -10.000000
v -19.600004 -16.866024 -10.000000
v -19.841184 -16.965924 -10.000000
v -20.100002 -16.999998 -10.000000
v -20.358821 -16.965924 -10.000000
v -20.600001 -16.866024 -10.000000
v -20.807107 -16.707106 -10.000000
v -20.966025 -16.500000 -10.000000
v -21.065925 -16.258819 -10.000000
v -21.099999 -16.000001 -10.000000
v -21.065925 -15.741183 -10.000000
v -20.966025 -15.500003 -10.000000
v -20.807107 -15.292896 -10.000000
v -20.600001 -15.133978 -10.000000
v -20.358821 -15.034078 -10.000000
v -20.100002 -15.000004 -10.000000
v -19.841184 -15.034078 -10.000000
v -19.600004 -15.133978 -10.000000
v -19.392898 -15.292896 -10.000000
v -19.233979 -15.500003 -10.000000
v -19.134079 -15.741183 -10.000000
v -19.100005 -16.000001 -6.500000
v -19.134079 -15.741183 -6.500000
v -19.233979 -15.500003 -6.500000
v -19.392898 -15.292896 -6.500000
v -19.600004 -15.133978 -6.500000
v -19.841184 -15.034078 -6.500000
v -20.100002 -15.000004 -6.500000
v -20.358821 -15.034078 -6.500000
v -20.600001 -15.133978 -6.500000
v -20.807107 -15.292896 -6.500000
v -20.966025 -15.500003 -6.500000
v -21.065925 -15.741183 -6.500000
v -21.099999 -16.000001 -6.500000
v -21.065925 -16.258819 -6.500000
v -20.966025 -16.500000 -6.500000
v -20.807107 -16.707106 -6.500000
v -20.600001 -16.866024 -6.500000
v -20.358821 -16.965924 -6.500000
v -20.100002 -16.999998 -6.500000
v -19.841184 -16.965924 -6.500000
v -19.600004 -16.866024 -6.500000
v -19.392898 -16.707106 -6.500000
v -19.233979 -16.500000 -6.500000
v -19.134079 -16.258819 -6.500000
v 14.944203 -21.500000 -6.000000
v -23.100000 -21.500000 -6.000000
v -23.100000 -15.000000 -6.000000
v -22.600002 -15.000000 -6.000000
v -22.600000 -21.000000 -6.000000
v 15.400001 -21.000000 -6.000000
v 15.445155 -21.458462 -6.000000
v 15.578884 -21.899305 -6.000000
v 15.796047 -22.305589 -6.000000
v 16.088299 -22.661700 -6.000000
v 16.444410 -22.953952 -6.000000
v 16.850694 -23.171115 -6.000000
v 17.291537 -23.304844 -6.000000
v 17.749999 -23.349998 -6.000000
v 18.208461 -23.304844 -6.000000
v 18.649305 -23.171115 -6.000000
v 19.055588 -22.953952 -6.000000
v 19.411699 -22.661700 -6.000000
v 19.703952 -22.305589 -6.000000
v 19.921115 -21.899305 -6.000000
v 20.054843 -21.458462 -6.000000
v 20.099998 -21.000000 -6.000000
v 20.099998 -17.000000 -6.000000
v 20.599999 -17.000000 -6.000000
v 20.599998 -21.000000 -6.000000
v 20.551194 -21.525165 -6.000000
v 20.406455 -22.032344 -6.000000
v 20.170737 -22.504168 -6.000000
v 19.852113 -22.924476 -6.000000
v 19.461496 -23.278874 -6.000000
v 19.012264 -23.555226 -6.000000
v 18.519801 -23.744066 -6.000000
v 18.000974 -23.838926 -6.000000
v 17.473551 -23.836559 -6.000000
v 16.955597 -23.737045 -6.000000
v 16.464849 -23.543792 -6.000000
v 16.018115 -23.263420 -6.000000
v 15.630695 -22.905529 -6.000000
v 15.315857 -22.482378 -6.000000
v 15.084384 -22.008458 -6.000000
v -22.600000 -21.000000 -1.000000
v 15.400001 -21.000000 -1.000000
v 15.445155 -21.458462 -1.000000
v 15.578884 -21.899305 -1.000000
v 15.796047 -22.305589 -1.000000
v 16.088299 -22.661700 -1.000000
v 16.444410 -22.953952 -1.000000
v 16.850694 -23.171115 -1.000000
v 17.291537 -23.304844 -1.000000
v 17.749999 -23.349998 -1.000000
v 18.208461 -23.304844 -1.000000
v 18.649305 -23.171115 -1.000000
v 19.055588 -22.953952 -1.000000
v 19.411699 -22.661700 -1.000000
v 19.703952 -22.305589 -1.000000
v 19.921115 -21.899305 -1.000000
v 20.054843 -21.458462 -1.000000
v 20.099998 -21.000000 -1.000000
v 20.599999 -17.000000 -1.000000
v -23.100000 -15.000000 -1.000000
v -23.100000 -21.500000 -1.000000
v 14.944203 -21.500000 -1.000000
v 20.599998 -21.000000 -1.000000
v 20.551194 -21.525165 -1.000000
v 20.406455 -22.032344 -1.000000
v 20.170737 -22.504168 -1.000000
v 19.852113 -22.924476 -1.000000
v 19.461496 -23.278874 -1.000000
v 19.012264 -23.555226 -1.000000
v 18.519801 -23.744066 -1.000000
v 18.000974 -23.838926 -1.000000
v 17.473551 -23.836559 -1.000000
v 16.955597 -23.737045 -1.000000
v 16.464849 -23.543792 -1.000000
v 16.018115 -23.263420 -1.000000
v 15.630695 -22.905529 -1.000000
v 15.315857 -22.482378 -1.000000
v 15.084384 -22.008458 -1.000000
v 24.000000 24.267950 -14.000000
v 24.000000 -23.267950 -14.000000
v 24.000000 -23.267950 -1.000000
v 24.000000 24.267950 -1.000000
v 21.267950 -26.000000 -14.000000
v -23.767949 -26.000000 -14.000000
v -23.767949 -26.000000 -1.000000
v 21.267950 -26.000000 -1.000000
v 23.000000 -28.000000 -14.000000
v 23.520945 -27.954424 -14.000000
v 24.026061 -27.819078 -14.000000
v 24.500000 -27.598077 -14.000000
v 24.928363 -27.298134 -14.000000
v 25.298134 -26.928363 -14.000000
v 25.598077 -26.500000 -14.000000
v 25.819078 -26.026061 -14.000000
v 25.954424 -25.520945 -14.000000
v 23.520945 -27.954424 -7.000000
v 24.026061 -27.819078 -7.000000
v 24.500000 -27.598077 -7.000000
v 24.928363 -27.298134 -7.000000
v 25.298134 -26.928363 -7.000000
v 25.598077 -26.500000 -7.000000
v 25.819078 -26.026061 -7.000000
v 25.954424 -25.520945 -7.000000
v -25.500000 -28.000000 -14.000000
v -28.500000 -25.000000 -14.000000
v -28.454423 -25.520945 -14.000000
v -28.319077 -26.026061 -14.000000
v -28.098076 -26.500000 -14.000000
v -27.798133 -26.928363 -14.000000
v -27.428362 -27.298134 -14.000000
v -27.000000 -27.598077 -14.000000
v -26.526060 -27.819078 -14.000000
v -26.020944 -27.954424 -14.000000
v -28.454423 -25.520945 -7.000000
v -28.319077 -26.026061 -7.000000
v -28.098076 -26.500000 -7.000000
v -27.798133 -26.928363 -7.000000
v -27.428362 -27.298134 -7.000000
v -27.000000 -27.598077 -7.000000
v -26.526060 -27.819078 -7.000000
v -26.020944 -27.954424 -7.000000
v -23.592566 -25.601412 -1.000000
v -23.507610 -25.174312 -1.000000
v -23.517110 -24.738948 -1.000000
v -23.620614 -24.315960 -1.000000
v -23.813217 -23.925401 -1.000000
v -24.085786 -23.585787 -1.000000
v -24.425401 -23.313217 -1.000000
v -24.815960 -23.120615 -1.000000
v -25.238948 -23.017111 -1.000000
v -25.674312 -23.007611 -1.000000
v -26.101412 -23.092567 -1.000000
v -26.500000 -23.267950 -1.000000
v -26.500000 24.267950 -1.000000
v -26.101412 24.092567 -1.000000
v -25.674312 24.007611 -1.000000
v -25.238948 24.017111 -1.000000
v -24.815960 24.120615 -1.000000
v -24.425401 24.313217 -1.000000
v -24.085786 24.585787 -1.000000
v -23.813217 24.925401 -1.000000
v -23.620614 25.315960 -1.000000
v -23.517110 25.738948 -1.000000
v -23.507610 26.174312 -1.000000
v -23.592566 26.601412 -1.000000
v -23.767949 27.000000 -1.000000
v 21.267950 27.000000 -1.000000
v 21.092566 26.601412 -1.000000
v 21.007611 26.174312 -1.000000
v 21.017111 25.738948 -1.000000
v 21.120615 25.315960 -1.000000
v 21.313217 24.925401 -1.000000
v 21.585787 24.585787 -1.000000
v 21.925401 24.313218 -1.000000
v 22.315960 24.120615 -1.000000
v 22.738948 24.017111 -1.000000
v 23.174312 24.007611 -1.000000
v 23.601412 24.092567 -1.000000
v 23.601412 -23.092567 -1.000000
v 23.174312 -23.007611 -1.000000
v 22.738948 -23.017111 -1.000000
v 22.315960 -23.120615 -1.000000
v 21.925401 -23.313218 -1.000000
v 21.585787 -23.585787 -1.000000
v 21.313217 -23.925401 -1.000000
v 21.120615 -24.315960 -1.000000
v 21.017111 -24.738948 -1.000000
v 21.007611 -25.174312 -1.000000
v 21.092566 -25.601412 -1.000000
v 23.601412 -23.092567 -14.000000
v 23.174312 -23.007611 -14.000000
v 22.738948 -23.017111 -14.000000
v 22.315960 -23.120615 -14.000000
v 21.925401 -23.313218 -14.000000
v 21.585787 -23.585787 -14.000000
v 21.313217 -23.925401 -14.000000
v 21.120615 -24.315960 -14.000000
v 21.017111 -24.738948 -14.000000
v 21.007611 -25.174312 -14.000000
v 21.092566 -25.601412 -14.000000
v 23.601412 -23.092567 -7.500000
v 23.174312 -23.007611 -7.500000
v 22.738948 -23.017111 -7.500000
v 22.315960 -23.120615 -7.500000
v 21.925401 -23.313218 -7.500000
v 21.585787 -23.585787 -7.500000
v 21.313217 -23.925401 -7.500000
v 21.120615 -24.315960 -7.500000
v 21.017111 -24.738948 -7.500000
v 21.007611 -25.174312 -7.500000
v 21.092566 -25.601412 -7.500000
v -23.592566 -25.601412 -14.000000
v -23.507610 -25.174312 -14.000000
v -23.517110 -24.738948 -14.000000
v -23.620614 -24.315960 -14.000000
v -23.813217 -23.925401 -14.000000
v -24.085786 -23.585787 -14.000000
v -24.425401 -23.313217 -14.000000
v -24.815960 -23.120615 -14.000000
v -25.238948 -23.017111 -14.000000
v -25.674312 -23.007611 -14.000000
v -26.101412 -23.092567 -14.000000
v -26.500000 -23.267950 -14.000000
v -23.592566 -25.601412 -7.500000
v -23.507610 -25.174312 -7.500000
v -23.517110 -24.738948 -7.500000
v -23.620614 -24.315960 -7.500000
v -23.813217 -23.925401 -7.500000
v -24.085786 -23.585787 -7.500000
v -24.425401 -23.313217 -7.500000
v -24.815960 -23.120615 -7.500000
v -25.238948 -23.017111 -7.500000
v -25.674312 -23.007611 -7.500000
v -26.101412 -23.092567 -7.500000
v -28.500000 26.000000 -14.000000
v -25.500000 29.000000 -14.000000
v -26.020944 28.954424 -14.000000
v -26.526060 28.819078 -14.000000
v -27.000000 28.598077 -14.000000
v -27.428362 28.298134 -14.000000
v -27.798133 27.928363 -14.000000
v -28.098076 27.500000 -14.000000
v -28.319077 27.026061 -14.000000
v -28.454423 26.520945 -14.000000
v -26.020944 28.954424 -7.000000
v -26.526060 28.819078 -7.000000
v -27.000000 28.598077 -7.000000
v -27.428362 28.298134 -7.000000
v -27.798133 27.928363 -7.000000
v -28.098076 27.500000 -7.000000
v -28.319077 27.026061 -7.000000
v -28.454423 26.520945 -7.000000
v 23.000000 29.000000 -14.000000
v 25.954424 26.520945 -14.000000
v 25.819078 27.026061 -14.000000
v 25.598077 27.500000 -14.000000
v 25.298134 27.928363 -14.000000
v 24.928363 28.298134 -14.000000
v 24.500000 28.598077 -14.000000
v 24.026061 28.819078 -14.000000
v 23.520945 28.954424 -14.000000
v 25.954424 26.520945 -7.000000
v 25.819078 27.026061 -7.000000
v 25.598077 27.500000 -7.000000
v 25.298134 27.928363 -7.000000
v 24.928363 28.298134 -7.000000
v 24.500000 28.598077 -7.000000
v 24.026061 28.819078 -7.000000
v 23.520945 28.954424 -7.000000
v 21.267950 27.000000 -14.000000
v 21.092566 26.601412 -14.000000
v 21.007611 26.174312 -14.000000
v 21.017111 25.738948 -14.000000
v 21.120615 25.315960 -14.000000
v 21.313217 24.925401 -14.000000
v 21.585787 24.585787 -14.000000
v 21.925401 24.313218 -14.000000
v 22.315960 24.120615 -14.000000
v 22.738948 24.017111 -14.000000
v 23.174312 24.007611 -14.000000
v 23.601412 24.092567 -14.000000
v 21.092566 26.601412 -7.500000
v 21.007611 26.174312 -7.500000
v 21.017111 25.738948 -7.500000
v 21.120615 25.315960 -7.500000
v 21.313217 24.925401 -7.500000
v 21.585787 24.585787 -7.500000
v 21.925401 24.313218 -7.500000
v 22.315960 24.120615 -7.500000
v 22.738948 24.017111 -7.500000
v 23.174312 24.007611 -7.500000
v 23.601412 24.092567 -7.500000
v -23.767949 27.000000 -14.000000
v -26.500000 24.267950 -14.000000
v -26.101412 24.092567 -14.000000
v -25.674312 24.007611 -14.000000
v -25.238948 24.017111 -14.000000
v -24.815960 24.120615 -14.000000
v -24.425401 24.313217 -14.000000
v -24.085786 24.585787 -14.000000
v -23.813217 24.925401 -14.000000
v -23.620614 25.315960 -14.000000
v -23.517110 25.738948 -14.000000
v -23.507610 26.174312 -14.000000
v -23.592566 26.601412 -14.000000
v -26.101412 24.092567 -7.500000
v -25.674312 24.007611 -7.500000
v -25.238948 24.017111 -7.500000
v -24.815960 24.120615 -7.500000
v -24.425401 24.313217 -7.500000
v -24.085786 24.585787 -7.500000
v -23.813217 24.925401 -7.500000
v -23.620614 25.315960 -7.500000
v -23.517110 25.738948 -7.500000
v -23.507610 26.174312 -7.500000
v -23.592566 26.601412 -7.500000
vt -0.350000 -0.026180 0.000000
vt -0.340000 -0.026180 0.000000
vt -0.350000 0.000000 0.000000
vt -0.340000 0.000000 0.000000
vt -0.350000 0.026180 0.000000
vt -0.340000 0.026180 0.000000
vt -0.350000 0.052360 0.000000
vt -0.340000 0.052360 0.000000
vt -0.350000 0.078540 0.000000
vt -0.340000 0.078540 0.000000
vt -0.350000 0.104720 0.000000
vt -0.340000 0.104720 0.000000
vt -0.350000 0.130900 0.000000
vt -0.340000 0.130900 0.000000
vt -0.350000 0.157080 0.000000
vt -0.340000 0.157080 0.000000
vt -0.350000 0.183260 0.000000
vt -0.340000 0.183260 0.000000
vt -0.350000 0.209440 0.000000
vt -0.340000 0.209440 0.000000
vt -0.350000 0.235619 0.000000
vt -0.340000 0.235619 0.000000
vt -0.350000 0.261799 0.000000
vt -0.340000 0.261799 0.000000
vt -0.350000 0.287979 0.000000
vt -0.340000 0.287979 0.000000
vt -0.350000 0.314159 0.000000
vt -0.340000 0.314159 0.000000
vt -0.350000 -0.314159 0.000000
vt -0.340000 -0.314159 0.000000
vt -0.350000 -0.287979 0.000000
vt -0.340000 -0.287979 0.000000
vt -0.350000 -0.261799 0.000000
vt -0.340000 -0.261799 0.000000
vt -0.350000 -0.235619 0.000000
vt -0.340000 -0.235619 0.000000
vt -0.350000 -0.209440 0.000000
vt -0.340000 -0.209440 0.000000
vt -0.350000 -0.183260 0.000000
vt -0.340000 -0.183260 0.000000
vt -0.350000 -0.157080 0.000000
vt -0.340000 -0.157080 0.000000
vt -0.350000 -0.130900 0.000000
vt -0.340000 -0.130900 0.000000
vt -0.350000 -0.104720 0.000000
vt -0.340000 -0.104720 0.000000
vt -0.350000 -0.078540 0.000000
vt -0.340000 -0.078540 0.000000
vt -0.350000 -0.052360 0.000000
vt -0.340000 -0.052360 0.000000
vt -0.096593 -0.025882 0.000000
vt 0.096593 -0.025882 0.000000
vt -0.100000 0.000000 0.000000
vt 0.100000 0.000000 0.000000
vt -0.096593 0.025882 0.000000
vt 0.096593 0.025882 0.000000
vt -0.086603 0.050000 0.000000
vt 0.086603 0.050000 0.000000
vt -0.070711 0.070711 0.000000
vt 0.070711 0.070711 0.000000
vt -0.050000 0.086603 0.000000
vt 0.050000 0.086603 0.000000
vt -0.025882 0.096593 0.000000
vt 0.025882 0.096593 0.000000
vt -0.000000 0.100000 0.000000
vt 0.086603 -0.050000 0.000000
vt -0.086603 -0.050000 0.000000
vt 0.070711 -0.070711 0.000000
vt -0.070711 -0.070711 0.000000
vt 0.050000 -0.086603 0.000000
vt -0.050000 -0.086603 0.000000
vt 0.025882 -0.096593 0.000000
vt -0.025882 -0.096593 0.000000
vt -0.000000 -0.100000 0.000000
vt -0.350000 -0.026180 0.000000
vt -0.340000 -0.026180 0.000000
vt -0.350000 0.000000 0.000000
vt -0.340000 0.000000 0.000000
vt -0.350000 0.026180 0.000000
vt -0.340000 0.026180 0.000000
vt -0.350000 0.052360 0.000000
vt -0.340000 0.052360 0.000000
vt -0.350000 0.078540 0.000000
vt -0.340000 0.078540 0.000000
vt -0.350000 0.104720 0.000000
vt -0.340000 0.104720 0.000000
vt -0.350000 0.130900 0.000000
vt -0.340000 0.130900 0.000000
vt -0.350000 0.157080 0.000000
vt -0.340000 0.157080 0.000000
vt -0.350000 0.183260 0.000000
vt -0.340000 0.183260 0.000000
vt -0.350000 0.209440 0.000000
vt -0.340000 0.209440 0.000000
vt -0.350000 0.235619 0.000000
vt -0.340000 0.235619 0.000000
vt -0.350000 0.261799 0.000000
vt -0.340000 0.261799 0.000000
vt -0.350000 0.287979 0.000000
vt -0.340000 0.287979 0.000000
vt -0.350000 0.314159 0.000000
vt -0.340000 0.314159 0.000000
vt -0.350000 -0.314159 0.000000
vt -0.340000 -0.314159 0.000000
vt -0.350000 -0.287979 0.000000
vt -0.340000 -0.287979 0.000000
vt -0.350000 -0.261799 0.000000
vt -0.340000 -0.261799 0.000000
vt -0.350000 -0.235619 0.000000
vt -0.340000 -0.235619 0.000000
vt -0.350000 -0.209440 0.000000
vt -0.340000 -0.209440 0.000000
vt -0.350000 -0.183260 0.000000
vt -0.340000 -0.183260 0.000000
vt -0.350000 -0.157080 0.000000
vt -0.340000 -0.157080 0.000000
vt -0.350000 -0.130900 0.000000
vt -0.340000 -0.130900 0.000000
vt -0.350000 -0.104720 0.000000
vt -0.340000 -0.104720 0.000000
vt -0.350000 -0.078540 0.000000
vt -0.340000 -0.078540 0.000000
vt -0.350000 -0.052360 0.000000
vt -0.340000 -0.052360 0.000000
vt -0.096593 -0.025882 0.000000
vt 0.096593 -0.025882 0.000000
vt -0.100000 0.000000 0.000000
vt 0.100000 0.000000 0.000000
vt -0.096593 0.025882 0.000000
vt 0.096593 0.025882 0.000000
vt -0.086603 0.050000 0.000000
vt 0.086603 0.050000 0.000000
vt -0.070711 0.070711 0.000000
vt 0.070711 0.070711 0.000000
vt -0.050000 0.086603 0.000000
vt 0.050000 0.086603 0.000000
vt -0.025882 0.096593 0.000000
vt 0.025882 0.096593 0.000000
vt -0.000000 0.100000 0.000000
vt 0.086603 -0.050000 0.000000
vt -0.086603 -0.050000 0.000000
vt 0.070711 -0.070711 0.000000
vt -0.070711 -0.070711 0.000000
vt 0.050000 -0.086603 0.000000
vt -0.050000 -0.086603 0.000000
vt 0.025882 -0.096593 0.000000
vt -0.025882 -0.096593 0.000000
vt -0.000000 -0.100000 0.000000
vt -0.350000 -0.032725 0.000000
vt 0.350000 -0.032725 0.000000
vt -0.350000 -0.000000 0.000000
vt 0.350000 0.000000 0.000000
vt -0.350000 0.032725 0.000000
vt 0.350000 0.032725 0.000000
vt -0.350000 0.065450 0.000000
vt 0.350000 0.065450 0.000000
vt -0.350000 0.098175 0.000000
vt 0.350000 0.098175 0.000000
vt -0.350000 0.130900 0.000000
vt 0.350000 0.130900 0.000000
vt -0.350000 0.163625 0.000000
vt 0.350000 0.163625 0.000000
vt -0.350000 0.196350 0.000000
vt 0.350000 0.196350 0.000000
vt -0.350000 0.229074 0.000000
vt 0.350000 0.229074 0.000000
vt -0.350000 0.261799 0.000000
vt 0.350000 0.261799 0.000000
vt -0.350000 0.294524 0.000000
vt 0.350000 0.294524 0.000000
vt -0.350000 0.327249 0.000000
vt 0.350000 0.327249 0.000000
vt -0.350000 0.359974 0.000000
vt 0.350000 0.359974 0.000000
vt -0.350000 0.392699 0.000000
vt 0.350000 0.392699 0.000000
vt -0.350000 -0.392699 0.000000
vt 0.350000 -0.392699 0.000000
vt -0.350000 -0.359974 0.000000
vt 0.350000 -0.359974 0.000000
vt -0.350000 -0.327249 0.000000
vt 0.350000 -0.327249 0.000000
vt -0.350000 -0.294524 0.000000
vt 0.350000 -0.294524 0.000000
vt -0.350000 -0.261799 0.000000
vt 0.350000 -0.261799 0.000000
vt -0.350000 -0.229074 0.000000
vt 0.350000 -0.229074 0.000000
vt -0.350000 -0.196350 0.000000
vt 0.350000 -0.196350 0.000000
vt -0.350000 -0.163625 0.000000
vt 0.350000 -0.163625 0.000000
vt -0.350000 -0.130900 0.000000
vt 0.350000 -0.130900 0.000000
vt -0.350000 -0.098175 0.000000
vt 0.350000 -0.098175 0.000000
vt -0.350000 -0.065450 0.000000
vt 0.350000 -0.065450 0.000000
vt 0.096593 -0.025882 0.000000
vt 0.120741 -0.032352 0.000000
vt 0.100000 0.000000 0.000000
vt 0.125000 0.000000 0.000000
vt 0.096593 0.025882 0.000000
vt 0.120741 0.032352 0.000000
vt 0.086603 0.050000 0.000000
vt 0.108253 0.062500 0.000000
vt 0.070711 0.070711 0.000000
vt 0.088388 0.088388 0.000000
vt 0.050000 0.086603 0.000000
vt 0.062500 0.108253 0.000000
vt 0.025882 0.096593 0.000000
vt 0.032352 0.120741 0.000000
vt -0.000000 0.100000 0.000000
vt -0.000000 0.125000 0.000000
vt -0.032352 0.120741 0.000000
vt 0.086603 -0.050000 0.000000
vt 0.108253 -0.062500 0.000000
vt 0.070711 -0.070711 0.000000
vt 0.088388 -0.088388 0.000000
vt 0.050000 -0.086603 0.000000
vt 0.062500 -0.108253 0.000000
vt 0.025882 -0.096593 0.000000
vt 0.032352 -0.120741 0.000000
vt -0.000000 -0.100000 0.000000
vt -0.000000 -0.125000 0.000000
vt -0.032352 -0.120741 0.000000
vt -0.025882 -0.096593 0.000000
vt -0.062500 -0.108253 0.000000
vt -0.050000 -0.086603 0.000000
vt -0.088388 -0.088388 0.000000
vt -0.070711 -0.070711 0.000000
vt -0.108253 -0.062500 0.000000
vt -0.086603 -0.050000 0.000000
vt -0.120741 -0.032352 0.000000
vt -0.096593 -0.025882 0.000000
vt -0.125000 0.000000 0.000000
vt -0.100000 0.000000 0.000000
vt -0.096593 0.025882 0.000000
vt -0.120741 0.032352 0.000000
vt -0.086603 0.050000 0.000000
vt -0.108253 0.062500 0.000000
vt -0.070711 0.070711 0.000000
vt -0.088388 0.088388 0.000000
vt -0.050000 0.086603 0.000000
vt -0.062500 0.108253 0.000000
vt -0.025882 0.096593 0.000000
vt -0.350000 -0.032725 0.000000
vt 0.350000 -0.032725 0.000000
vt -0.350000 -0.000000 0.000000
vt 0.350000 0.000000 0.000000
vt -0.350000 0.032725 0.000000
vt 0.350000 0.032725 0.000000
vt -0.350000 0.065450 0.000000
vt 0.350000 0.065450 0.000000
vt -0.350000 0.098175 0.000000
vt 0.350000 0.098175 0.000000
vt -0.350000 0.130900 0.000000
vt 0.350000 0.130900 0.000000
vt -0.350000 0.163625 0.000000
vt 0.350000 0.163625 0.000000
vt -0.350000 0.196350 0.000000
vt 0.350000 0.196350 0.000000
vt -0.350000 0.229074 0.000000
vt 0.350000 0.229074 0.000000
vt -0.350000 0.261799 0.000000
vt 0.350000 0.261799 0.000000
vt -0.350000 0.294524 0.000000
vt 0.350000 0.294524 0.000000
vt -0.350000 0.327249 0.000000
vt 0.350000 0.327249 0.000000
vt -0.350000 0.359974 0.000000
vt 0.350000 0.359974 0.000000
vt -0.350000 0.392699 0.000000
vt 0.350000 0.392699 0.000000
vt -0.350000 -0.392699 0.000000
vt 0.350000 -0.392699 0.000000
vt -0.350000 -0.359974 0.000000
vt 0.350000 -0.359974 0.000000
vt -0.350000 -0.327249 0.000000
vt 0.350000 -0.327249 0.000000
vt -0.350000 -0.294524 0.000000
vt 0.350000 -0.294524 0.000000
vt -0.350000 -0.261799 0.000000
vt 0.350000 -0.261799 0.000000
vt -0.350000 -0.229074 0.000000
vt 0.350000 -0.229074 0.000000
vt -0.350000 -0.196350 0.000000
vt 0.350000 -0.196350 0.000000
vt -0.350000 -0.163625 0.000000
vt 0.350000 -0.163625 0.000000
vt -0.350000 -0.130900 0.000000
vt 0.350000 -0.130900 0.000000
vt -0.350000 -0.098175 0.000000
vt 0.350000 -0.098175 0.000000
vt -0.350000 -0.065450 0.000000
vt 0.350000 -0.065450 0.000000
vt 0.096593 -0.025882 0.000000
vt 0.120741 -0.032352 0.000000
vt 0.100000 0.000000 0.000000
vt 0.125000 0.000000 0.000000
vt 0.096593 0.025882 0.000000
vt 0.120741 0.032352 0.000000
vt 0.086603 0.050000 0.000000
vt 0.108253 0.062500 0.000000
vt 0.070711 0.070711 0.000000
vt 0.088388 0.088388 0.000000
vt 0.050000 0.086603 0.000000
vt 0.062500 0.108253 0.000000
vt 0.025882 0.096593 0.000000
vt 0.032352 0.120741 0.000000
vt -0.000000 0.100000 0.000000
vt -0.000000 0.125000 0.000000
vt -0.032352 0.120741 0.000000
vt 0.086603 -0.050000 0.000000
vt 0.108253 -0.062500 0.000000
vt 0.070711 -0.070711 0.000000
vt 0.088388 -0.088388 0.000000
vt 0.050000 -0.086603 0.000000
vt 0.062500 -0.108253 0.000000
vt 0.025882 -0.096593 0.000000
vt 0.032352 -0.120741 0.000000
vt -0.000000 -0.100000 0.000000
vt -0.000000 -0.125000 0.000000
vt -0.032352 -0.120741 0.000000
vt -0.025882 -0.096593 0.000000
vt -0.062500 -0.108253 0.000000
vt -0.050000 -0.086603 0.000000
vt -0.088388 -0.088388 0.000000
vt -0.070711 -0.070711 0.000000
vt -0.108253 -0.062500 0.000000
vt -0.086603 -0.050000 0.000000
vt -0.120741 -0.032352 0.000000
vt -0.096593 -0.025882 0.000000
vt -0.125000 0.000000 0.000000
vt -0.100000 0.000000 0.000000
vt -0.096593 0.025882 0.000000
vt -0.120741 0.032352 0.000000
vt -0.086603 0.050000 0.000000
vt -0.108253 0.062500 0.000000
vt -0.070711 0.070711 0.000000
vt -0.088388 0.088388 0.000000
vt -0.050000 0.086603 0.000000
vt -0.062500 0.108253 0.000000
vt -0.025882 0.096593 0.000000
vt -0.000000 0.100000 0.000000
vt -0.050000 0.100000 0.000000
vt -0.000000 0.000000 0.000000
vt -0.050000 0.000000 0.000000
vt -0.000000 0.100000 0.000000
vt -4.250000 0.100000 0.000000
vt -0.000000 0.000000 0.000000
vt -4.250000 0.000000 0.000000
vt -0.000000 0.100000 0.000000
vt -0.050000 0.100000 0.000000
vt -0.000000 0.000000 0.000000
vt -0.050000 0.000000 0.000000
vt -0.000000 0.100000 0.000000
vt -4.250000 0.100000 0.000000
vt -0.000000 0.000000 0.000000
vt -4.250000 0.000000 0.000000
vt -0.140000 0.287979 0.000000
vt 0.380000 0.287979 0.000000
vt -0.140000 0.314159 0.000000
vt 0.380000 0.314159 0.000000
vt -0.140000 -0.314159 0.000000
vt 0.380000 -0.314159 0.000000
vt -0.140000 -0.287979 0.000000
vt 0.380000 -0.287979 0.000000
vt -0.140000 -0.261799 0.000000
vt 0.380000 -0.261799 0.000000
vt -0.140000 -0.235619 0.000000
vt 0.380000 -0.235619 0.000000
vt -0.140000 -0.209440 0.000000
vt 0.380000 -0.209440 0.000000
vt -0.140000 -0.183260 0.000000
vt 0.380000 -0.183260 0.000000
vt -0.140000 -0.157080 0.000000
vt 0.380000 -0.157080 0.000000
vt -0.140000 -0.130900 0.000000
vt 0.380000 -0.130900 0.000000
vt -0.140000 -0.104720 0.000000
vt 0.380000 -0.104720 0.000000
vt -0.140000 -0.078540 0.000000
vt 0.380000 -0.078540 0.000000
vt -0.140000 -0.052360 0.000000
vt 0.380000 -0.052360 0.000000
vt -0.140000 -0.026180 0.000000
vt 0.380000 -0.026180 0.000000
vt -0.140000 -0.000000 0.000000
vt 0.380000 0.000000 0.000000
vt -0.140000 0.026180 0.000000
vt 0.380000 0.026180 0.000000
vt -0.140000 0.052360 0.000000
vt 0.380000 0.052360 0.000000
vt -0.140000 0.078540 0.000000
vt 0.380000 0.078540 0.000000
vt -0.140000 0.104720 0.000000
vt 0.380000 0.104720 0.000000
vt -0.140000 0.130900 0.000000
vt 0.380000 0.130900 0.000000
vt -0.140000 0.157080 0.000000
vt 0.380000 0.157080 0.000000
vt -0.140000 0.183260 0.000000
vt 0.380000 0.183260 0.000000
vt -0.140000 0.209440 0.000000
vt 0.380000 0.209440 0.000000
vt -0.140000 0.235619 0.000000
vt 0.380000 0.235619 0.000000
vt -0.140000 0.261799 0.000000
vt 0.380000 0.261799 0.000000
vt 0.900000 0.026180 0.000000
vt 0.900000 0.000000 0.000000
vt 0.900000 -0.026180 0.000000
vt 0.900000 -0.052360 0.000000
vt 0.900000 -0.078540 0.000000
vt 0.900000 -0.104720 0.000000
vt 0.900000 -0.130900 0.000000
vt 0.900000 -0.157080 0.000000
vt 0.900000 -0.183260 0.000000
vt 0.900000 -0.209440 0.000000
vt 0.900000 -0.235619 0.000000
vt 0.900000 -0.261799 0.000000
vt 0.900000 -0.287979 0.000000
vt 0.900000 -0.314159 0.000000
vt 0.900000 0.314159 0.000000
vt 0.900000 0.287979 0.000000
vt 0.900000 0.261799 0.000000
vt 0.900000 0.235619 0.000000
vt 0.900000 0.209440 0.000000
vt 0.900000 0.183260 0.000000
vt 0.900000 0.157080 0.000000
vt 0.900000 0.130900 0.000000
vt 0.900000 0.104720 0.000000
vt 0.900000 0.078540 0.000000
vt 0.900000 0.052360 0.000000
vt -0.096593 -0.025882 0.000000
vt 0.096593 -0.025882 0.000000
vt -0.100000 0.000000 0.000000
vt 0.100000 0.000000 0.000000
vt -0.096593 0.025882 0.000000
vt 0.096593 0.025882 0.000000
vt -0.086603 0.050000 0.000000
vt 0.086603 0.050000 0.000000
vt -0.070711 0.070711 0.000000
vt 0.070711 0.070711 0.000000
vt -0.050000 0.086603 0.000000
vt 0.050000 0.086603 0.000000
vt -0.025882 0.096593 0.000000
vt 0.025882 0.096593 0.000000
vt -0.000000 0.100000 0.000000
vt 0.086603 -0.050000 0.000000
vt -0.086603 -0.050000 0.000000
vt 0.070711 -0.070711 0.000000
vt -0.070711 -0.070711 0.000000
vt 0.050000 -0.086603 0.000000
vt -0.050000 -0.086603 0.000000
vt 0.025882 -0.096593 0.000000
vt -0.025882 -0.096593 0.000000
vt -0.000000 -0.100000 0.000000
vt -0.140000 0.287979 0.000000
vt 0.380000 0.287979 0.000000
vt -0.140000 0.314159 0.000000
vt 0.380000 0.314159 0.000000
vt -0.140000 -0.314159 0.000000
vt 0.380000 -0.314159 0.000000
vt -0.140000 -0.287979 0.000000
vt 0.380000 -0.287979 0.000000
vt -0.140000 -0.261799 0.000000
vt 0.380000 -0.261799 0.000000
vt -0.140000 -0.235619 0.000000
vt 0.380000 -0.235619 0.000000
vt -0.140000 -0.209440 0.000000
vt 0.380000 -0.209440 0.000000
vt -0.140000 -0.183260 0.000000
vt 0.380000 -0.183260 0.000000
vt -0.140000 -0.157080 0.000000
vt 0.380000 -0.157080 0.000000
vt -0.140000 -0.130900 0.000000
vt 0.380000 -0.130900 0.000000
vt -0.140000 -0.104720 0.000000
vt 0.380000 -0.104720 0.000000
vt -0.140000 -0.078540 0.000000
vt 0.380000 -0.078540 0.000000
vt -0.140000 -0.052360 0.000000
vt 0.380000 -0.052360 0.000000
vt -0.140000 -0.026180 0.000000
vt 0.380000 -0.026180 0.000000
vt -0.140000 -0.000000 0.000000
vt 0.380000 0.000000 0.000000
vt -0.140000 0.026180 0.000000
vt 0.380000 0.026180 0.000000
vt -0.140000 0.052360 0.000000
vt 0.380000 0.052360 0.000000
vt -0.140000 0.078540 0.000000
vt 0.380000 0.078540 0.000000
vt -0.140000 0.104720 0.000000
vt 0.380000 0.104720 0.000000
vt -0.140000 0.130900 0.000000
vt 0.380000 0.130900 0.000000
vt -0.140000 0.157080 0.000000
vt 0.380000 0.157080 0.000000
vt -0.140000 0.183260 0.000000
vt 0.380000 0.183260 0.000000
vt -0.140000 0.209440 0.000000
vt 0.380000 0.209440 0.000000
vt -0.140000 0.235619 0.000000
vt 0.380000 0.235619 0.000000
vt -0.140000 0.261799 0.000000
vt 0.380000 0.261799 0.000000
vt 0.900000 0.026180 0.000000
vt 0.900000 0.000000 0.000000
vt 0.900000 -0.026180 0.000000
vt 0.900000 -0.052360 0.000000
vt 0.900000 -0.078540 0.000000
vt 0.900000 -0.104720 0.000000
vt 0.900000 -0.130900 0.000000
vt 0.900000 -0.157080 0.000000
vt 0.900000 -0.183260 0.000000
vt 0.900000 -0.209440 0.000000
vt 0.900000 -0.235619 0.000000
vt 0.900000 -0.261799 0.000000
vt 0.900000 -0.287979 0.000000
vt 0.900000 -0.314159 0.000000
vt 0.900000 0.314159 0.000000
vt 0.900000 0.287979 0.000000
vt 0.900000 0.261799 0.000000
vt 0.900000 0.235619 0.000000
vt 0.900000 0.209440 0.000000
vt 0.900000 0.183260 0.000000
vt 0.900000 0.157080 0.000000
vt 0.900000 0.130900 0.000000
vt 0.900000 0.104720 0.000000
vt 0.900000 0.078540 0.000000
vt 0.900000 0.052360 0.000000
vt -0.096593 -0.025882 0.000000
vt 0.096593 -0.025882 0.000000
vt -0.100000 0.000000 0.000000
vt 0.100000 0.000000 0.000000
vt -0.096593 0.025882 0.000000
vt 0.096593 0.025882 0.000000
vt -0.086603 0.050000 0.000000
vt 0.086603 0.050000 0.000000
vt -0.070711 0.070711 0.000000
vt 0.070711 0.070711 0.000000
vt -0.050000 0.086603 0.000000
vt 0.050000 0.086603 0.000000
vt -0.025882 0.096593 0.000000
vt 0.025882 0.096593 0.000000
vt -0.000000 0.100000 0.000000
vt 0.086603 -0.050000 0.000000
vt -0.086603 -0.050000 0.000000
vt 0.070711 -0.070711 0.000000
vt -0.070711 -0.070711 0.000000
vt 0.050000 -0.086603 0.000000
vt -0.050000 -0.086603 0.000000
vt 0.025882 -0.096593 0.000000
vt -0.025882 -0.096593 0.000000
vt -0.000000 -0.100000 0.000000
vt 5.100000 1.400000 0.000000
vt 0.000000 1.400000 0.000000
vt 5.100000 0.000000 0.000000
vt 0.000000 0.000000 0.000000
vt 0.000000 0.100000 0.000000
vt -2.300000 0.100000 0.000000
vt 0.000000 0.000000 0.000000
vt -2.300000 0.000000 0.000000
vt -0.000000 0.100000 0.000000
vt -4.270000 0.100000 0.000000
vt -0.000000 0.000000 0.000000
vt -4.270000 0.000000 0.000000
vt 0.000000 0.100000 0.000000
vt -2.300000 0.100000 0.000000
vt 0.000000 0.000000 0.000000
vt -2.300000 0.000000 0.000000
vt -4.270000 0.000000 0.000000
vt -0.000000 0.000000 0.000000
vt -4.270000 0.100000 0.000000
vt -0.000000 0.100000 0.000000
vt -4.270000 0.300000 0.000000
vt -0.000000 0.300000 0.000000
vt 0.239658 0.038382 0.000000
vt -0.586250 0.237500 0.000000
vt 0.236251 0.012500 0.000000
vt -0.373750 -0.237500 0.000000
vt 0.239658 -0.013382 0.000000
vt 0.249648 -0.037500 0.000000
vt 0.265540 -0.058210 0.000000
vt 0.286250 -0.074102 0.000000
vt 0.310368 -0.084092 0.000000
vt 0.586250 -0.237500 0.000000
vt 0.336250 -0.087500 0.000000
vt 0.362132 -0.084092 0.000000
vt 0.386250 -0.074102 0.000000
vt 0.406961 -0.058210 0.000000
vt 0.422853 -0.037500 0.000000
vt 0.432843 -0.013382 0.000000
vt 0.586250 0.112500 0.000000
vt 0.436250 0.012500 0.000000
vt 0.432843 0.038382 0.000000
vt 0.422853 0.062500 0.000000
vt 0.406961 0.083210 0.000000
vt 0.386250 0.099102 0.000000
vt 0.362132 0.109092 0.000000
vt 0.586250 0.237500 0.000000
vt 0.336250 0.112500 0.000000
vt 0.310368 0.109092 0.000000
vt 0.286250 0.099102 0.000000
vt 0.265540 0.083210 0.000000
vt 0.249648 0.062500 0.000000
vt 0.000000 0.100000 0.000000
vt 0.960000 0.100000 0.000000
vt 0.000000 0.300000 0.000000
vt 0.960000 0.300000 0.000000
vt 0.350000 0.100000 0.000000
vt 0.475000 0.100000 0.000000
vt 0.350000 0.300000 0.000000
vt 0.475000 0.300000 0.000000
vt 0.000000 0.100000 0.000000
vt 0.520366 0.100000 0.000000
vt 0.000000 0.300000 0.000000
vt 0.520366 0.300000 0.000000
vt 0.000000 0.100000 0.000000
vt 1.172500 0.100000 0.000000
vt 0.000000 0.300000 0.000000
vt 1.172500 0.300000 0.000000
vt -0.432843 -0.013382 0.000000
vt -0.436250 0.012500 0.000000
vt -0.586250 -0.087500 0.000000
vt -0.432843 0.038382 0.000000
vt -0.586250 0.237500 0.000000
vt -0.422853 0.062500 0.000000
vt -0.406961 0.083211 0.000000
vt -0.386250 0.099103 0.000000
vt -0.362132 0.109093 0.000000
vt -0.336250 0.112500 0.000000
vt -0.310368 0.109093 0.000000
vt 0.586250 0.237500 0.000000
vt -0.286250 0.099103 0.000000
vt -0.265539 0.083211 0.000000
vt -0.249647 0.062500 0.000000
vt -0.239657 0.038382 0.000000
vt -0.236250 0.012500 0.000000
vt 0.373750 -0.237500 0.000000
vt -0.239657 -0.013382 0.000000
vt -0.249647 -0.037500 0.000000
vt -0.265539 -0.058211 0.000000
vt -0.286250 -0.074103 0.000000
vt -0.310368 -0.084093 0.000000
vt -0.586250 -0.237500 0.000000
vt -0.336250 -0.087500 0.000000
vt -0.362132 -0.084093 0.000000
vt -0.386250 -0.074103 0.000000
vt -0.406961 -0.058211 0.000000
vt -0.422853 -0.037500 0.000000
vt 0.325000 0.300000 0.000000
vt -0.000000 0.300000 0.000000
vt 0.325000 0.100000 0.000000
vt -0.000000 0.100000 0.000000
vt 0.000000 0.100000 0.000000
vt 0.960000 0.100000 0.000000
vt 0.000000 0.300000 0.000000
vt 0.960000 0.300000 0.000000
vt 0.000000 0.100000 0.000000
vt 1.172500 0.100000 0.000000
vt 0.000000 0.300000 0.000000
vt 1.172500 0.300000 0.000000
vt 0.000000 0.100000 0.000000
vt 0.520366 0.100000 0.000000
vt 0.000000 0.300000 0.000000
vt 0.520366 0.300000 0.000000
vt 2.125000 -2.000000 0.000000
vt 2.725000 -2.550000 0.000000
vt 2.125000 -1.950000 0.000000
vt 2.135000 -0.950000 0.000000
vt -2.125000 -1.950000 0.000000
vt -2.135000 -0.950000 0.000000
vt -2.725000 -2.550000 0.000000
vt -2.725000 2.550000 0.000000
vt -2.135000 1.350000 0.000000
vt -2.425000 2.850000 0.000000
vt 2.135000 1.350000 0.000000
vt 2.425000 2.850000 0.000000
vt 2.725000 2.550000 0.000000
vt 2.477094 2.845442 0.000000
vt 2.527606 2.831908 0.000000
vt 2.575000 2.809808 0.000000
vt 2.617836 2.779813 0.000000
vt 2.654813 2.742836 0.000000
vt 2.684808 2.700000 0.000000
vt 2.706908 2.652606 0.000000
vt 2.720442 2.602094 0.000000
vt -2.125000 -2.000000 0.000000
vt -2.425000 -2.850000 0.000000
vt 2.425000 -2.850000 0.000000
vt 2.477094 -2.845442 0.000000
vt 2.527606 -2.831908 0.000000
vt -2.477094 2.845442 0.000000
vt -2.527606 2.831908 0.000000
vt -2.575000 2.809808 0.000000
vt -2.617836 2.779813 0.000000
vt -2.654813 2.742836 0.000000
vt -2.684808 2.700000 0.000000
vt -2.706908 2.652606 0.000000
vt -2.720442 2.602094 0.000000
vt -2.720442 -2.602094 0.000000
vt -2.706908 -2.652606 0.000000
vt -2.684808 -2.700000 0.000000
vt -2.654813 -2.742836 0.000000
vt -2.617836 -2.779813 0.000000
vt -2.575000 -2.809808 0.000000
vt -2.527606 -2.831908 0.000000
vt -2.477094 -2.845442 0.000000
vt 2.575000 -2.809808 0.000000
vt 2.617836 -2.779813 0.000000
vt 2.654813 -2.742836 0.000000
vt 2.684808 -2.700000 0.000000
vt 2.706908 -2.652606 0.000000
vt 2.720442 -2.602094 0.000000
vt 1.788408 -0.000882 0.000000
vt 1.785000 0.025000 0.000000
vt 0.500000 -0.175000 0.000000
vt 1.788408 0.050882 0.000000
vt 0.500000 0.275000 0.000000
vt 1.798398 0.075000 0.000000
vt 1.814290 0.095710 0.000000
vt 1.835000 0.111602 0.000000
vt 1.859118 0.121592 0.000000
vt 1.885000 0.125000 0.000000
vt 2.135000 0.275000 0.000000
vt 1.910882 0.121592 0.000000
vt 1.935000 0.111602 0.000000
vt 1.955710 0.095710 0.000000
vt 1.971602 0.075000 0.000000
vt 1.981592 0.050882 0.000000
vt 1.985000 0.025000 0.000000
vt 2.135000 -0.275000 0.000000
vt 1.981592 -0.000882 0.000000
vt 1.971602 -0.025000 0.000000
vt 1.955710 -0.045711 0.000000
vt 1.935000 -0.061602 0.000000
vt 1.910882 -0.071592 0.000000
vt 1.885000 -0.075000 0.000000
vt -2.135000 -0.275000 0.000000
vt -0.500000 -0.175000 0.000000
vt -1.885000 -0.075000 0.000000
vt -1.859118 -0.071592 0.000000
vt -1.835000 -0.061602 0.000000
vt -1.814289 -0.045711 0.000000
vt -1.798398 -0.025000 0.000000
vt -1.788408 -0.000882 0.000000
vt -1.785000 0.025000 0.000000
vt -1.788408 0.050882 0.000000
vt -0.500000 0.275000 0.000000
vt -1.798398 0.075000 0.000000
vt -1.814289 0.095710 0.000000
vt -1.835000 0.111602 0.000000
vt -1.859118 0.121592 0.000000
vt -1.885000 0.125000 0.000000
vt -2.135000 0.275000 0.000000
vt -1.910882 0.121592 0.000000
vt -1.935000 0.111602 0.000000
vt -1.955711 0.095710 0.000000
vt -1.971602 0.075000 0.000000
vt -1.981592 0.050882 0.000000
vt -1.985000 0.025000 0.000000
vt -1.981592 -0.000882 0.000000
vt -1.971602 -0.025000 0.000000
vt -1.955711 -0.045711 0.000000
vt -1.935000 -0.061602 0.000000
vt -1.910882 -0.071592 0.000000
vt 1.859118 -0.071592 0.000000
vt 1.835000 -0.061602 0.000000
vt 1.814290 -0.045711 0.000000
vt 1.798398 -0.025000 0.000000
vt 0.000000 0.100000 0.000000
vt 0.550000 0.100000 0.000000
vt 0.000000 0.300000 0.000000
vt 0.550000 0.300000 0.000000
vt 0.000000 0.100000 0.000000
vt 1.635000 0.100000 0.000000
vt 0.000000 0.300000 0.000000
vt 1.635000 0.300000 0.000000
vt 0.000000 0.100000 0.000000
vt 0.450000 0.100000 0.000000
vt 0.000000 0.300000 0.000000
vt 0.450000 0.300000 0.000000
vt 0.000000 0.100000 0.000000
vt 0.550000 0.100000 0.000000
vt 0.000000 0.300000 0.000000
vt 0.550000 0.300000 0.000000
vt 0.000000 0.100000 0.000000
vt 1.635000 0.100000 0.000000
vt 0.000000 0.300000 0.000000
vt 1.635000 0.300000 0.000000
vt 0.000000 0.100000 0.000000
vt 0.450000 0.100000 0.000000
vt 0.000000 0.300000 0.000000
vt 0.450000 0.300000 0.000000
vt 0.000000 0.100000 0.000000
vt 1.000000 0.100000 0.000000
vt 0.000000 0.300000 0.000000
vt 1.000000 0.300000 0.000000
vt -0.096592 -0.025882 0.000000
vt 0.096592 -0.025882 0.000000
vt -0.100000 0.000000 0.000000
vt 0.100000 0.000000 0.000000
vt -0.096592 0.025882 0.000000
vt 0.096592 0.025882 0.000000
vt -0.086602 0.050000 0.000000
vt 0.086602 0.050000 0.000000
vt -0.070711 0.070711 0.000000
vt 0.070711 0.070711 0.000000
vt -0.050000 0.086602 0.000000
vt 0.050000 0.086602 0.000000
vt -0.025882 0.096592 0.000000
vt 0.025882 0.096592 0.000000
vt -0.000000 0.100000 0.000000
vt 0.086602 -0.050000 0.000000
vt -0.086602 -0.050000 0.000000
vt 0.070711 -0.070711 0.000000
vt -0.070711 -0.070711 0.000000
vt 0.050000 -0.086602 0.000000
vt -0.050000 -0.086602 0.000000
vt 0.025882 -0.096592 0.000000
vt -0.025882 -0.096592 0.000000
vt -0.000000 -0.100000 0.000000
vt -1.000000 0.287979 0.000000
vt -0.650000 0.287979 0.000000
vt -1.000000 0.314159 0.000000
vt -0.650000 0.314159 0.000000
vt -1.000000 -0.314159 0.000000
vt -0.650000 -0.314159 0.000000
vt -1.000000 -0.287979 0.000000
vt -0.650000 -0.287979 0.000000
vt -1.000000 -0.261799 0.000000
vt -0.650000 -0.261799 0.000000
vt -1.000000 -0.235619 0.000000
vt -0.650000 -0.235619 0.000000
vt -1.000000 -0.209439 0.000000
vt -0.650000 -0.209439 0.000000
vt -1.000000 -0.183259 0.000000
vt -0.650000 -0.183259 0.000000
vt -1.000000 -0.157079 0.000000
vt -0.650000 -0.157079 0.000000
vt -1.000000 -0.130899 0.000000
vt -0.650000 -0.130899 0.000000
vt -1.000000 -0.104720 0.000000
vt -0.650000 -0.104720 0.000000
vt -1.000000 -0.078540 0.000000
vt -0.650000 -0.078540 0.000000
vt -1.000000 -0.052360 0.000000
vt -0.650000 -0.052360 0.000000
vt -1.000000 -0.026180 0.000000
vt -0.650000 -0.026180 0.000000
vt -1.000000 0.000000 0.000000
vt -0.650000 0.000000 0.000000
vt -1.000000 0.026180 0.000000
vt -0.650000 0.026180 0.000000
vt -1.000000 0.052360 0.000000
vt -0.650000 0.052360 0.000000
vt -1.000000 0.078540 0.000000
vt -0.650000 0.078540 0.000000
vt -1.000000 0.104720 0.000000
vt -0.650000 0.104720 0.000000
vt -1.000000 0.130899 0.000000
vt -0.650000 0.130899 0.000000
vt -1.000000 0.157079 0.000000
vt -0.650000 0.157079 0.000000
vt -1.000000 0.183259 0.000000
vt -0.650000 0.183259 0.000000
vt -1.000000 0.209439 0.000000
vt -0.650000 0.209439 0.000000
vt -1.000000 0.235619 0.000000
vt -0.650000 0.235619 0.000000
vt -1.000000 0.261799 0.000000
vt -0.650000 0.261799 0.000000
vt -0.300000 -0.287979 0.000000
vt -0.300000 -0.314159 0.000000
vt -0.300000 0.314159 0.000000
vt -0.300000 0.287979 0.000000
vt -0.300000 0.261799 0.000000
vt -0.300000 0.235619 0.000000
vt -0.300000 0.209439 0.000000
vt -0.300000 0.183259 0.000000
vt -0.300000 0.157079 0.000000
vt -0.300000 0.130899 0.000000
vt -0.300000 0.104720 0.000000
vt -0.300000 0.078540 0.000000
vt -0.300000 0.052360 0.000000
vt -0.300000 0.026180 0.000000
vt -0.300000 0.000000 0.000000
vt -0.300000 -0.026180 0.000000
vt -0.300000 -0.052360 0.000000
vt -0.300000 -0.078540 0.000000
vt -0.300000 -0.104720 0.000000
vt -0.300000 -0.130899 0.000000
vt -0.300000 -0.157079 0.000000
vt -0.300000 -0.183259 0.000000
vt -0.300000 -0.209439 0.000000
vt -0.300000 -0.235619 0.000000
vt -0.300000 -0.261799 0.000000
vt -0.096593 -0.025882 0.000000
vt 0.096593 -0.025882 0.000000
vt -0.100000 0.000000 0.000000
vt 0.100000 0.000000 0.000000
vt -0.096593 0.025882 0.000000
vt 0.096593 0.025882 0.000000
vt -0.086603 0.050000 0.000000
vt 0.086603 0.050000 0.000000
vt -0.070711 0.070711 0.000000
vt 0.070711 0.070711 0.000000
vt -0.050000 0.086603 0.000000
vt 0.050000 0.086603 0.000000
vt -0.025882 0.096593 0.000000
vt 0.025882 0.096593 0.000000
vt -0.000000 0.100000 0.000000
vt 0.086603 -0.050000 0.000000
vt -0.086603 -0.050000 0.000000
vt 0.070711 -0.070711 0.000000
vt -0.070711 -0.070711 0.000000
vt 0.050000 -0.086603 0.000000
vt -0.050000 -0.086603 0.000000
vt 0.025882 -0.096593 0.000000
vt -0.025882 -0.096593 0.000000
vt -0.000000 -0.100000 0.000000
vt -1.000000 0.287979 0.000000
vt -0.650000 0.287979 0.000000
vt -1.000000 0.314159 0.000000
vt -0.650000 0.314159 0.000000
vt -1.000000 -0.314159 0.000000
vt -0.650000 -0.314159 0.000000
vt -1.000000 -0.287979 0.000000
vt -0.650000 -0.287979 0.000000
vt -1.000000 -0.261799 0.000000
vt -0.650000 -0.261799 0.000000
vt -1.000000 -0.235619 0.000000
vt -0.650000 -0.235619 0.000000
vt -1.000000 -0.209440 0.000000
vt -0.650000 -0.209440 0.000000
vt -1.000000 -0.183260 0.000000
vt -0.650000 -0.183260 0.000000
vt -1.000000 -0.157080 0.000000
vt -0.650000 -0.157080 0.000000
vt -1.000000 -0.130900 0.000000
vt -0.650000 -0.130900 0.000000
vt -1.000000 -0.104720 0.000000
vt -0.650000 -0.104720 0.000000
vt -1.000000 -0.078540 0.000000
vt -0.650000 -0.078540 0.000000
vt -1.000000 -0.052360 0.000000
vt -0.650000 -0.052360 0.000000
vt -1.000000 -0.026180 0.000000
vt -0.650000 -0.026180 0.000000
vt -1.000000 0.000000 0.000000
vt -0.650000 0.000000 0.000000
vt -1.000000 0.026180 0.000000
vt -0.650000 0.026180 0.000000
vt -1.000000 0.052360 0.000000
vt -0.650000 0.052360 0.000000
vt -1.000000 0.078540 0.000000
vt -0.650000 0.078540 0.000000
vt -1.000000 0.104720 0.000000
vt -0.650000 0.104720 0.000000
vt -1.000000 0.130900 0.000000
vt -0.650000 0.130900 0.000000
vt -1.000000 0.157080 0.000000
vt -0.650000 0.157080 0.000000
vt -1.000000 0.183260 0.000000
vt -0.650000 0.183260 0.000000
vt -1.000000 0.209440 0.000000
vt -0.650000 0.209440 0.000000
vt -1.000000 0.235619 0.000000
vt -0.650000 0.235619 0.000000
vt -1.000000 0.261799 0.000000
vt -0.650000 0.261799 0.000000
vt -0.300000 -0.287979 0.000000
vt -0.300000 -0.314159 0.000000
vt -0.300000 0.314159 0.000000
vt -0.300000 0.287979 0.000000
vt -0.300000 0.261799 0.000000
vt -0.300000 0.235619 0.000000
vt -0.300000 0.209440 0.000000
vt -0.300000 0.183260 0.000000
vt -0.300000 0.157080 0.000000
vt -0.300000 0.130900 0.000000
vt -0.300000 0.104720 0.000000
vt -0.300000 0.078540 0.000000
vt -0.300000 0.052360 0.000000
vt -0.300000 0.026180 0.000000
vt -0.300000 0.000000 0.000000
vt -0.300000 -0.026180 0.000000
vt -0.300000 -0.052360 0.000000
vt -0.300000 -0.078540 0.000000
vt -0.300000 -0.104720 0.000000
vt -0.300000 -0.130900 0.000000
vt -0.300000 -0.157080 0.000000
vt -0.300000 -0.183260 0.000000
vt -0.300000 -0.209440 0.000000
vt -0.300000 -0.235619 0.000000
vt -0.300000 -0.261799 0.000000
vt -0.096592 -0.025882 0.000000
vt 0.096592 -0.025882 0.000000
vt -0.100000 0.000000 0.000000
vt 0.100000 0.000000 0.000000
vt -0.096592 0.025882 0.000000
vt 0.096592 0.025882 0.000000
vt -0.086602 0.050000 0.000000
vt 0.086602 0.050000 0.000000
vt -0.070710 0.070710 0.000000
vt 0.070710 0.070710 0.000000
vt -0.050000 0.086602 0.000000
vt 0.050000 0.086602 0.000000
vt -0.025882 0.096592 0.000000
vt 0.025882 0.096592 0.000000
vt -0.000000 0.100000 0.000000
vt 0.086602 -0.050000 0.000000
vt -0.086602 -0.050000 0.000000
vt 0.070710 -0.070710 0.000000
vt -0.070710 -0.070710 0.000000
vt 0.050000 -0.086602 0.000000
vt -0.050000 -0.086602 0.000000
vt 0.025882 -0.096592 0.000000
vt -0.025882 -0.096592 0.000000
vt -0.000000 -0.100000 0.000000
vt -1.000000 0.287978 0.000000
vt -0.650000 0.287978 0.000000
vt -1.000000 0.314158 0.000000
vt -0.650000 0.314158 0.000000
vt -1.000000 -0.314158 0.000000
vt -0.650000 -0.314158 0.000000
vt -1.000000 -0.287978 0.000000
vt -0.650000 -0.287978 0.000000
vt -1.000000 -0.261799 0.000000
vt -0.650000 -0.261799 0.000000
vt -1.000000 -0.235619 0.000000
vt -0.650000 -0.235619 0.000000
vt -1.000000 -0.209439 0.000000
vt -0.650000 -0.209439 0.000000
vt -1.000000 -0.183259 0.000000
vt -0.650000 -0.183259 0.000000
vt -1.000000 -0.157079 0.000000
vt -0.650000 -0.157079 0.000000
vt -1.000000 -0.130899 0.000000
vt -0.650000 -0.130899 0.000000
vt -1.000000 -0.104719 0.000000
vt -0.650000 -0.104719 0.000000
vt -1.000000 -0.078540 0.000000
vt -0.650000 -0.078540 0.000000
vt -1.000000 -0.052360 0.000000
vt -0.650000 -0.052360 0.000000
vt -1.000000 -0.026180 0.000000
vt -0.650000 -0.026180 0.000000
vt -1.000000 0.000000 0.000000
vt -0.650000 0.000000 0.000000
vt -1.000000 0.026180 0.000000
vt -0.650000 0.026180 0.000000
vt -1.000000 0.052360 0.000000
vt -0.650000 0.052360 0.000000
vt -1.000000 0.078540 0.000000
vt -0.650000 0.078540 0.000000
vt -1.000000 0.104719 0.000000
vt -0.650000 0.104719 0.000000
vt -1.000000 0.130899 0.000000
vt -0.650000 0.130899 0.000000
vt -1.000000 0.157079 0.000000
vt -0.650000 0.157079 0.000000
vt -1.000000 0.183259 0.000000
vt -0.650000 0.183259 0.000000
vt -1.000000 0.209439 0.000000
vt -0.650000 0.209439 0.000000
vt -1.000000 0.235619 0.000000
vt -0.650000 0.235619 0.000000
vt -1.000000 0.261799 0.000000
vt -0.650000 0.261799 0.000000
vt -0.300000 -0.287978 0.000000
vt -0.300000 -0.314158 0.000000
vt -0.300000 0.314158 0.000000
vt -0.300000 0.287978 0.000000
vt -0.300000 0.261799 0.000000
vt -0.300000 0.235619 0.000000
vt -0.300000 0.209439 0.000000
vt -0.300000 0.183259 0.000000
vt -0.300000 0.157079 0.000000
vt -0.300000 0.130899 0.000000
vt -0.300000 0.104719 0.000000
vt -0.300000 0.078540 0.000000
vt -0.300000 0.052360 0.000000
vt -0.300000 0.026180 0.000000
vt -0.300000 0.000000 0.000000
vt -0.300000 -0.026180 0.000000
vt -0.300000 -0.052360 0.000000
vt -0.300000 -0.078540 0.000000
vt -0.300000 -0.104719 0.000000
vt -0.300000 -0.130899 0.000000
vt -0.300000 -0.157079 0.000000
vt -0.300000 -0.183259 0.000000
vt -0.300000 -0.209439 0.000000
vt -0.300000 -0.235619 0.000000
vt -0.300000 -0.261799 0.000000
vt -0.096592 -0.025882 0.000000
vt 0.096592 -0.025882 0.000000
vt -0.100000 0.000000 0.000000
vt 0.100000 0.000000 0.000000
vt -0.096592 0.025882 0.000000
vt 0.096592 0.025882 0.000000
vt -0.086602 0.050000 0.000000
vt 0.086602 0.050000 0.000000
vt -0.070710 0.070710 0.000000
vt 0.070710 0.070710 0.000000
vt -0.050000 0.086602 0.000000
vt 0.050000 0.086602 0.000000
vt -0.025882 0.096592 0.000000
vt 0.025882 0.096592 0.000000
vt -0.000000 0.100000 0.000000
vt 0.086602 -0.050000 0.000000
vt -0.086602 -0.050000 0.000000
vt 0.070710 -0.070710 0.000000
vt -0.070710 -0.070710 0.000000
vt 0.050000 -0.086602 0.000000
vt -0.050000 -0.086602 0.000000
vt 0.025882 -0.096592 0.000000
vt -0.025882 -0.096592 0.000000
vt -0.000000 -0.100000 0.000000
vt -1.000000 0.287978 0.000000
vt -0.650000 0.287978 0.000000
vt -1.000000 0.314158 0.000000
vt -0.650000 0.314158 0.000000
vt -1.000000 -0.314158 0.000000
vt -0.650000 -0.314158 0.000000
vt -1.000000 -0.287978 0.000000
vt -0.650000 -0.287978 0.000000
vt -1.000000 -0.261799 0.000000
vt -0.650000 -0.261799 0.000000
vt -1.000000 -0.235619 0.000000
vt -0.650000 -0.235619 0.000000
vt -1.000000 -0.209439 0.000000
vt -0.650000 -0.209439 0.000000
vt -1.000000 -0.183259 0.000000
vt -0.650000 -0.183259 0.000000
vt -1.000000 -0.157079 0.000000
vt -0.650000 -0.157079 0.000000
vt -1.000000 -0.130899 0.000000
vt -0.650000 -0.130899 0.000000
vt -1.000000 -0.104719 0.000000
vt -0.650000 -0.104719 0.000000
vt -1.000000 -0.078540 0.000000
vt -0.650000 -0.078540 0.000000
vt -1.000000 -0.052360 0.000000
vt -0.650000 -0.052360 0.000000
vt -1.000000 -0.026180 0.000000
vt -0.650000 -0.026180 0.000000
vt -1.000000 0.000000 0.000000
vt -0.650000 0.000000 0.000000
vt -1.000000 0.026180 0.000000
vt -0.650000 0.026180 0.000000
vt -1.000000 0.052360 0.000000
vt -0.650000 0.052360 0.000000
vt -1.000000 0.078540 0.000000
vt -0.650000 0.078540 0.000000
vt -1.000000 0.104719 0.000000
vt -0.650000 0.104719 0.000000
vt -1.000000 0.130899 0.000000
vt -0.650000 0.130899 0.000000
vt -1.000000 0.157079 0.000000
vt -0.650000 0.157079 0.000000
vt -1.000000 0.183259 0.000000
vt -0.650000 0.183259 0.000000
vt -1.000000 0.209439 0.000000
vt -0.650000 0.209439 0.000000
vt -1.000000 0.235619 0.000000
vt -0.650000 0.235619 0.000000
vt -1.000000 0.261799 0.000000
vt -0.650000 0.261799 0.000000
vt -0.300000 -0.287978 0.000000
vt -0.300000 -0.314158 0.000000
vt -0.300000 0.314158 0.000000
vt -0.300000 0.287978 0.000000
vt -0.300000 0.261799 0.000000
vt -0.300000 0.235619 0.000000
vt -0.300000 0.209439 0.000000
vt -0.300000 0.183259 0.000000
vt -0.300000 0.157079 0.000000
vt -0.300000 0.130899 0.000000
vt -0.300000 0.104719 0.000000
vt -0.300000 0.078540 0.000000
vt -0.300000 0.052360 0.000000
vt -0.300000 0.026180 0.000000
vt -0.300000 0.000000 0.000000
vt -0.300000 -0.026180 0.000000
vt -0.300000 -0.052360 0.000000
vt -0.300000 -0.078540 0.000000
vt -0.300000 -0.104719 0.000000
vt -0.300000 -0.130899 0.000000
vt -0.300000 -0.157079 0.000000
vt -0.300000 -0.183259 0.000000
vt -0.300000 -0.209439 0.000000
vt -0.300000 -0.235619 0.000000
vt -0.300000 -0.261799 0.000000
vt 2.185000 -0.207500 0.000000
vt 2.135000 -0.157500 0.000000
vt -1.619420 -0.207500 0.000000
vt -1.665000 -0.157500 0.000000
vt -1.669516 -0.203346 0.000000
vt 2.185000 0.442500 0.000000
vt 2.135000 0.442500 0.000000
vt -1.682888 -0.247431 0.000000
vt -1.633438 -0.258346 0.000000
vt -1.704605 -0.288059 0.000000
vt -1.656586 -0.305738 0.000000
vt -1.733830 -0.323670 0.000000
vt -1.688070 -0.348053 0.000000
vt -1.769441 -0.352895 0.000000
vt -1.726812 -0.383842 0.000000
vt -1.810069 -0.374612 0.000000
vt -1.854154 -0.387984 0.000000
vt -1.771485 -0.411879 0.000000
vt -1.900000 -0.392500 0.000000
vt -1.820560 -0.431205 0.000000
vt -1.976980 -0.431907 0.000000
vt -1.872355 -0.441156 0.000000
vt -1.925097 -0.441393 0.000000
vt -2.026226 -0.413023 0.000000
vt -1.945846 -0.387984 0.000000
vt -2.071150 -0.385388 0.000000
vt -1.989931 -0.374612 0.000000
vt -2.030559 -0.352895 0.000000
vt -2.110211 -0.349948 0.000000
vt -2.066170 -0.323670 0.000000
vt -2.142074 -0.307917 0.000000
vt -2.095395 -0.288059 0.000000
vt -2.165646 -0.260735 0.000000
vt -2.117112 -0.247431 0.000000
vt -2.180119 -0.210017 0.000000
vt -2.130484 -0.203346 0.000000
vt -2.185000 -0.157500 0.000000
vt -2.135000 -0.157500 0.000000
vt -2.185000 0.242500 0.000000
vt -2.135000 0.242500 0.000000
vt 0.000000 0.100000 0.000000
vt 3.800000 0.100000 0.000000
vt 0.000000 0.600000 0.000000
vt 3.800000 0.600000 0.000000
vt 0.600000 0.000000 0.000000
vt 0.100000 0.000000 0.000000
vt 0.600000 -0.046142 0.000000
vt 0.100000 -0.046142 0.000000
vt 0.600000 -0.092284 0.000000
vt 0.100000 -0.092284 0.000000
vt 0.600000 -0.138426 0.000000
vt 0.100000 -0.138426 0.000000
vt 0.600000 -0.184568 0.000000
vt 0.100000 -0.184568 0.000000
vt 0.600000 -0.230711 0.000000
vt 0.100000 -0.230711 0.000000
vt 0.600000 -0.276853 0.000000
vt 0.100000 -0.276853 0.000000
vt 0.600000 -0.322995 0.000000
vt 0.100000 -0.322995 0.000000
vt 0.600000 -0.369137 0.000000
vt 0.100000 -0.369137 0.000000
vt 0.600000 -0.415279 0.000000
vt 0.100000 -0.415279 0.000000
vt 0.600000 -0.461421 0.000000
vt 0.100000 -0.461421 0.000000
vt 0.600000 -0.507563 0.000000
vt 0.100000 -0.507563 0.000000
vt 0.600000 -0.553705 0.000000
vt 0.100000 -0.553705 0.000000
vt 0.600000 -0.599847 0.000000
vt 0.100000 -0.599847 0.000000
vt 0.600000 -0.645990 0.000000
vt 0.100000 -0.645990 0.000000
vt 0.600000 -0.692132 0.000000
vt 0.100000 -0.692132 0.000000
vt 0.600000 -0.738274 0.000000
vt 0.100000 -0.738274 0.000000
vt 0.400000 0.300000 0.000000
vt 0.400000 0.600000 0.000000
vt 0.250000 0.300000 0.000000
vt -0.000000 0.600000 0.000000
vt -0.000000 0.100000 0.000000
vt 0.250000 0.100000 0.000000
vt 0.000000 0.100000 0.000000
vt 0.050000 0.100000 0.000000
vt 0.000000 0.300000 0.000000
vt 0.050000 0.600000 0.000000
vt 0.000000 0.600000 0.000000
vt -0.000000 0.300000 0.000000
vt 0.350000 0.300000 0.000000
vt -0.000000 0.600000 0.000000
vt 0.600000 0.600000 0.000000
vt 0.600000 0.100000 0.000000
vt 0.350000 0.100000 0.000000
vt 0.050000 0.100000 0.000000
vt 0.050000 0.300000 0.000000
vt 0.000000 0.100000 0.000000
vt 0.000000 0.600000 0.000000
vt 0.050000 0.600000 0.000000
vt 0.000000 0.100000 0.000000
vt 0.650000 0.100000 0.000000
vt 0.000000 0.600000 0.000000
vt 0.650000 0.600000 0.000000
vt 0.000000 0.100000 0.000000
vt 3.804420 0.100000 0.000000
vt 0.000000 0.600000 0.000000
vt 3.804420 0.600000 0.000000
vt -0.600000 -0.845093 0.000000
vt -0.100000 -0.845093 0.000000
vt -0.600000 -0.792275 0.000000
vt -0.100000 -0.792275 0.000000
vt -0.600000 -0.739457 0.000000
vt -0.100000 -0.739457 0.000000
vt -0.600000 -0.686638 0.000000
vt -0.100000 -0.686638 0.000000
vt -0.600000 -0.633820 0.000000
vt -0.100000 -0.633820 0.000000
vt -0.600000 -0.581002 0.000000
vt -0.100000 -0.581002 0.000000
vt -0.600000 -0.528183 0.000000
vt -0.100000 -0.528183 0.000000
vt -0.600000 -0.475365 0.000000
vt -0.100000 -0.475365 0.000000
vt -0.600000 -0.422547 0.000000
vt -0.100000 -0.422547 0.000000
vt -0.600000 -0.369728 0.000000
vt -0.100000 -0.369728 0.000000
vt -0.600000 -0.316910 0.000000
vt -0.100000 -0.316910 0.000000
vt -0.600000 -0.264092 0.000000
vt -0.100000 -0.264092 0.000000
vt -0.600000 -0.211273 0.000000
vt -0.100000 -0.211273 0.000000
vt -0.600000 -0.158455 0.000000
vt -0.100000 -0.158455 0.000000
vt -0.600000 -0.105637 0.000000
vt -0.100000 -0.105637 0.000000
vt -0.600000 -0.052818 0.000000
vt -0.100000 -0.052818 0.000000
vt -0.600000 0.000000 0.000000
vt -0.100000 0.000000 0.000000
vt 0.000000 0.100000 0.000000
vt 0.400000 0.100000 0.000000
vt 0.000000 0.600000 0.000000
vt 0.400000 0.600000 0.000000
vt 4.753590 1.400000 0.000000
vt 0.000000 1.400000 0.000000
vt 4.753590 0.100000 0.000000
vt 0.000000 0.100000 0.000000
vt 4.503590 1.400000 0.000000
vt 0.000000 1.400000 0.000000
vt 4.503590 0.100000 0.000000
vt 0.000000 0.100000 0.000000
vt -0.000000 0.000000 0.000000
vt -1.400000 0.000000 0.000000
vt -0.700000 -0.052360 0.000000
vt -1.400000 -0.052360 0.000000
vt -0.700000 -0.104720 0.000000
vt -1.400000 -0.104720 0.000000
vt -0.700000 -0.157080 0.000000
vt -1.400000 -0.157080 0.000000
vt -0.700000 -0.209440 0.000000
vt -1.400000 -0.209440 0.000000
vt -0.700000 -0.261799 0.000000
vt -1.400000 -0.261799 0.000000
vt -0.700000 -0.314159 0.000000
vt -1.400000 -0.314159 0.000000
vt -0.700000 -0.366519 0.000000
vt -1.400000 -0.366519 0.000000
vt -0.700000 -0.418879 0.000000
vt -1.400000 -0.418879 0.000000
vt -1.400000 -0.471239 0.000000
vt -0.000000 -0.471239 0.000000
vt -0.000000 -0.418879 0.000000
vt -0.000000 -0.366519 0.000000
vt -0.000000 -0.314159 0.000000
vt -0.000000 -0.261799 0.000000
vt -0.000000 -0.209440 0.000000
vt -0.000000 -0.157080 0.000000
vt -0.000000 -0.104720 0.000000
vt -0.000000 -0.052360 0.000000
vt 4.850000 1.400000 0.000000
vt 0.000000 1.400000 0.000000
vt 4.850000 0.000000 0.000000
vt 0.000000 0.000000 0.000000
vt -0.000000 0.000000 0.000000
vt -1.400000 0.000000 0.000000
vt -0.700000 -0.052360 0.000000
vt -1.400000 -0.052360 0.000000
vt -0.700000 -0.104720 0.000000
vt -1.400000 -0.104720 0.000000
vt -0.700000 -0.157080 0.000000
vt -1.400000 -0.157080 0.000000
vt -0.700000 -0.209440 0.000000
vt -1.400000 -0.209440 0.000000
vt -0.700000 -0.261799 0.000000
vt -1.400000 -0.261799 0.000000
vt -0.700000 -0.314159 0.000000
vt -1.400000 -0.314159 0.000000
vt -0.700000 -0.366519 0.000000
vt -1.400000 -0.366519 0.000000
vt -0.700000 -0.418879 0.000000
vt -1.400000 -0.418879 0.000000
vt -1.400000 -0.471239 0.000000
vt -0.000000 -0.471239 0.000000
vt -0.000000 -0.418879 0.000000
vt -0.000000 -0.366519 0.000000
vt -0.000000 -0.314159 0.000000
vt 0.000000 -0.261799 0.000000
vt 0.000000 -0.209440 0.000000
vt -0.000000 -0.157080 0.000000
vt -0.000000 -0.104720 0.000000
vt -0.000000 -0.052360 0.000000
vt -2.125000 -1.950000 0.000000
vt -2.135000 -1.900000 0.000000
vt -2.125000 -2.000000 0.000000
vt -2.135000 -2.150000 0.000000
vt -1.665000 -2.150000 0.000000
vt -1.669515 -2.195846 0.000000
vt -1.682888 -2.239931 0.000000
vt -1.704605 -2.280559 0.000000
vt -1.733830 -2.316170 0.000000
vt -1.769441 -2.345395 0.000000
vt -1.810069 -2.367112 0.000000
vt -1.854154 -2.380484 0.000000
vt -1.900000 -2.385000 0.000000
vt -1.945846 -2.380484 0.000000
vt -1.989930 -2.367112 0.000000
vt -2.030559 -2.345395 0.000000
vt -2.066170 -2.316170 0.000000
vt -2.095395 -2.280559 0.000000
vt -2.117111 -2.239931 0.000000
vt -2.130484 -2.195846 0.000000
vt 2.125000 -1.950000 0.000000
vt 1.175000 -1.900000 0.000000
vt -1.175000 -1.900000 0.000000
vt 2.135000 -1.900000 0.000000
vt 2.125000 -2.000000 0.000000
vt 2.135000 -2.150000 0.000000
vt 2.234257 -2.610141 0.000000
vt -1.656586 -2.298238 0.000000
vt 2.251795 -2.650000 0.000000
vt -1.688069 -2.340553 0.000000
vt -1.726811 -2.376342 0.000000
vt -1.633438 -2.250846 0.000000
vt 2.225761 -2.567431 0.000000
vt -1.619420 -2.200000 0.000000
vt 2.185000 -2.200000 0.000000
vt 2.226711 -2.523895 0.000000
vt 2.237061 -2.481596 0.000000
vt 2.256322 -2.442540 0.000000
vt 2.283579 -2.408579 0.000000
vt 2.317540 -2.381322 0.000000
vt 2.356596 -2.362061 0.000000
vt 2.398895 -2.351711 0.000000
vt 2.442431 -2.350761 0.000000
vt 2.185000 -1.550000 0.000000
vt 2.485141 -2.359257 0.000000
vt 2.525000 -2.376795 0.000000
vt 2.135000 -0.950000 0.000000
vt 2.525000 2.376795 0.000000
vt 2.135000 1.350000 0.000000
vt 2.135000 1.900000 0.000000
vt 2.485141 2.359257 0.000000
vt 2.442431 2.350761 0.000000
vt 2.398895 2.351711 0.000000
vt 2.356596 2.362061 0.000000
vt 2.317540 2.381322 0.000000
vt 2.283579 2.408579 0.000000
vt 2.256322 2.442540 0.000000
vt 2.237061 2.481596 0.000000
vt 2.226711 2.523895 0.000000
vt 0.500000 1.900000 0.000000
vt 2.225761 2.567431 0.000000
vt 2.234257 2.610141 0.000000
vt 2.251795 2.650000 0.000000
vt -2.251795 2.650000 0.000000
vt -0.500000 1.900000 0.000000
vt -2.234257 2.610141 0.000000
vt -2.225761 2.567431 0.000000
vt -2.226711 2.523895 0.000000
vt -2.135000 1.900000 0.000000
vt -2.237061 2.481596 0.000000
vt -2.256322 2.442540 0.000000
vt -2.283579 2.408579 0.000000
vt -2.317540 2.381322 0.000000
vt -2.356596 2.362062 0.000000
vt -2.398895 2.351711 0.000000
vt -2.442431 2.350761 0.000000
vt -2.485141 2.359257 0.000000
vt -2.525000 2.376795 0.000000
vt -2.135000 1.350000 0.000000
vt -2.135000 -0.950000 0.000000
vt -2.525000 -2.376795 0.000000
vt -2.135000 -1.425000 0.000000
vt -2.185000 -1.750000 0.000000
vt -2.135000 -1.750000 0.000000
vt -2.485141 -2.359257 0.000000
vt -2.442431 -2.350761 0.000000
vt -2.185000 -2.150000 0.000000
vt -2.398895 -2.351711 0.000000
vt -2.356596 -2.362062 0.000000
vt -2.180119 -2.202517 0.000000
vt -2.317540 -2.381322 0.000000
vt -2.165645 -2.253234 0.000000
vt -2.283579 -2.408579 0.000000
vt -2.142074 -2.300417 0.000000
vt -2.256322 -2.442540 0.000000
vt -2.110211 -2.342448 0.000000
vt -2.237061 -2.481596 0.000000
vt -2.071150 -2.377887 0.000000
vt -2.226711 -2.523895 0.000000
vt -2.026226 -2.405523 0.000000
vt -2.225761 -2.567431 0.000000
vt -1.976980 -2.424407 0.000000
vt -2.234257 -2.610141 0.000000
vt -1.925097 -2.433893 0.000000
vt -2.251795 -2.650000 0.000000
vt -1.872355 -2.433656 0.000000
vt -1.820560 -2.423705 0.000000
vt -1.771485 -2.404379 0.000000
vt -0.962500 -1.425000 0.000000
vt 0.962500 -1.425000 0.000000
vt 2.135000 -1.425000 0.000000
vt 2.135000 -1.550000 0.000000
vt -0.500000 1.450000 0.000000
vt 0.500000 1.450000 0.000000
vt -0.100000 -0.209440 0.000000
vt -1.400000 -0.209440 0.000000
vt -0.750000 -0.253073 0.000000
vt -1.400000 -0.253073 0.000000
vt -0.750000 -0.296706 0.000000
vt -1.400000 -0.296706 0.000000
vt -0.750000 -0.340339 0.000000
vt -1.400000 -0.340339 0.000000
vt -0.750000 -0.383972 0.000000
vt -1.400000 -0.383972 0.000000
vt -0.750000 -0.427606 0.000000
vt -1.400000 -0.427606 0.000000
vt -0.750000 -0.471239 0.000000
vt -1.400000 -0.471239 0.000000
vt -0.750000 -0.514872 0.000000
vt -1.400000 -0.514872 0.000000
vt -0.750000 -0.558505 0.000000
vt -1.400000 -0.558505 0.000000
vt -0.750000 -0.602139 0.000000
vt -1.400000 -0.602139 0.000000
vt -0.750000 -0.645772 0.000000
vt -1.400000 -0.645772 0.000000
vt -0.750000 -0.689405 0.000000
vt -1.400000 -0.689405 0.000000
vt -1.400000 -0.733038 0.000000
vt -0.100000 -0.733038 0.000000
vt -0.100000 -0.689405 0.000000
vt -0.100000 -0.645772 0.000000
vt -0.100000 -0.602139 0.000000
vt -0.100000 -0.558505 0.000000
vt -0.100000 -0.514872 0.000000
vt -0.100000 -0.471239 0.000000
vt -0.100000 -0.427606 0.000000
vt -0.100000 -0.383972 0.000000
vt -0.100000 -0.340339 0.000000
vt -0.100000 -0.296706 0.000000
vt -0.100000 -0.253073 0.000000
vt -0.100000 0.104720 0.000000
vt -1.400000 0.104720 0.000000
vt -0.750000 0.061087 0.000000
vt -1.400000 0.061087 0.000000
vt -0.750000 0.017453 0.000000
vt -1.400000 0.017453 0.000000
vt -0.750000 -0.026180 0.000000
vt -1.400000 -0.026180 0.000000
vt -0.750000 -0.069813 0.000000
vt -1.400000 -0.069813 0.000000
vt -0.750000 -0.113446 0.000000
vt -1.400000 -0.113446 0.000000
vt -0.750000 -0.157080 0.000000
vt -1.400000 -0.157080 0.000000
vt -0.750000 -0.200713 0.000000
vt -1.400000 -0.200713 0.000000
vt -0.750000 -0.244346 0.000000
vt -1.400000 -0.244346 0.000000
vt -0.750000 -0.287979 0.000000
vt -1.400000 -0.287979 0.000000
vt -0.750000 -0.331613 0.000000
vt -1.400000 -0.331613 0.000000
vt -0.750000 -0.375246 0.000000
vt -1.400000 -0.375246 0.000000
vt -1.400000 -0.418879 0.000000
vt -0.100000 -0.418879 0.000000
vt -0.100000 -0.375246 0.000000
vt -0.100000 -0.331613 0.000000
vt -0.100000 -0.287979 0.000000
vt -0.100000 -0.244346 0.000000
vt -0.100000 -0.200713 0.000000
vt -0.100000 -0.157080 0.000000
vt -0.100000 -0.113446 0.000000
vt -0.100000 -0.069813 0.000000
vt -0.100000 -0.026180 0.000000
vt -0.100000 0.017453 0.000000
vt -0.100000 0.061087 0.000000
vt 5.100000 1.400000 0.000000
vt 0.000000 1.400000 0.000000
vt 5.100000 0.000000 0.000000
vt 0.000000 0.000000 0.000000
vt -0.000000 0.000000 0.000000
vt -1.400000 0.000000 0.000000
vt -0.700000 -0.052360 0.000000
vt -1.400000 -0.052360 0.000000
vt -0.700000 -0.104720 0.000000
vt -1.400000 -0.104720 0.000000
vt -0.700000 -0.157080 0.000000
vt -1.400000 -0.157080 0.000000
vt -0.700000 -0.209440 0.000000
vt -1.400000 -0.209440 0.000000
vt -0.700000 -0.261799 0.000000
vt -1.400000 -0.261799 0.000000
vt -0.700000 -0.314159 0.000000
vt -1.400000 -0.314159 0.000000
vt -0.700000 -0.366519 0.000000
vt -1.400000 -0.366519 0.000000
vt -0.700000 -0.418879 0.000000
vt -1.400000 -0.418879 0.000000
vt -1.400000 -0.471239 0.000000
vt -0.000000 -0.471239 0.000000
vt -0.000000 -0.418879 0.000000
vt -0.000000 -0.366519 0.000000
vt -0.000000 -0.314159 0.000000
vt -0.000000 -0.261799 0.000000
vt -0.000000 -0.209440 0.000000
vt -0.000000 -0.157080 0.000000
vt -0.000000 -0.104720 0.000000
vt -0.000000 -0.052360 0.000000
vt 4.850000 1.400000 0.000000
vt 0.000000 1.400000 0.000000
vt 4.850000 0.000000 0.000000
vt 0.000000 0.000000 0.000000
vt -0.000000 0.000000 0.000000
vt -1.400000 0.000000 0.000000
vt -0.700000 -0.052360 0.000000
vt -1.400000 -0.052360 0.000000
vt -0.700000 -0.104720 0.000000
vt -1.400000 -0.104720 0.000000
vt -0.700000 -0.157080 0.000000
vt -1.400000 -0.157080 0.000000
vt -0.700000 -0.209440 0.000000
vt -1.400000 -0.209440 0.000000
vt -0.700000 -0.261799 0.000000
vt -1.400000 -0.261799 0.000000
vt -0.700000 -0.314159 0.000000
vt -1.400000 -0.314159 0.000000
vt -0.700000 -0.366519 0.000000
vt -1.400000 -0.366519 0.000000
vt -0.700000 -0.418879 0.000000
vt -1.400000 -0.418879 0.000000
vt -1.400000 -0.471239 0.000000
vt -0.000000 -0.471239 0.000000
vt -0.000000 -0.418879 0.000000
vt -0.000000 -0.366519 0.000000
vt -0.000000 -0.314159 0.000000
vt -0.000000 -0.261799 0.000000
vt -0.000000 -0.209440 0.000000
vt -0.000000 -0.157080 0.000000
vt -0.000000 -0.104720 0.000000
vt -0.000000 -0.052360 0.000000
vt -0.100000 -0.523599 0.000000
vt -1.400000 -0.523599 0.000000
vt -0.750000 -0.567232 0.000000
vt -1.400000 -0.567232 0.000000
vt -0.750000 -0.610865 0.000000
vt -1.400000 -0.610865 0.000000
vt -0.750000 -0.654498 0.000000
vt -1.400000 -0.654498 0.000000
vt -0.750000 -0.698132 0.000000
vt -1.400000 -0.698132 0.000000
vt -0.750000 -0.741765 0.000000
vt -1.400000 -0.741765 0.000000
vt -0.750000 -0.785398 0.000000
vt -1.400000 -0.785398 0.000000
vt -0.750000 -0.829031 0.000000
vt -1.400000 -0.829031 0.000000
vt -0.750000 -0.872665 0.000000
vt -1.400000 -0.872665 0.000000
vt -0.750000 -0.916298 0.000000
vt -1.400000 -0.916298 0.000000
vt -0.750000 -0.959931 0.000000
vt -1.400000 -0.959931 0.000000
vt -0.750000 -1.003564 0.000000
vt -1.400000 -1.003564 0.000000
vt -1.400000 -1.047198 0.000000
vt -0.100000 -1.047198 0.000000
vt -0.100000 -1.003564 0.000000
vt -0.100000 -0.959931 0.000000
vt -0.100000 -0.916298 0.000000
vt -0.100000 -0.872665 0.000000
vt -0.100000 -0.829031 0.000000
vt -0.100000 -0.785398 0.000000
vt -0.100000 -0.741765 0.000000
vt -0.100000 -0.698132 0.000000
vt -0.100000 -0.654498 0.000000
vt -0.100000 -0.610865 0.000000
vt -0.100000 -0.567232 0.000000
vt 4.503590 1.400000 0.000000
vt 0.000000 1.400000 0.000000
vt 4.503590 0.100000 0.000000
vt 0.000000 0.100000 0.000000
vt -0.100000 0.418879 0.000000
vt -1.400000 0.418879 0.000000
vt -0.750000 0.375246 0.000000
vt -1.400000 0.375246 0.000000
vt -0.750000 0.331613 0.000000
vt -1.400000 0.331613 0.000000
vt -0.750000 0.287979 0.000000
vt -1.400000 0.287979 0.000000
vt -0.750000 0.244346 0.000000
vt -1.400000 0.244346 0.000000
vt -0.750000 0.200713 0.000000
vt -1.400000 0.200713 0.000000
vt -0.750000 0.157080 0.000000
vt -1.400000 0.157080 0.000000
vt -0.750000 0.113446 0.000000
vt -1.400000 0.113446 0.000000
vt -0.750000 0.069813 0.000000
vt -1.400000 0.069813 0.000000
vt -0.750000 0.026180 0.000000
vt -1.400000 0.026180 0.000000
vt -0.750000 -0.017453 0.000000
vt -1.400000 -0.017453 0.000000
vt -0.750000 -0.061087 0.000000
vt -1.400000 -0.061087 0.000000
vt -1.400000 -0.104720 0.000000
vt -0.100000 -0.104720 0.000000
vt -0.100000 -0.061087 0.000000
vt -0.100000 -0.017453 0.000000
vt -0.100000 0.026180 0.000000
vt -0.100000 0.069813 0.000000
vt -0.100000 0.113446 0.000000
vt -0.100000 0.157080 0.000000
vt -0.100000 0.200713 0.000000
vt -0.100000 0.244346 0.000000
vt -0.100000 0.287979 0.000000
vt -0.100000 0.331613 0.000000
vt -0.100000 0.375246 0.000000
vt 4.753590 1.400000 0.000000
vt 0.000000 1.400000 0.000000
vt 4.753590 0.100000 0.000000
vt 0.000000 0.100000 0.000000
vt -2.304259 2.517648 0.000000
vt -2.226711 2.523895 0.000000
vt -2.300000 2.550000 0.000000
vt -2.225761 2.567431 0.000000
vt -2.304259 2.582352 0.000000
vt -2.234257 2.610141 0.000000
vt -2.316747 2.612500 0.000000
vt -2.251795 2.650000 0.000000
vt -2.336612 2.638388 0.000000
vt -2.362500 2.658253 0.000000
vt -2.425000 2.850000 0.000000
vt -2.392648 2.670741 0.000000
vt -2.425000 2.675000 0.000000
vt -2.477094 2.845442 0.000000
vt -2.457352 2.670741 0.000000
vt -2.527606 2.831908 0.000000
vt -2.487500 2.658253 0.000000
vt -2.575000 2.809808 0.000000
vt -2.617836 2.779813 0.000000
vt -2.237061 2.481596 0.000000
vt -2.316747 2.487500 0.000000
vt -2.256322 2.442540 0.000000
vt -2.336612 2.461612 0.000000
vt -2.283579 2.408579 0.000000
vt -2.317540 2.381322 0.000000
vt -2.362500 2.441747 0.000000
vt -2.356596 2.362062 0.000000
vt -2.392648 2.429259 0.000000
vt -2.398895 2.351711 0.000000
vt -2.425000 2.425000 0.000000
vt -2.442431 2.350761 0.000000
vt -2.457352 2.429259 0.000000
vt -2.485141 2.359257 0.000000
vt -2.487500 2.441747 0.000000
vt -2.525000 2.376795 0.000000
vt -2.513388 2.461612 0.000000
vt -2.533253 2.487500 0.000000
vt -2.725000 2.550000 0.000000
vt -2.545741 2.517648 0.000000
vt -2.550000 2.550000 0.000000
vt -2.720442 2.602094 0.000000
vt -2.545741 2.582352 0.000000
vt -2.706908 2.652606 0.000000
vt -2.533253 2.612500 0.000000
vt -2.684808 2.700000 0.000000
vt -2.654813 2.742836 0.000000
vt -2.513388 2.638388 0.000000
vt 2.545741 2.517648 0.000000
vt 2.725000 2.550000 0.000000
vt 2.550000 2.550000 0.000000
vt 2.720442 2.602094 0.000000
vt 2.545741 2.582352 0.000000
vt 2.706908 2.652606 0.000000
vt 2.533253 2.612500 0.000000
vt 2.684808 2.700000 0.000000
vt 2.654813 2.742836 0.000000
vt 2.533253 2.487500 0.000000
vt 2.525000 2.376795 0.000000
vt 2.725000 -2.550000 0.000000
vt 2.525000 -2.376795 0.000000
vt 2.511603 -2.500000 0.000000
vt 2.495711 -2.479289 0.000000
vt 2.475000 -2.463398 0.000000
vt 2.485141 -2.359257 0.000000
vt 2.450882 -2.453407 0.000000
vt 2.442431 -2.350761 0.000000
vt 2.425000 -2.450000 0.000000
vt 2.398895 -2.351711 0.000000
vt 2.399118 -2.453407 0.000000
vt 2.356596 -2.362061 0.000000
vt 2.375000 -2.463398 0.000000
vt 2.317540 -2.381322 0.000000
vt 2.354289 -2.479289 0.000000
vt 2.283579 -2.408579 0.000000
vt 2.338397 -2.500000 0.000000
vt 2.256322 -2.442540 0.000000
vt 2.237061 -2.481596 0.000000
vt 2.513388 2.461612 0.000000
vt 2.487500 2.441747 0.000000
vt 2.485141 2.359257 0.000000
vt 2.457352 2.429259 0.000000
vt 2.442431 2.350761 0.000000
vt 2.425000 2.425000 0.000000
vt 2.398895 2.351711 0.000000
vt 2.392648 2.429259 0.000000
vt 2.356596 2.362061 0.000000
vt 2.362500 2.441747 0.000000
vt 2.317540 2.381322 0.000000
vt 2.336612 2.461612 0.000000
vt 2.283579 2.408579 0.000000
vt 2.256322 2.442540 0.000000
vt 2.316747 2.487500 0.000000
vt 2.237061 2.481596 0.000000
vt 2.304259 2.517648 0.000000
vt 2.226711 2.523895 0.000000
vt 2.300000 2.550000 0.000000
vt 2.225761 2.567431 0.000000
vt 2.304259 2.582352 0.000000
vt 2.234257 2.610141 0.000000
vt 2.316747 2.612500 0.000000
vt 2.251795 2.650000 0.000000
vt 2.336612 2.638388 0.000000
vt 2.362500 2.658253 0.000000
vt 2.425000 2.850000 0.000000
vt 2.392648 2.670741 0.000000
vt 2.425000 2.675000 0.000000
vt 2.477094 2.845442 0.000000
vt 2.457352 2.670741 0.000000
vt 2.527606 2.831908 0.000000
vt 2.487500 2.658253 0.000000
vt 2.575000 2.809808 0.000000
vt 2.617836 2.779813 0.000000
vt 2.513388 2.638388 0.000000
vt -2.725000 -2.550000 0.000000
vt -2.525000 -2.376795 0.000000
vt -2.511603 -2.500000 0.000000
vt -2.495711 -2.479289 0.000000
vt -2.720442 -2.602094 0.000000
vt -2.525000 -2.550000 0.000000
vt -2.521593 -2.524118 0.000000
vt -2.521593 -2.575882 0.000000
vt -2.706908 -2.652606 0.000000
vt -2.511603 -2.600000 0.000000
vt -2.684808 -2.700000 0.000000
vt -2.654813 -2.742836 0.000000
vt -2.495711 -2.620711 0.000000
vt -2.617836 -2.779813 0.000000
vt -2.475000 -2.636603 0.000000
vt -2.575000 -2.809808 0.000000
vt -2.527606 -2.831908 0.000000
vt -2.450882 -2.646593 0.000000
vt -2.477094 -2.845442 0.000000
vt -2.425000 -2.650000 0.000000
vt -2.425000 -2.850000 0.000000
vt -2.399118 -2.646593 0.000000
vt -2.375000 -2.636603 0.000000
vt -2.251795 -2.650000 0.000000
vt -2.354289 -2.620711 0.000000
vt -2.338397 -2.600000 0.000000
vt -2.234257 -2.610141 0.000000
vt -2.328407 -2.575882 0.000000
vt -2.225761 -2.567431 0.000000
vt -2.325000 -2.550000 0.000000
vt -2.226711 -2.523895 0.000000
vt -2.328407 -2.524118 0.000000
vt -2.237061 -2.481596 0.000000
vt -2.338397 -2.500000 0.000000
vt -2.256322 -2.442540 0.000000
vt -2.283579 -2.408579 0.000000
vt 2.425000 -2.850000 0.000000
vt 2.251795 -2.650000 0.000000
vt 2.375000 -2.636603 0.000000
vt 2.354289 -2.620711 0.000000
vt 2.477094 -2.845442 0.000000
vt 2.425000 -2.650000 0.000000
vt 2.399118 -2.646593 0.000000
vt 2.450882 -2.646593 0.000000
vt 2.527606 -2.831908 0.000000
vt 2.475000 -2.636603 0.000000
vt 2.575000 -2.809808 0.000000
vt 2.617836 -2.779813 0.000000
vt 2.495711 -2.620711 0.000000
vt 2.654813 -2.742836 0.000000
vt 2.511603 -2.600000 0.000000
vt 2.684808 -2.700000 0.000000
vt 2.706908 -2.652606 0.000000
vt 2.521593 -2.575882 0.000000
vt 2.720442 -2.602094 0.000000
vt 2.525000 -2.550000 0.000000
vt 2.521593 -2.524118 0.000000
vt 2.328407 -2.524118 0.000000
vt 2.226711 -2.523895 0.000000
vt 2.325000 -2.550000 0.000000
vt 2.225761 -2.567431 0.000000
vt 2.328407 -2.575882 0.000000
vt 2.234257 -2.610141 0.000000
vt 2.338397 -2.600000 0.000000
vt -2.354289 -2.479289 0.000000
vt -2.317540 -2.381322 0.000000
vt -2.375000 -2.463398 0.000000
vt -2.356596 -2.362062 0.000000
vt -2.399118 -2.453407 0.000000
vt -2.398895 -2.351711 0.000000
vt -2.425000 -2.450000 0.000000
vt -2.442431 -2.350761 0.000000
vt -2.450882 -2.453407 0.000000
vt -2.485141 -2.359257 0.000000
vt -2.475000 -2.463398 0.000000
vn -0.096593 -0.025882 0.000000
vn -0.096593 -0.025882 0.000000
vn -0.100000 0.000000 -0.000000
vn -0.100000 0.000000 -0.000000
vn -0.096593 0.025882 -0.000000
vn -0.096593 0.025882 -0.000000
vn -0.086603 0.050000 -0.000000
vn -0.086603 0.050000 -0.000000
vn -0.070711 0.070711 -0.000000
vn -0.070711 0.070711 -0.000000
vn -0.050000 0.086603 -0.000000
vn -0.050000 0.086603 -0.000000
vn -0.025882 0.096593 -0.000000
vn -0.025882 0.096593 -0.000000
vn -0.000000 0.100000 -0.000000
vn -0.000000 0.100000 -0.000000
vn 0.025882 0.096593 0.000000
vn 0.025882 0.096593 0.000000
vn 0.050000 0.086603 0.000000
vn 0.050000 0.086603 0.000000
vn 0.070711 0.070711 0.000000
vn 0.070711 0.070711 0.000000
vn 0.086603 0.050000 0.000000
vn 0.086603 0.050000 0.000000
vn 0.096593 0.025882 0.000000
vn 0.096593 0.025882 0.000000
vn 0.100000 0.000000 0.000000
vn 0.100000 0.000000 0.000000
vn 0.096593 -0.025882 0.000000
vn 0.096593 -0.025882 0.000000
vn 0.086603 -0.050000 0.000000
vn 0.086603 -0.050000 0.000000
vn 0.070711 -0.070711 0.000000
vn 0.070711 -0.070711 0.000000
vn 0.050000 -0.086603 0.000000
vn 0.050000 -0.086603 0.000000
vn 0.025882 -0.096593 0.000000
vn 0.025882 -0.096593 0.000000
vn -0.000000 -0.100000 0.000000
vn -0.000000 -0.100000 0.000000
vn -0.025882 -0.096593 0.000000
vn -0.025882 -0.096593 0.000000
vn -0.050000 -0.086603 0.000000
vn -0.050000 -0.086603 0.000000
vn -0.070711 -0.070711 0.000000
vn -0.070711 -0.070711 0.000000
vn -0.086603 -0.050000 0.000000
vn -0.086603 -0.050000 0.000000
vn 0.000000 0.000000 -0.100000
vn 0.000000 0.000000 -0.100000
vn 0.000000 0.000000 -0.100000
vn 0.000000 0.000000 -0.100000
vn 0.000000 0.000000 -0.100000
vn 0.000000 0.000000 -0.100000
vn 0.000000 0.000000 -0.100000
vn 0.000000 0.000000 -0.100000
vn 0.000000 0.000000 -0.100000
vn 0.000000 0.000000 -0.100000
vn 0.000000 0.000000 -0.100000
vn 0.000000 0.000000 -0.100000
vn 0.000000 0.000000 -0.100000
vn 0.000000 0.000000 -0.100000
vn 0.000000 0.000000 -0.100000
vn 0.000000 0.000000 -0.100000
vn 0.000000 0.000000 -0.100000
vn 0.000000 0.000000 -0.100000
vn 0.000000 0.000000 -0.100000
vn 0.000000 0.000000 -0.100000
vn 0.000000 0.000000 -0.100000
vn 0.000000 0.000000 -0.100000
vn 0.000000 0.000000 -0.100000
vn 0.000000 0.000000 -0.100000
vn -0.096593 -0.025882 0.000000
vn -0.096593 -0.025882 0.000000
vn -0.100000 0.000000 -0.000000
vn -0.100000 0.000000 -0.000000
vn -0.096593 0.025882 -0.000000
vn -0.096593 0.025882 -0.000000
vn -0.086603 0.050000 -0.000000
vn -0.086603 0.050000 -0.000000
vn -0.070711 0.070711 -0.000000
vn -0.070711 0.070711 -0.000000
vn -0.050000 0.086603 -0.000000
vn -0.050000 0.086603 -0.000000
vn -0.025882 0.096593 -0.000000
vn -0.025882 0.096593 -0.000000
vn -0.000000 0.100000 -0.000000
vn -0.000000 0.100000 -0.000000
vn 0.025882 0.096593 0.000000
vn 0.025882 0.096593 0.000000
vn 0.050000 0.086603 0.000000
vn 0.050000 0.086603 0.000000
vn 0.070711 0.070711 0.000000
vn 0.070711 0.070711 0.000000
vn 0.086603 0.050000 0.000000
vn 0.086603 0.050000 0.000000
vn 0.096593 0.025882 0.000000
vn 0.096593 0.025882 0.000000
vn 0.100000 0.000000 0.000000
vn 0.100000 0.000000 0.000000
vn 0.096593 -0.025882 0.000000
vn 0.096593 -0.025882 0.000000
vn 0.086603 -0.050000 0.000000
vn 0.086603 -0.050000 0.000000
vn 0.070711 -0.070711 0.000000
vn 0.070711 -0.070711 0.000000
vn 0.050000 -0.086603 0.000000
vn 0.050000 -0.086603 0.000000
vn 0.025882 -0.096593 0.000000
vn 0.025882 -0.096593 0.000000
vn -0.000000 -0.100000 0.000000
vn -0.000000 -0.100000 0.000000
vn -0.025882 -0.096593 0.000000
vn -0.025882 -0.096593 0.000000
vn -0.050000 -0.086603 0.000000
vn -0.050000 -0.086603 0.000000
vn -0.070711 -0.070711 0.000000
vn -0.070711 -0.070711 0.000000
vn -0.086603 -0.050000 0.000000
vn -0.086603 -0.050000 0.000000
vn 0.000000 0.000000 -0.100000
vn 0.000000 0.000000 -0.100000
vn 0.000000 0.000000 -0.100000
vn 0.000000 0.000000 -0.100000
vn 0.000000 0.000000 -0.100000
vn 0.000000 0.000000 -0.100000
vn 0.000000 0.000000 -0.100000
vn 0.000000 0.000000 -0.100000
vn 0.000000 0.000000 -0.100000
vn 0.000000 0.000000 -0.100000
vn 0.000000 0.000000 -0.100000
vn 0.000000 0.000000 -0.100000
vn 0.000000 0.000000 -0.100000
vn 0.000000 0.000000 -0.100000
vn 0.000000 0.000000 -0.100000
vn 0.000000 0.000000 -0.100000
vn 0.000000 0.000000 -0.100000
vn 0.000000 0.000000 -0.100000
vn 0.000000 0.000000 -0.100000
vn 0.000000 0.000000 -0.100000
vn 0.000000 0.000000 -0.100000
vn 0.000000 0.000000 -0.100000
vn 0.000000 0.000000 -0.100000
vn 0.000000 0.000000 -0.100000
vn 0.096593 -0.025882 0.000000
vn 0.096593 -0.025882 0.000000
vn 0.100000 0.000000 0.000000
vn 0.100000 0.000000 0.000000
vn 0.096593 0.025882 0.000000
vn 0.096593 0.025882 0.000000
vn 0.086603 0.050000 0.000000
vn 0.086603 0.050000 0.000000
vn 0.070711 0.070711 0.000000
vn 0.070711 0.070711 0.000000
vn 0.050000 0.086603 0.000000
vn 0.050000 0.086603 0.000000
vn 0.025882 0.096593 0.000000
vn 0.025882 0.096593 0.000000
vn 0.000000 0.100000 0.000000
vn 0.000000 0.100000 0.000000
vn -0.025882 0.096593 0.000000
vn -0.025882 0.096593 0.000000
vn -0.050000 0.086603 0.000000
vn -0.050000 0.086603 0.000000
vn -0.070711 0.070711 0.000000
vn -0.070711 0.070711 0.000000
vn -0.086603 0.050000 0.000000
vn -0.086603 0.050000 0.000000
vn -0.096593 0.025882 0.000000
vn -0.096593 0.025882 0.000000
vn -0.100000 0.000000 0.000000
vn -0.100000 0.000000 0.000000
vn -0.096593 -0.025882 0.000000
vn -0.096593 -0.025882 0.000000
vn -0.086603 -0.050000 0.000000
vn -0.086603 -0.050000 0.000000
vn -0.070711 -0.070711 0.000000
vn -0.070711 -0.070711 0.000000
vn -0.050000 -0.086603 0.000000
vn -0.050000 -0.086603 0.000000
vn -0.025882 -0.096593 0.000000
vn -0.025882 -0.096593 0.000000
vn 0.000000 -0.100000 0.000000
vn 0.000000 -0.100000 0.000000
vn 0.025882 -0.096593 0.000000
vn 0.025882 -0.096593 0.000000
vn 0.050000 -0.086603 0.000000
vn 0.050000 -0.086603 0.000000
vn 0.070711 -0.070711 0.000000
vn 0.070711 -0.070711 0.000000
vn 0.086603 -0.050000 0.000000
vn 0.086603 -0.050000 0.000000
vn 0.000000 0.000000 -0.100000
vn 0.000000 0.000000 -0.100000
vn 0.000000 0.000000 -0.100000
vn 0.000000 0.000000 -0.100000
vn 0.000000 0.000000 -0.100000
vn 0.000000 0.000000 -0.100000
vn 0.000000 0.000000 -0.100000
vn 0.000000 0.000000 -0.100000
vn 0.000000 0.000000 -0.100000
vn 0.000000 0.000000 -0.100000
vn 0.000000 0.000000 -0.100000
vn 0.000000 0.000000 -0.100000
vn 0.000000 0.000000 -0.100000
vn 0.000000 0.000000 -0.100000
vn 0.000000 0.000000 -0.100000
vn 0.000000 0.000000 -0.100000
vn 0.000000 0.000000 -0.100000
vn 0.000000 0.000000 -0.100000
vn 0.000000 0.000000 -0.100000
vn 0.000000 0.000000 -0.100000
vn 0.000000 0.000000 -0.100000
vn 0.000000 0.000000 -0.100000
vn 0.000000 0.000000 -0.100000
vn 0.000000 0.000000 -0.100000
vn 0.000000 0.000000 -0.100000
vn 0.000000 0.000000 -0.100000
vn 0.000000 0.000000 -0.100000
vn 0.000000 0.000000 -0.100000
vn 0.000000 0.000000 -0.100000
vn 0.000000 0.000000 -0.100000
vn 0.000000 0.000000 -0.100000
vn 0.000000 0.000000 -0.100000
vn 0.000000 0.000000 -0.100000
vn 0.000000 0.000000 -0.100000
vn 0.000000 0.000000 -0.100000
vn 0.000000 0.000000 -0.100000
vn 0.000000 0.000000 -0.100000
vn 0.000000 0.000000 -0.100000
vn 0.000000 0.000000 -0.100000
vn 0.000000 0.000000 -0.100000
vn 0.000000 0.000000 -0.100000
vn 0.000000 0.000000 -0.100000
vn 0.000000 0.000000 -0.100000
vn 0.000000 0.000000 -0.100000
vn 0.000000 0.000000 -0.100000
vn 0.000000 0.000000 -0.100000
vn 0.000000 0.000000 -0.100000
vn 0.000000 0.000000 -0.100000
vn 0.096593 -0.025882 0.000000
vn 0.096593 -0.025882 0.000000
vn 0.100000 0.000000 0.000000
vn 0.100000 0.000000 0.000000
vn 0.096593 0.025882 0.000000
vn 0.096593 0.025882 0.000000
vn 0.086603 0.050000 0.000000
vn 0.086603 0.050000 0.000000
vn 0.070711 0.070711 0.000000
vn 0.070711 0.070711 0.000000
vn 0.050000 0.086603 0.000000
vn 0.050000 0.086603 0.000000
vn 0.025882 0.096593 0.000000
vn 0.025882 0.096593 0.000000
vn 0.000000 0.100000 0.000000
vn 0.000000 0.100000 0.000000
vn -0.025882 0.096593 0.000000
vn -0.025882 0.096593 0.000000
vn -0.050000 0.086603 0.000000
vn -0.050000 0.086603 0.000000
vn -0.070711 0.070711 0.000000
vn -0.070711 0.070711 0.000000
vn -0.086603 0.050000 0.000000
vn -0.086603 0.050000 0.000000
vn -0.096593 0.025882 0.000000
vn -0.096593 0.025882 0.000000
vn -0.100000 0.000000 0.000000
vn -0.100000 0.000000 0.000000
vn -0.096593 -0.025882 0.000000
vn -0.096593 -0.025882 0.000000
vn -0.086603 -0.050000 0.000000
vn -0.086603 -0.050000 0.000000
vn -0.070711 -0.070711 0.000000
vn -0.070711 -0.070711 0.000000
vn -0.050000 -0.086603 0.000000
vn -0.050000 -0.086603 0.000000
vn -0.025882 -0.096593 0.000000
vn -0.025882 -0.096593 0.000000
vn 0.000000 -0.100000 0.000000
vn 0.000000 -0.100000 0.000000
vn 0.025882 -0.096593 0.000000
vn 0.025882 -0.096593 0.000000
vn 0.050000 -0.086603 0.000000
vn 0.050000 -0.086603 0.000000
vn 0.070711 -0.070711 0.000000
vn 0.070711 -0.070711 0.000000
vn 0.086603 -0.050000 0.000000
vn 0.086603 -0.050000 0.000000
vn 0.000000 0.000000 -0.100000
vn 0.000000 0.000000 -0.100000
vn 0.000000 0.000000 -0.100000
vn 0.000000 0.000000 -0.100000
vn 0.000000 0.000000 -0.100000
vn 0.000000 0.000000 -0.100000
vn 0.000000 0.000000 -0.100000
vn 0.000000 0.000000 -0.100000
vn 0.000000 0.000000 -0.100000
vn 0.000000 0.000000 -0.100000
vn 0.000000 0.000000 -0.100000
vn 0.000000 0.000000 -0.100000
vn 0.000000 0.000000 -0.100000
vn 0.000000 0.000000 -0.100000
vn 0.000000 0.000000 -0.100000
vn 0.000000 0.000000 -0.100000
vn 0.000000 0.000000 -0.100000
vn 0.000000 0.000000 -0.100000
vn 0.000000 0.000000 -0.100000
vn 0.000000 0.000000 -0.100000
vn 0.000000 0.000000 -0.100000
vn 0.000000 0.000000 -0.100000
vn 0.000000 0.000000 -0.100000
vn 0.000000 0.000000 -0.100000
vn 0.000000 0.000000 -0.100000
vn 0.000000 0.000000 -0.100000
vn 0.000000 0.000000 -0.100000
vn 0.000000 0.000000 -0.100000
vn 0.000000 0.000000 -0.100000
vn 0.000000 0.000000 -0.100000
vn 0.000000 0.000000 -0.100000
vn 0.000000 0.000000 -0.100000
vn 0.000000 0.000000 -0.100000
vn 0.000000 0.000000 -0.100000
vn 0.000000 0.000000 -0.100000
vn 0.000000 0.000000 -0.100000
vn 0.000000 0.000000 -0.100000
vn 0.000000 0.000000 -0.100000
vn 0.000000 0.000000 -0.100000
vn 0.000000 0.000000 -0.100000
vn 0.000000 0.000000 -0.100000
vn 0.000000 0.000000 -0.100000
vn 0.000000 0.000000 -0.100000
vn 0.000000 0.000000 -0.100000
vn 0.000000 0.000000 -0.100000
vn 0.000000 0.000000 -0.100000
vn 0.000000 0.000000 -0.100000
vn 0.000000 0.000000 -0.100000
vn 0.100000 0.000000 0.000000
vn 0.100000 0.000000 0.000000
vn 0.100000 0.000000 0.000000
vn 0.100000 0.000000 0.000000
vn 0.000000 -0.100000 0.000000
vn 0.000000 -0.100000 0.000000
vn 0.000000 -0.100000 0.000000
vn 0.000000 -0.100000 0.000000
vn -0.100000 0.000000 0.000000
vn -0.100000 0.000000 0.000000
vn -0.100000 0.000000 0.000000
vn -0.100000 0.000000 0.000000
vn -0.000000 0.100000 -0.000000
vn -0.000000 0.100000 -0.000000
vn -0.000000 0.100000 -0.000000
vn -0.000000 0.100000 -0.000000
vn -0.096593 0.025882 0.000000
vn -0.096593 0.025882 0.000000
vn -0.100000 0.000000 0.000000
vn -0.100000 0.000000 0.000000
vn -0.096593 -0.025882 0.000000
vn -0.096593 -0.025882 0.000000
vn -0.086603 -0.050000 0.000000
vn -0.086603 -0.050000 0.000000
vn -0.070711 -0.070711 0.000000
vn -0.070711 -0.070711 0.000000
vn -0.050000 -0.086603 0.000000
vn -0.050000 -0.086603 0.000000
vn -0.025882 -0.096593 0.000000
vn -0.025882 -0.096593 0.000000
vn 0.000000 -0.100000 0.000000
vn 0.000000 -0.100000 0.000000
vn 0.025882 -0.096593 0.000000
vn 0.025882 -0.096593 0.000000
vn 0.050000 -0.086603 0.000000
vn 0.050000 -0.086603 0.000000
vn 0.070711 -0.070711 0.000000
vn 0.070711 -0.070711 0.000000
vn 0.086603 -0.050000 0.000000
vn 0.086603 -0.050000 0.000000
vn 0.096593 -0.025882 0.000000
vn 0.096593 -0.025882 0.000000
vn 0.100000 0.000000 0.000000
vn 0.100000 0.000000 0.000000
vn 0.096593 0.025882 0.000000
vn 0.096593 0.025882 0.000000
vn 0.086603 0.050000 0.000000
vn 0.086603 0.050000 0.000000
vn 0.070711 0.070711 0.000000
vn 0.070711 0.070711 0.000000
vn 0.050000 0.086603 0.000000
vn 0.050000 0.086603 0.000000
vn 0.025882 0.096593 0.000000
vn 0.025882 0.096593 0.000000
vn 0.000000 0.100000 0.000000
vn 0.000000 0.100000 0.000000
vn -0.025882 0.096593 0.000000
vn -0.025882 0.096593 0.000000
vn -0.050000 0.086603 0.000000
vn -0.050000 0.086603 0.000000
vn -0.070711 0.070711 0.000000
vn -0.070711 0.070711 0.000000
vn -0.086603 0.050000 0.000000
vn -0.086603 0.050000 0.000000
vn 0.096593 0.025882 0.000000
vn 0.100000 0.000000 0.000000
vn 0.096593 -0.025882 0.000000
vn 0.086603 -0.050000 0.000000
vn 0.070711 -0.070711 0.000000
vn 0.050000 -0.086603 0.000000
vn 0.025882 -0.096593 0.000000
vn 0.000000 -0.100000 0.000000
vn -0.025882 -0.096593 0.000000
vn -0.050000 -0.086603 0.000000
vn -0.070711 -0.070711 0.000000
vn -0.086603 -0.050000 0.000000
vn -0.096593 -0.025882 0.000000
vn -0.100000 -0.000000 0.000000
vn -0.096593 0.025882 0.000000
vn -0.086603 0.050000 0.000000
vn -0.070711 0.070711 0.000000
vn -0.050000 0.086603 0.000000
vn -0.025882 0.096593 0.000000
vn 0.000000 0.100000 0.000000
vn 0.025882 0.096593 0.000000
vn 0.050000 0.086603 0.000000
vn 0.070711 0.070711 0.000000
vn 0.086603 0.050000 0.000000
vn 0.000000 0.000000 -0.100000
vn 0.000000 0.000000 -0.100000
vn 0.000000 0.000000 -0.100000
vn 0.000000 0.000000 -0.100000
vn 0.000000 0.000000 -0.100000
vn 0.000000 0.000000 -0.100000
vn 0.000000 0.000000 -0.100000
vn 0.000000 0.000000 -0.100000
vn 0.000000 0.000000 -0.100000
vn 0.000000 0.000000 -0.100000
vn 0.000000 0.000000 -0.100000
vn 0.000000 0.000000 -0.100000
vn 0.000000 0.000000 -0.100000
vn 0.000000 0.000000 -0.100000
vn 0.000000 0.000000 -0.100000
vn 0.000000 0.000000 -0.100000
vn 0.000000 0.000000 -0.100000
vn 0.000000 0.000000 -0.100000
vn 0.000000 0.000000 -0.100000
vn 0.000000 0.000000 -0.100000
vn 0.000000 0.000000 -0.100000
vn 0.000000 0.000000 -0.100000
vn 0.000000 0.000000 -0.100000
vn 0.000000 0.000000 -0.100000
vn -0.096593 0.025882 0.000000
vn -0.096593 0.025882 0.000000
vn -0.100000 0.000000 0.000000
vn -0.100000 0.000000 0.000000
vn -0.096593 -0.025882 0.000000
vn -0.096593 -0.025882 0.000000
vn -0.086603 -0.050000 0.000000
vn -0.086603 -0.050000 0.000000
vn -0.070711 -0.070711 0.000000
vn -0.070711 -0.070711 0.000000
vn -0.050000 -0.086603 0.000000
vn -0.050000 -0.086603 0.000000
vn -0.025882 -0.096593 0.000000
vn -0.025882 -0.096593 0.000000
vn 0.000000 -0.100000 0.000000
vn 0.000000 -0.100000 0.000000
vn 0.025882 -0.096593 0.000000
vn 0.025882 -0.096593 0.000000
vn 0.050000 -0.086603 0.000000
vn 0.050000 -0.086603 0.000000
vn 0.070711 -0.070711 0.000000
vn 0.070711 -0.070711 0.000000
vn 0.086603 -0.050000 0.000000
vn 0.086603 -0.050000 0.000000
vn 0.096593 -0.025882 0.000000
vn 0.096593 -0.025882 0.000000
vn 0.100000 0.000000 0.000000
vn 0.100000 0.000000 0.000000
vn 0.096593 0.025882 0.000000
vn 0.096593 0.025882 0.000000
vn 0.086603 0.050000 0.000000
vn 0.086603 0.050000 0.000000
vn 0.070711 0.070711 0.000000
vn 0.070711 0.070711 0.000000
vn 0.050000 0.086603 0.000000
vn 0.050000 0.086603 0.000000
vn 0.025882 0.096593 0.000000
vn 0.025882 0.096593 0.000000
vn 0.000000 0.100000 0.000000
vn 0.000000 0.100000 0.000000
vn -0.025882 0.096593 0.000000
vn -0.025882 0.096593 0.000000
vn -0.050000 0.086603 0.000000
vn -0.050000 0.086603 0.000000
vn -0.070711 0.070711 0.000000
vn -0.070711 0.070711 0.000000
vn -0.086603 0.050000 0.000000
vn -0.086603 0.050000 0.000000
vn 0.096593 0.025882 0.000000
vn 0.100000 0.000000 0.000000
vn 0.096593 -0.025882 0.000000
vn 0.086603 -0.050000 0.000000
vn 0.070711 -0.070711 0.000000
vn 0.050000 -0.086603 0.000000
vn 0.025882 -0.096593 0.000000
vn 0.000000 -0.100000 0.000000
vn -0.025882 -0.096593 0.000000
vn -0.050000 -0.086603 0.000000
vn -0.070711 -0.070711 0.000000
vn -0.086603 -0.050000 0.000000
vn -0.096593 -0.025882 0.000000
vn -0.100000 -0.000000 0.000000
vn -0.096593 0.025882 0.000000
vn -0.086603 0.050000 0.000000
vn -0.070711 0.070711 0.000000
vn -0.050000 0.086603 0.000000
vn -0.025882 0.096593 0.000000
vn 0.000000 0.100000 0.000000
vn 0.025882 0.096593 0.000000
vn 0.050000 0.086603 0.000000
vn 0.070711 0.070711 0.000000
vn 0.086603 0.050000 0.000000
vn 0.000000 0.000000 -0.100000
vn 0.000000 0.000000 -0.100000
vn 0.000000 0.000000 -0.100000
vn 0.000000 0.000000 -0.100000
vn 0.000000 0.000000 -0.100000
vn 0.000000 0.000000 -0.100000
vn 0.000000 0.000000 -0.100000
vn 0.000000 0.000000 -0.100000
vn 0.000000 0.000000 -0.100000
vn 0.000000 0.000000 -0.100000
vn 0.000000 0.000000 -0.100000
vn 0.000000 0.000000 -0.100000
vn 0.000000 0.000000 -0.100000
vn 0.000000 0.000000 -0.100000
vn 0.000000 0.000000 -0.100000
vn 0.000000 0.000000 -0.100000
vn 0.000000 0.000000 -0.100000
vn 0.000000 0.000000 -0.100000
vn 0.000000 0.000000 -0.100000
vn 0.000000 0.000000 -0.100000
vn 0.000000 0.000000 -0.100000
vn 0.000000 0.000000 -0.100000
vn 0.000000 0.000000 -0.100000
vn 0.000000 0.000000 -0.100000
vn 0.100000 0.000000 0.000000
vn 0.100000 0.000000 0.000000
vn 0.100000 0.000000 0.000000
vn 0.100000 0.000000 0.000000
vn -0.100000 0.000000 -0.000000
vn -0.100000 0.000000 -0.000000
vn -0.100000 0.000000 -0.000000
vn -0.100000 0.000000 -0.000000
vn 0.000000 0.100000 0.000000
vn 0.000000 0.100000 0.000000
vn 0.000000 0.100000 0.000000
vn 0.000000 0.100000 0.000000
vn 0.100000 -0.000000 0.000000
vn 0.100000 -0.000000 0.000000
vn 0.100000 -0.000000 0.000000
vn 0.100000 -0.000000 0.000000
vn -0.000000 -0.100000 0.000000
vn -0.000000 -0.100000 0.000000
vn -0.000000 -0.100000 0.000000
vn -0.000000 -0.100000 0.000000
vn -0.000000 -0.100000 0.000000
vn -0.000000 -0.100000 0.000000
vn 0.000000 0.000000 -0.100000
vn 0.000000 0.000000 -0.100000
vn 0.000000 0.000000 -0.100000
vn 0.000000 0.000000 -0.100000
vn 0.000000 0.000000 -0.100000
vn 0.000000 0.000000 -0.100000
vn 0.000000 0.000000 -0.100000
vn 0.000000 0.000000 -0.100000
vn 0.000000 0.000000 -0.100000
vn 0.000000 0.000000 -0.100000
vn 0.000000 0.000000 -0.100000
vn 0.000000 0.000000 -0.100000
vn 0.000000 0.000000 -0.100000
vn 0.000000 0.000000 -0.100000
vn 0.000000 0.000000 -0.100000
vn 0.000000 0.000000 -0.100000
vn 0.000000 0.000000 -0.100000
vn 0.000000 0.000000 -0.100000
vn 0.000000 0.000000 -0.100000
vn 0.000000 0.000000 -0.100000
vn 0.000000 0.000000 -0.100000
vn 0.000000 0.000000 -0.100000
vn 0.000000 0.000000 -0.100000
vn 0.000000 0.000000 -0.100000
vn 0.000000 0.000000 -0.100000
vn 0.000000 0.000000 -0.100000
vn 0.000000 0.000000 -0.100000
vn 0.000000 0.000000 -0.100000
vn 0.000000 0.000000 -0.100000
vn 0.000000 -0.100000 0.000000
vn 0.000000 -0.100000 0.000000
vn 0.000000 -0.100000 0.000000
vn 0.000000 -0.100000 0.000000
vn -0.100000 0.000000 0.000000
vn -0.100000 0.000000 0.000000
vn -0.100000 0.000000 0.000000
vn -0.100000 0.000000 0.000000
vn 0.091282 -0.040837 0.000000
vn 0.091282 -0.040837 0.000000
vn 0.091282 -0.040837 0.000000
vn 0.091282 -0.040837 0.000000
vn 0.000000 0.100000 0.000000
vn 0.000000 0.100000 0.000000
vn 0.000000 0.100000 0.000000
vn 0.000000 0.100000 0.000000
vn 0.000000 0.000000 -0.100000
vn 0.000000 0.000000 -0.100000
vn 0.000000 0.000000 -0.100000
vn 0.000000 0.000000 -0.100000
vn 0.000000 0.000000 -0.100000
vn 0.000000 0.000000 -0.100000
vn 0.000000 0.000000 -0.100000
vn 0.000000 0.000000 -0.100000
vn 0.000000 0.000000 -0.100000
vn 0.000000 0.000000 -0.100000
vn 0.000000 0.000000 -0.100000
vn 0.000000 0.000000 -0.100000
vn 0.000000 0.000000 -0.100000
vn 0.000000 0.000000 -0.100000
vn 0.000000 0.000000 -0.100000
vn 0.000000 0.000000 -0.100000
vn 0.000000 0.000000 -0.100000
vn 0.000000 0.000000 -0.100000
vn 0.000000 0.000000 -0.100000
vn 0.000000 0.000000 -0.100000
vn 0.000000 0.000000 -0.100000
vn 0.000000 0.000000 -0.100000
vn 0.000000 0.000000 -0.100000
vn 0.000000 0.000000 -0.100000
vn 0.000000 0.000000 -0.100000
vn 0.000000 0.000000 -0.100000
vn 0.000000 0.000000 -0.100000
vn 0.000000 0.000000 -0.100000
vn 0.000000 0.000000 -0.100000
vn 0.100000 -0.000000 0.000000
vn 0.100000 -0.000000 0.000000
vn 0.100000 -0.000000 0.000000
vn 0.100000 -0.000000 0.000000
vn 0.000000 -0.100000 0.000000
vn 0.000000 -0.100000 0.000000
vn 0.000000 -0.100000 0.000000
vn 0.000000 -0.100000 0.000000
vn 0.000000 0.100000 0.000000
vn 0.000000 0.100000 0.000000
vn 0.000000 0.100000 0.000000
vn 0.000000 0.100000 0.000000
vn -0.091282 -0.040837 0.000000
vn -0.091282 -0.040837 0.000000
vn -0.091282 -0.040837 0.000000
vn -0.091282 -0.040837 0.000000
vn 0.000000 -0.000000 0.100000
vn 0.000000 -0.000000 0.100000
vn 0.000000 -0.000000 0.100000
vn 0.000000 -0.000000 0.100000
vn 0.000000 -0.000000 0.100000
vn 0.000000 -0.000000 0.100000
vn 0.000000 -0.000000 0.100000
vn 0.000000 -0.000000 0.100000
vn 0.000000 -0.000000 0.100000
vn 0.000000 -0.000000 0.100000
vn 0.000000 -0.000000 0.100000
vn 0.000000 -0.000000 0.100000
vn 0.000000 -0.000000 0.100000
vn 0.000000 -0.000000 0.100000
vn 0.000000 -0.000000 0.100000
vn 0.000000 -0.000000 0.100000
vn 0.000000 -0.000000 0.100000
vn 0.000000 -0.000000 0.100000
vn 0.000000 -0.000000 0.100000
vn 0.000000 -0.000000 0.100000
vn 0.000000 -0.000000 0.100000
vn 0.000000 -0.000000 0.100000
vn 0.000000 -0.000000 0.100000
vn 0.000000 -0.000000 0.100000
vn 0.000000 -0.000000 0.100000
vn 0.000000 -0.000000 0.100000
vn 0.000000 -0.000000 0.100000
vn 0.000000 -0.000000 0.100000
vn 0.000000 -0.000000 0.100000
vn 0.000000 -0.000000 0.100000
vn 0.000000 -0.000000 0.100000
vn 0.000000 -0.000000 0.100000
vn 0.000000 -0.000000 0.100000
vn 0.000000 -0.000000 0.100000
vn 0.000000 -0.000000 0.100000
vn 0.000000 -0.000000 0.100000
vn 0.000000 -0.000000 0.100000
vn 0.000000 -0.000000 0.100000
vn 0.000000 -0.000000 0.100000
vn 0.000000 -0.000000 0.100000
vn 0.000000 -0.000000 0.100000
vn 0.000000 -0.000000 0.100000
vn 0.000000 -0.000000 0.100000
vn 0.000000 -0.000000 0.100000
vn 0.000000 -0.000000 0.100000
vn 0.000000 -0.000000 0.100000
vn 0.000000 -0.000000 0.100000
vn 0.000000 -0.000000 0.100000
vn 0.000000 0.000000 -0.100000
vn 0.000000 0.000000 -0.100000
vn 0.000000 0.000000 -0.100000
vn 0.000000 0.000000 -0.100000
vn 0.000000 0.000000 -0.100000
vn 0.000000 0.000000 -0.100000
vn 0.000000 0.000000 -0.100000
vn 0.000000 0.000000 -0.100000
vn 0.000000 0.000000 -0.100000
vn 0.000000 0.000000 -0.100000
vn 0.000000 0.000000 -0.100000
vn 0.000000 0.000000 -0.100000
vn 0.000000 0.000000 -0.100000
vn 0.000000 0.000000 -0.100000
vn 0.000000 0.000000 -0.100000
vn 0.000000 0.000000 -0.100000
vn 0.000000 0.000000 -0.100000
vn 0.000000 0.000000 -0.100000
vn 0.000000 0.000000 -0.100000
vn 0.000000 0.000000 -0.100000
vn 0.000000 0.000000 -0.100000
vn 0.000000 0.000000 -0.100000
vn 0.000000 0.000000 -0.100000
vn 0.000000 0.000000 -0.100000
vn 0.000000 0.000000 -0.100000
vn 0.000000 0.000000 -0.100000
vn 0.000000 0.000000 -0.100000
vn 0.000000 0.000000 -0.100000
vn 0.000000 0.000000 -0.100000
vn 0.000000 0.000000 -0.100000
vn 0.000000 0.000000 -0.100000
vn 0.000000 0.000000 -0.100000
vn 0.000000 0.000000 -0.100000
vn 0.000000 0.000000 -0.100000
vn 0.000000 0.000000 -0.100000
vn 0.000000 0.000000 -0.100000
vn 0.000000 0.000000 -0.100000
vn 0.000000 0.000000 -0.100000
vn 0.000000 0.000000 -0.100000
vn 0.000000 0.000000 -0.100000
vn 0.000000 0.000000 -0.100000
vn 0.000000 0.000000 -0.100000
vn 0.000000 0.000000 -0.100000
vn 0.000000 0.000000 -0.100000
vn 0.000000 0.000000 -0.100000
vn 0.000000 0.000000 -0.100000
vn 0.000000 0.000000 -0.100000
vn 0.000000 0.000000 -0.100000
vn 0.000000 0.000000 -0.100000
vn 0.000000 0.000000 -0.100000
vn 0.000000 0.000000 -0.100000
vn 0.000000 0.000000 -0.100000
vn 0.000000 0.000000 -0.100000
vn 0.000000 0.000000 -0.100000
vn 0.000000 0.000000 -0.100000
vn 0.000000 0.000000 -0.100000
vn -0.100000 0.000000 0.000000
vn -0.100000 0.000000 0.000000
vn -0.100000 0.000000 0.000000
vn -0.100000 0.000000 0.000000
vn 0.000000 0.100000 0.000000
vn 0.000000 0.100000 0.000000
vn 0.000000 0.100000 0.000000
vn 0.000000 0.100000 0.000000
vn 0.100000 -0.000000 0.000000
vn 0.100000 -0.000000 0.000000
vn 0.100000 -0.000000 0.000000
vn 0.100000 -0.000000 0.000000
vn 0.100000 -0.000000 0.000000
vn 0.100000 -0.000000 0.000000
vn 0.100000 -0.000000 0.000000
vn 0.100000 -0.000000 0.000000
vn 0.000000 0.100000 0.000000
vn 0.000000 0.100000 0.000000
vn 0.000000 0.100000 0.000000
vn 0.000000 0.100000 0.000000
vn -0.100000 0.000000 0.000000
vn -0.100000 0.000000 0.000000
vn -0.100000 0.000000 0.000000
vn -0.100000 0.000000 0.000000
vn 0.000000 0.100000 0.000000
vn 0.000000 0.100000 0.000000
vn 0.000000 0.100000 0.000000
vn 0.000000 0.100000 0.000000
vn 0.000000 0.000000 -0.100000
vn 0.000000 0.000000 -0.100000
vn 0.000000 0.000000 -0.100000
vn 0.000000 0.000000 -0.100000
vn 0.000000 0.000000 -0.100000
vn 0.000000 0.000000 -0.100000
vn 0.000000 0.000000 -0.100000
vn 0.000000 0.000000 -0.100000
vn 0.000000 0.000000 -0.100000
vn 0.000000 0.000000 -0.100000
vn 0.000000 0.000000 -0.100000
vn 0.000000 0.000000 -0.100000
vn 0.000000 0.000000 -0.100000
vn 0.000000 0.000000 -0.100000
vn 0.000000 0.000000 -0.100000
vn 0.000000 0.000000 -0.100000
vn 0.000000 0.000000 -0.100000
vn 0.000000 0.000000 -0.100000
vn 0.000000 0.000000 -0.100000
vn 0.000000 0.000000 -0.100000
vn 0.000000 0.000000 -0.100000
vn 0.000000 0.000000 -0.100000
vn 0.000000 0.000000 -0.100000
vn 0.000000 0.000000 -0.100000
vn 0.096593 0.025882 0.000000
vn 0.096593 0.025882 0.000000
vn 0.100000 0.000000 0.000000
vn 0.100000 0.000000 0.000000
vn 0.096593 -0.025882 0.000000
vn 0.096593 -0.025882 0.000000
vn 0.086603 -0.050000 0.000000
vn 0.086603 -0.050000 0.000000
vn 0.070711 -0.070711 0.000000
vn 0.070711 -0.070711 0.000000
vn 0.050000 -0.086603 0.000000
vn 0.050000 -0.086603 0.000000
vn 0.025882 -0.096593 0.000000
vn 0.025882 -0.096593 0.000000
vn -0.000000 -0.100000 0.000000
vn -0.000000 -0.100000 0.000000
vn -0.025882 -0.096593 0.000000
vn -0.025882 -0.096593 0.000000
vn -0.050000 -0.086603 0.000000
vn -0.050000 -0.086603 0.000000
vn -0.070711 -0.070711 0.000000
vn -0.070711 -0.070711 0.000000
vn -0.086603 -0.050000 0.000000
vn -0.086603 -0.050000 0.000000
vn -0.096593 -0.025882 0.000000
vn -0.096593 -0.025882 0.000000
vn -0.100000 0.000000 -0.000000
vn -0.100000 0.000000 -0.000000
vn -0.096593 0.025882 -0.000000
vn -0.096593 0.025882 -0.000000
vn -0.086603 0.050000 -0.000000
vn -0.086603 0.050000 -0.000000
vn -0.070711 0.070711 -0.000000
vn -0.070711 0.070711 -0.000000
vn -0.050000 0.086603 -0.000000
vn -0.050000 0.086603 -0.000000
vn -0.025882 0.096593 -0.000000
vn -0.025882 0.096593 -0.000000
vn -0.000000 0.100000 -0.000000
vn -0.000000 0.100000 -0.000000
vn 0.025882 0.096593 0.000000
vn 0.025882 0.096593 0.000000
vn 0.050000 0.086603 0.000000
vn 0.050000 0.086603 0.000000
vn 0.070711 0.070711 0.000000
vn 0.070711 0.070711 0.000000
vn 0.086603 0.050000 0.000000
vn 0.086603 0.050000 0.000000
vn 0.096593 -0.025882 0.000000
vn 0.100000 -0.000000 0.000000
vn 0.096593 0.025882 0.000000
vn 0.086603 0.050000 0.000000
vn 0.070711 0.070711 0.000000
vn 0.050000 0.086603 0.000000
vn 0.025882 0.096593 0.000000
vn -0.000000 0.100000 -0.000000
vn -0.025882 0.096593 -0.000000
vn -0.050000 0.086603 -0.000000
vn -0.070711 0.070711 -0.000000
vn -0.086603 0.050000 -0.000000
vn -0.096593 0.025882 -0.000000
vn -0.100000 0.000000 -0.000000
vn -0.096593 -0.025882 0.000000
vn -0.086603 -0.050000 0.000000
vn -0.070711 -0.070711 0.000000
vn -0.050000 -0.086603 0.000000
vn -0.025882 -0.096593 0.000000
vn -0.000000 -0.100000 0.000000
vn 0.025882 -0.096593 0.000000
vn 0.050000 -0.086603 0.000000
vn 0.070711 -0.070711 0.000000
vn 0.086603 -0.050000 0.000000
vn 0.000000 0.000000 -0.100000
vn 0.000000 0.000000 -0.100000
vn 0.000000 0.000000 -0.100000
vn 0.000000 0.000000 -0.100000
vn 0.000000 0.000000 -0.100000
vn 0.000000 0.000000 -0.100000
vn 0.000000 0.000000 -0.100000
vn 0.000000 0.000000 -0.100000
vn 0.000000 0.000000 -0.100000
vn 0.000000 0.000000 -0.100000
vn 0.000000 0.000000 -0.100000
vn 0.000000 0.000000 -0.100000
vn 0.000000 0.000000 -0.100000
vn 0.000000 0.000000 -0.100000
vn 0.000000 0.000000 -0.100000
vn 0.000000 0.000000 -0.100000
vn 0.000000 0.000000 -0.100000
vn 0.000000 0.000000 -0.100000
vn 0.000000 0.000000 -0.100000
vn 0.000000 0.000000 -0.100000
vn 0.000000 0.000000 -0.100000
vn 0.000000 0.000000 -0.100000
vn 0.000000 0.000000 -0.100000
vn 0.000000 0.000000 -0.100000
vn 0.096593 0.025882 0.000000
vn 0.096593 0.025882 0.000000
vn 0.100000 0.000000 0.000000
vn 0.100000 0.000000 0.000000
vn 0.096593 -0.025882 0.000000
vn 0.096593 -0.025882 0.000000
vn 0.086603 -0.050000 0.000000
vn 0.086603 -0.050000 0.000000
vn 0.070711 -0.070711 0.000000
vn 0.070711 -0.070711 0.000000
vn 0.050000 -0.086603 0.000000
vn 0.050000 -0.086603 0.000000
vn 0.025882 -0.096593 0.000000
vn 0.025882 -0.096593 0.000000
vn -0.000000 -0.100000 0.000000
vn -0.000000 -0.100000 0.000000
vn -0.025882 -0.096593 0.000000
vn -0.025882 -0.096593 0.000000
vn -0.050000 -0.086603 0.000000
vn -0.050000 -0.086603 0.000000
vn -0.070711 -0.070711 0.000000
vn -0.070711 -0.070711 0.000000
vn -0.086603 -0.050000 0.000000
vn -0.086603 -0.050000 0.000000
vn -0.096593 -0.025882 0.000000
vn -0.096593 -0.025882 0.000000
vn -0.100000 0.000000 -0.000000
vn -0.100000 0.000000 -0.000000
vn -0.096593 0.025882 -0.000000
vn -0.096593 0.025882 -0.000000
vn -0.086603 0.050000 -0.000000
vn -0.086603 0.050000 -0.000000
vn -0.070711 0.070711 -0.000000
vn -0.070711 0.070711 -0.000000
vn -0.050000 0.086603 -0.000000
vn -0.050000 0.086603 -0.000000
vn -0.025882 0.096593 -0.000000
vn -0.025882 0.096593 -0.000000
vn -0.000000 0.100000 -0.000000
vn -0.000000 0.100000 -0.000000
vn 0.025882 0.096593 0.000000
vn 0.025882 0.096593 0.000000
vn 0.050000 0.086603 0.000000
vn 0.050000 0.086603 0.000000
vn 0.070711 0.070711 0.000000
vn 0.070711 0.070711 0.000000
vn 0.086603 0.050000 0.000000
vn 0.086603 0.050000 0.000000
vn 0.096593 -0.025882 0.000000
vn 0.100000 -0.000000 0.000000
vn 0.096593 0.025882 0.000000
vn 0.086603 0.050000 0.000000
vn 0.070711 0.070711 0.000000
vn 0.050000 0.086603 0.000000
vn 0.025882 0.096593 0.000000
vn -0.000000 0.100000 -0.000000
vn -0.025882 0.096593 -0.000000
vn -0.050000 0.086603 -0.000000
vn -0.070711 0.070711 -0.000000
vn -0.086603 0.050000 -0.000000
vn -0.096593 0.025882 -0.000000
vn -0.100000 0.000000 -0.000000
vn -0.096593 -0.025882 0.000000
vn -0.086603 -0.050000 0.000000
vn -0.070711 -0.070711 0.000000
vn -0.050000 -0.086603 0.000000
vn -0.025882 -0.096593 0.000000
vn -0.000000 -0.100000 0.000000
vn 0.025882 -0.096593 0.000000
vn 0.050000 -0.086603 0.000000
vn 0.070711 -0.070711 0.000000
vn 0.086603 -0.050000 0.000000
vn 0.000000 0.000000 -0.100000
vn 0.000000 0.000000 -0.100000
vn 0.000000 0.000000 -0.100000
vn 0.000000 0.000000 -0.100000
vn 0.000000 0.000000 -0.100000
vn 0.000000 0.000000 -0.100000
vn 0.000000 0.000000 -0.100000
vn 0.000000 0.000000 -0.100000
vn 0.000000 0.000000 -0.100000
vn 0.000000 0.000000 -0.100000
vn 0.000000 0.000000 -0.100000
vn 0.000000 0.000000 -0.100000
vn 0.000000 0.000000 -0.100000
vn 0.000000 0.000000 -0.100000
vn 0.000000 0.000000 -0.100000
vn 0.000000 0.000000 -0.100000
vn 0.000000 0.000000 -0.100000
vn 0.000000 0.000000 -0.100000
vn 0.000000 0.000000 -0.100000
vn 0.000000 0.000000 -0.100000
vn 0.000000 0.000000 -0.100000
vn 0.000000 0.000000 -0.100000
vn 0.000000 0.000000 -0.100000
vn 0.000000 0.000000 -0.100000
vn 0.096593 0.025882 0.000000
vn 0.096593 0.025882 0.000000
vn 0.100000 0.000000 0.000000
vn 0.100000 0.000000 0.000000
vn 0.096593 -0.025882 0.000000
vn 0.096593 -0.025882 0.000000
vn 0.086603 -0.050000 0.000000
vn 0.086603 -0.050000 0.000000
vn 0.070711 -0.070711 0.000000
vn 0.070711 -0.070711 0.000000
vn 0.050000 -0.086603 0.000000
vn 0.050000 -0.086603 0.000000
vn 0.025882 -0.096593 0.000000
vn 0.025882 -0.096593 0.000000
vn -0.000000 -0.100000 0.000000
vn -0.000000 -0.100000 0.000000
vn -0.025882 -0.096593 0.000000
vn -0.025882 -0.096593 0.000000
vn -0.050000 -0.086603 0.000000
vn -0.050000 -0.086603 0.000000
vn -0.070711 -0.070711 0.000000
vn -0.070711 -0.070711 0.000000
vn -0.086603 -0.050000 0.000000
vn -0.086603 -0.050000 0.000000
vn -0.096593 -0.025882 0.000000
vn -0.096593 -0.025882 0.000000
vn -0.100000 0.000000 -0.000000
vn -0.100000 0.000000 -0.000000
vn -0.096593 0.025882 -0.000000
vn -0.096593 0.025882 -0.000000
vn -0.086603 0.050000 -0.000000
vn -0.086603 0.050000 -0.000000
vn -0.070711 0.070711 -0.000000
vn -0.070711 0.070711 -0.000000
vn -0.050000 0.086603 -0.000000
vn -0.050000 0.086603 -0.000000
vn -0.025882 0.096593 -0.000000
vn -0.025882 0.096593 -0.000000
vn -0.000000 0.100000 -0.000000
vn -0.000000 0.100000 -0.000000
vn 0.025882 0.096593 0.000000
vn 0.025882 0.096593 0.000000
vn 0.050000 0.086603 0.000000
vn 0.050000 0.086603 0.000000
vn 0.070711 0.070711 0.000000
vn 0.070711 0.070711 0.000000
vn 0.086603 0.050000 0.000000
vn 0.086603 0.050000 0.000000
vn 0.096593 -0.025882 0.000000
vn 0.100000 -0.000000 0.000000
vn 0.096593 0.025882 0.000000
vn 0.086603 0.050000 0.000000
vn 0.070711 0.070711 0.000000
vn 0.050000 0.086603 0.000000
vn 0.025882 0.096593 0.000000
vn -0.000000 0.100000 -0.000000
vn -0.025882 0.096593 -0.000000
vn -0.050000 0.086603 -0.000000
vn -0.070711 0.070711 -0.000000
vn -0.086603 0.050000 -0.000000
vn -0.096593 0.025882 -0.000000
vn -0.100000 0.000000 -0.000000
vn -0.096593 -0.025882 0.000000
vn -0.086603 -0.050000 0.000000
vn -0.070711 -0.070711 0.000000
vn -0.050000 -0.086603 0.000000
vn -0.025882 -0.096593 0.000000
vn -0.000000 -0.100000 0.000000
vn 0.025882 -0.096593 0.000000
vn 0.050000 -0.086603 0.000000
vn 0.070711 -0.070711 0.000000
vn 0.086603 -0.050000 0.000000
vn 0.000000 0.000000 -0.100000
vn 0.000000 0.000000 -0.100000
vn 0.000000 0.000000 -0.100000
vn 0.000000 0.000000 -0.100000
vn 0.000000 0.000000 -0.100000
vn 0.000000 0.000000 -0.100000
vn 0.000000 0.000000 -0.100000
vn 0.000000 0.000000 -0.100000
vn 0.000000 0.000000 -0.100000
vn 0.000000 0.000000 -0.100000
vn 0.000000 0.000000 -0.100000
vn 0.000000 0.000000 -0.100000
vn 0.000000 0.000000 -0.100000
vn 0.000000 0.000000 -0.100000
vn 0.000000 0.000000 -0.100000
vn 0.000000 0.000000 -0.100000
vn 0.000000 0.000000 -0.100000
vn 0.000000 0.000000 -0.100000
vn 0.000000 0.000000 -0.100000
vn 0.000000 0.000000 -0.100000
vn 0.000000 0.000000 -0.100000
vn 0.000000 0.000000 -0.100000
vn 0.000000 0.000000 -0.100000
vn 0.000000 0.000000 -0.100000
vn 0.096593 0.025882 0.000000
vn 0.096593 0.025882 0.000000
vn 0.100000 0.000000 0.000000
vn 0.100000 0.000000 0.000000
vn 0.096593 -0.025882 0.000000
vn 0.096593 -0.025882 0.000000
vn 0.086603 -0.050000 0.000000
vn 0.086603 -0.050000 0.000000
vn 0.070711 -0.070711 0.000000
vn 0.070711 -0.070711 0.000000
vn 0.050000 -0.086603 0.000000
vn 0.050000 -0.086603 0.000000
vn 0.025882 -0.096593 0.000000
vn 0.025882 -0.096593 0.000000
vn -0.000000 -0.100000 0.000000
vn -0.000000 -0.100000 0.000000
vn -0.025882 -0.096593 0.000000
vn -0.025882 -0.096593 0.000000
vn -0.050000 -0.086603 0.000000
vn -0.050000 -0.086603 0.000000
vn -0.070711 -0.070711 0.000000
vn -0.070711 -0.070711 0.000000
vn -0.086603 -0.050000 0.000000
vn -0.086603 -0.050000 0.000000
vn -0.096593 -0.025882 0.000000
vn -0.096593 -0.025882 0.000000
vn -0.100000 0.000000 -0.000000
vn -0.100000 0.000000 -0.000000
vn -0.096593 0.025882 -0.000000
vn -0.096593 0.025882 -0.000000
vn -0.086603 0.050000 -0.000000
vn -0.086603 0.050000 -0.000000
vn -0.070711 0.070711 -0.000000
vn -0.070711 0.070711 -0.000000
vn -0.050000 0.086603 -0.000000
vn -0.050000 0.086603 -0.000000
vn -0.025882 0.096593 -0.000000
vn -0.025882 0.096593 -0.000000
vn -0.000000 0.100000 -0.000000
vn -0.000000 0.100000 -0.000000
vn 0.025882 0.096593 0.000000
vn 0.025882 0.096593 0.000000
vn 0.050000 0.086603 0.000000
vn 0.050000 0.086603 0.000000
vn 0.070711 0.070711 0.000000
vn 0.070711 0.070711 0.000000
vn 0.086603 0.050000 0.000000
vn 0.086603 0.050000 0.000000
vn 0.096593 -0.025882 0.000000
vn 0.100000 -0.000000 0.000000
vn 0.096593 0.025882 0.000000
vn 0.086603 0.050000 0.000000
vn 0.070711 0.070711 0.000000
vn 0.050000 0.086603 0.000000
vn 0.025882 0.096593 0.000000
vn -0.000000 0.100000 -0.000000
vn -0.025882 0.096593 -0.000000
vn -0.050000 0.086603 -0.000000
vn -0.070711 0.070711 -0.000000
vn -0.086603 0.050000 -0.000000
vn -0.096593 0.025882 -0.000000
vn -0.100000 0.000000 -0.000000
vn -0.096593 -0.025882 0.000000
vn -0.086603 -0.050000 0.000000
vn -0.070711 -0.070711 0.000000
vn -0.050000 -0.086603 0.000000
vn -0.025882 -0.096593 0.000000
vn -0.000000 -0.100000 0.000000
vn 0.025882 -0.096593 0.000000
vn 0.050000 -0.086603 0.000000
vn 0.070711 -0.070711 0.000000
vn 0.086603 -0.050000 0.000000
vn 0.000000 0.000000 -0.100000
vn 0.000000 0.000000 -0.100000
vn 0.000000 0.000000 -0.100000
vn 0.000000 0.000000 -0.100000
vn 0.000000 0.000000 -0.100000
vn 0.000000 0.000000 -0.100000
vn 0.000000 0.000000 -0.100000
vn 0.000000 0.000000 -0.100000
vn 0.000000 0.000000 -0.100000
vn 0.000000 0.000000 -0.100000
vn 0.000000 0.000000 -0.100000
vn 0.000000 0.000000 -0.100000
vn 0.000000 0.000000 -0.100000
vn 0.000000 0.000000 -0.100000
vn 0.000000 0.000000 -0.100000
vn 0.000000 0.000000 -0.100000
vn 0.000000 0.000000 -0.100000
vn 0.000000 0.000000 -0.100000
vn 0.000000 0.000000 -0.100000
vn 0.000000 0.000000 -0.100000
vn 0.000000 0.000000 -0.100000
vn 0.000000 0.000000 -0.100000
vn 0.000000 0.000000 -0.100000
vn 0.000000 0.000000 -0.100000
vn 0.000000 0.000000 -0.100000
vn 0.000000 0.000000 -0.100000
vn 0.000000 0.000000 -0.100000
vn 0.000000 0.000000 -0.100000
vn 0.000000 0.000000 -0.100000
vn 0.000000 0.000000 -0.100000
vn 0.000000 0.000000 -0.100000
vn 0.000000 0.000000 -0.100000
vn 0.000000 0.000000 -0.100000
vn 0.000000 0.000000 -0.100000
vn 0.000000 0.000000 -0.100000
vn 0.000000 0.000000 -0.100000
vn 0.000000 0.000000 -0.100000
vn 0.000000 0.000000 -0.100000
vn 0.000000 0.000000 -0.100000
vn 0.000000 0.000000 -0.100000
vn 0.000000 0.100000 0.000000
vn 0.000000 0.100000 0.000000
vn 0.000000 0.100000 0.000000
vn 0.000000 0.100000 0.000000
vn 0.100000 -0.000000 0.000000
vn 0.100000 -0.000000 0.000000
vn 0.098079 0.019509 0.000000
vn 0.098079 0.019509 0.000000
vn 0.092388 0.038268 0.000000
vn 0.092388 0.038268 0.000000
vn 0.083147 0.055557 0.000000
vn 0.083147 0.055557 0.000000
vn 0.070711 0.070711 0.000000
vn 0.070711 0.070711 0.000000
vn 0.055557 0.083147 0.000000
vn 0.055557 0.083147 0.000000
vn 0.038268 0.092388 0.000000
vn 0.038268 0.092388 0.000000
vn 0.019509 0.098079 0.000000
vn 0.019509 0.098079 0.000000
vn 0.000000 0.100000 0.000000
vn 0.000000 0.100000 0.000000
vn -0.019509 0.098079 0.000000
vn -0.019509 0.098079 0.000000
vn -0.038268 0.092388 0.000000
vn -0.038268 0.092388 0.000000
vn -0.055557 0.083147 0.000000
vn -0.055557 0.083147 0.000000
vn -0.070711 0.070711 0.000000
vn -0.070711 0.070711 0.000000
vn -0.083147 0.055557 0.000000
vn -0.083147 0.055557 0.000000
vn -0.092388 0.038268 0.000000
vn -0.092388 0.038268 0.000000
vn -0.098079 0.019509 0.000000
vn -0.098079 0.019509 0.000000
vn -0.100000 0.000000 0.000000
vn -0.100000 0.000000 0.000000
vn -0.100000 0.000000 0.000000
vn -0.100000 0.000000 0.000000
vn -0.100000 0.000000 0.000000
vn -0.100000 0.000000 0.000000
vn 0.000000 0.100000 0.000000
vn 0.000000 0.100000 0.000000
vn 0.000000 0.100000 0.000000
vn 0.000000 0.100000 0.000000
vn 0.000000 0.100000 0.000000
vn 0.100000 0.000000 0.000000
vn 0.100000 0.000000 0.000000
vn 0.100000 0.000000 0.000000
vn 0.100000 0.000000 0.000000
vn 0.100000 0.000000 0.000000
vn 0.100000 0.000000 0.000000
vn 0.000000 0.100000 0.000000
vn 0.000000 0.100000 0.000000
vn 0.000000 0.100000 0.000000
vn 0.000000 0.100000 0.000000
vn 0.000000 0.100000 0.000000
vn -0.100000 0.000000 0.000000
vn -0.100000 0.000000 0.000000
vn -0.100000 0.000000 0.000000
vn -0.100000 0.000000 0.000000
vn 0.000000 -0.100000 0.000000
vn 0.000000 -0.100000 0.000000
vn 0.000000 -0.100000 0.000000
vn 0.000000 -0.100000 0.000000
vn 0.100000 -0.000000 0.000000
vn 0.100000 -0.000000 0.000000
vn 0.098288 -0.018427 0.000000
vn 0.098288 -0.018427 0.000000
vn 0.093209 -0.036223 0.000000
vn 0.093209 -0.036223 0.000000
vn 0.084938 -0.052778 0.000000
vn 0.084938 -0.052778 0.000000
vn 0.073758 -0.067526 0.000000
vn 0.073758 -0.067526 0.000000
vn 0.060053 -0.079961 0.000000
vn 0.060053 -0.079961 0.000000
vn 0.044290 -0.089657 0.000000
vn 0.044290 -0.089657 0.000000
vn 0.027011 -0.096283 0.000000
vn 0.027011 -0.096283 0.000000
vn 0.008806 -0.099612 0.000000
vn 0.008806 -0.099612 0.000000
vn -0.009700 -0.099528 0.000000
vn -0.009700 -0.099528 0.000000
vn -0.027874 -0.096037 0.000000
vn -0.027874 -0.096037 0.000000
vn -0.045093 -0.089256 0.000000
vn -0.045093 -0.089256 0.000000
vn -0.060768 -0.079418 0.000000
vn -0.060768 -0.079418 0.000000
vn -0.074362 -0.066861 0.000000
vn -0.074362 -0.066861 0.000000
vn -0.085409 -0.052013 0.000000
vn -0.085409 -0.052013 0.000000
vn -0.093530 -0.035385 0.000000
vn -0.093530 -0.035385 0.000000
vn -0.098449 -0.017544 0.000000
vn -0.098449 -0.017544 0.000000
vn 0.100000 -0.000000 0.000000
vn 0.100000 -0.000000 0.000000
vn 0.100000 -0.000000 0.000000
vn 0.100000 -0.000000 0.000000
vn -0.100000 0.000000 0.000000
vn -0.100000 0.000000 0.000000
vn -0.100000 0.000000 0.000000
vn -0.100000 0.000000 0.000000
vn 0.000000 0.100000 0.000000
vn 0.000000 0.100000 0.000000
vn 0.000000 0.100000 0.000000
vn 0.000000 0.100000 0.000000
vn 0.000000 -0.100000 0.000000
vn 0.000000 -0.100000 0.000000
vn 0.017365 -0.098481 0.000000
vn 0.017365 -0.098481 0.000000
vn 0.034202 -0.093969 0.000000
vn 0.034202 -0.093969 0.000000
vn 0.050000 -0.086603 0.000000
vn 0.050000 -0.086603 0.000000
vn 0.064279 -0.076604 0.000000
vn 0.064279 -0.076604 0.000000
vn 0.076604 -0.064279 0.000000
vn 0.076604 -0.064279 0.000000
vn 0.086603 -0.050000 0.000000
vn 0.086603 -0.050000 0.000000
vn 0.093969 -0.034202 0.000000
vn 0.093969 -0.034202 0.000000
vn 0.098481 -0.017365 0.000000
vn 0.098481 -0.017365 0.000000
vn 0.098481 -0.017365 0.000000
vn 0.093969 -0.034202 0.000000
vn 0.086603 -0.050000 0.000000
vn 0.076604 -0.064279 0.000000
vn 0.064279 -0.076604 0.000000
vn 0.050000 -0.086603 0.000000
vn 0.034202 -0.093969 0.000000
vn 0.017365 -0.098481 0.000000
vn 0.000000 -0.100000 0.000000
vn 0.000000 -0.100000 0.000000
vn -0.100000 0.000000 -0.000000
vn -0.100000 0.000000 -0.000000
vn -0.098481 -0.017365 0.000000
vn -0.098481 -0.017365 0.000000
vn -0.093969 -0.034202 0.000000
vn -0.093969 -0.034202 0.000000
vn -0.086603 -0.050000 0.000000
vn -0.086603 -0.050000 0.000000
vn -0.076604 -0.064279 0.000000
vn -0.076604 -0.064279 0.000000
vn -0.064279 -0.076604 0.000000
vn -0.064279 -0.076604 0.000000
vn -0.050000 -0.086603 0.000000
vn -0.050000 -0.086603 0.000000
vn -0.034202 -0.093969 0.000000
vn -0.034202 -0.093969 0.000000
vn -0.017365 -0.098481 0.000000
vn -0.017365 -0.098481 0.000000
vn -0.017365 -0.098481 0.000000
vn -0.034202 -0.093969 0.000000
vn -0.050000 -0.086603 0.000000
vn -0.064279 -0.076604 0.000000
vn -0.076604 -0.064279 0.000000
vn -0.086603 -0.050000 0.000000
vn -0.093969 -0.034202 0.000000
vn -0.098481 -0.017365 0.000000
vn 0.000000 0.000000 -0.100000
vn 0.000000 0.000000 -0.100000
vn 0.000000 0.000000 -0.100000
vn 0.000000 0.000000 -0.100000
vn 0.000000 0.000000 -0.100000
vn 0.000000 0.000000 -0.100000
vn 0.000000 0.000000 -0.100000
vn 0.000000 0.000000 -0.100000
vn 0.000000 0.000000 -0.100000
vn 0.000000 0.000000 -0.100000
vn 0.000000 0.000000 -0.100000
vn 0.000000 0.000000 -0.100000
vn 0.000000 0.000000 -0.100000
vn 0.000000 0.000000 -0.100000
vn 0.000000 0.000000 -0.100000
vn 0.000000 0.000000 -0.100000
vn 0.000000 0.000000 -0.100000
vn 0.000000 0.000000 -0.100000
vn 0.000000 0.000000 -0.100000
vn 0.000000 0.000000 -0.100000
vn 0.000000 0.000000 -0.100000
vn 0.000000 0.000000 -0.100000
vn 0.000000 0.000000 -0.100000
vn 0.000000 0.000000 -0.100000
vn 0.000000 0.000000 -0.100000
vn 0.000000 0.000000 -0.100000
vn 0.000000 0.000000 -0.100000
vn 0.000000 0.000000 -0.100000
vn 0.000000 0.000000 -0.100000
vn 0.000000 0.000000 -0.100000
vn 0.000000 0.000000 -0.100000
vn 0.000000 0.000000 -0.100000
vn 0.000000 0.000000 -0.100000
vn 0.000000 0.000000 -0.100000
vn 0.000000 0.000000 -0.100000
vn 0.000000 0.000000 -0.100000
vn 0.000000 0.000000 -0.100000
vn 0.000000 0.000000 -0.100000
vn 0.000000 0.000000 -0.100000
vn 0.000000 0.000000 -0.100000
vn 0.000000 0.000000 -0.100000
vn 0.000000 0.000000 -0.100000
vn 0.000000 0.000000 -0.100000
vn 0.000000 0.000000 -0.100000
vn 0.000000 0.000000 -0.100000
vn 0.000000 0.000000 -0.100000
vn 0.000000 0.000000 -0.100000
vn 0.000000 0.000000 -0.100000
vn 0.000000 0.000000 -0.100000
vn 0.000000 0.000000 -0.100000
vn 0.000000 0.000000 -0.100000
vn 0.000000 0.000000 -0.100000
vn 0.000000 0.000000 -0.100000
vn 0.000000 0.000000 -0.100000
vn 0.000000 0.000000 -0.100000
vn 0.000000 0.000000 -0.100000
vn 0.000000 0.000000 -0.100000
vn 0.000000 0.000000 -0.100000
vn 0.000000 0.000000 -0.100000
vn 0.000000 0.000000 -0.100000
vn 0.000000 0.000000 -0.100000
vn 0.000000 0.000000 -0.100000
vn 0.000000 0.000000 -0.100000
vn 0.000000 0.000000 -0.100000
vn 0.000000 0.000000 -0.100000
vn 0.000000 0.000000 -0.100000
vn 0.000000 0.000000 -0.100000
vn 0.000000 0.000000 -0.100000
vn 0.000000 0.000000 -0.100000
vn 0.000000 0.000000 -0.100000
vn 0.000000 0.000000 -0.100000
vn 0.000000 0.000000 -0.100000
vn 0.000000 0.000000 -0.100000
vn 0.000000 0.000000 -0.100000
vn 0.000000 0.000000 -0.100000
vn 0.000000 0.000000 -0.100000
vn 0.000000 0.000000 -0.100000
vn 0.000000 0.000000 -0.100000
vn 0.000000 0.000000 -0.100000
vn 0.000000 0.000000 -0.100000
vn 0.000000 0.000000 -0.100000
vn 0.000000 0.000000 -0.100000
vn 0.000000 0.000000 -0.100000
vn 0.000000 0.000000 -0.100000
vn 0.000000 0.000000 -0.100000
vn 0.000000 0.000000 -0.100000
vn 0.000000 0.000000 -0.100000
vn 0.000000 0.000000 -0.100000
vn 0.000000 0.000000 -0.100000
vn 0.000000 0.000000 -0.100000
vn 0.000000 0.000000 -0.100000
vn 0.000000 0.000000 -0.100000
vn 0.000000 0.000000 -0.100000
vn 0.000000 0.000000 -0.100000
vn 0.000000 0.000000 -0.100000
vn 0.000000 0.000000 -0.100000
vn 0.000000 0.000000 -0.100000
vn 0.000000 0.000000 -0.100000
vn 0.000000 0.000000 -0.100000
vn 0.000000 0.000000 -0.100000
vn 0.000000 0.000000 -0.100000
vn 0.000000 0.000000 -0.100000
vn 0.000000 0.000000 -0.100000
vn 0.000000 0.000000 -0.100000
vn 0.000000 0.000000 -0.100000
vn 0.000000 0.000000 -0.100000
vn 0.000000 0.000000 -0.100000
vn 0.000000 0.000000 -0.100000
vn 0.000000 0.000000 -0.100000
vn 0.000000 0.000000 -0.100000
vn 0.000000 0.000000 -0.100000
vn 0.000000 0.000000 -0.100000
vn 0.000000 0.000000 -0.100000
vn 0.000000 0.000000 -0.100000
vn 0.050000 0.086603 0.000000
vn 0.050000 0.086603 0.000000
vn 0.030071 0.095372 0.000000
vn 0.030071 0.095372 0.000000
vn 0.008716 0.099619 0.000000
vn 0.008716 0.099619 0.000000
vn -0.013053 0.099144 -0.000000
vn -0.013053 0.099144 -0.000000
vn -0.034202 0.093969 -0.000000
vn -0.034202 0.093969 -0.000000
vn -0.053730 0.084339 -0.000000
vn -0.053730 0.084339 -0.000000
vn -0.070711 0.070711 -0.000000
vn -0.070711 0.070711 -0.000000
vn -0.084339 0.053730 -0.000000
vn -0.084339 0.053730 -0.000000
vn -0.093969 0.034202 -0.000000
vn -0.093969 0.034202 -0.000000
vn -0.099144 0.013053 -0.000000
vn -0.099144 0.013053 -0.000000
vn -0.099619 -0.008716 0.000000
vn -0.099619 -0.008716 0.000000
vn -0.095372 -0.030071 0.000000
vn -0.095372 -0.030071 0.000000
vn -0.086603 -0.050000 0.000000
vn -0.086603 -0.050000 0.000000
vn -0.095372 -0.030071 0.000000
vn -0.099619 -0.008716 0.000000
vn -0.099144 0.013053 -0.000000
vn -0.093969 0.034202 -0.000000
vn -0.084339 0.053730 -0.000000
vn -0.070711 0.070711 -0.000000
vn -0.053730 0.084339 -0.000000
vn -0.034202 0.093969 -0.000000
vn -0.013053 0.099144 -0.000000
vn 0.008716 0.099619 0.000000
vn 0.030071 0.095372 0.000000
vn 0.086603 -0.050000 0.000000
vn 0.086603 -0.050000 0.000000
vn 0.095372 -0.030071 0.000000
vn 0.095372 -0.030071 0.000000
vn 0.099619 -0.008716 0.000000
vn 0.099619 -0.008716 0.000000
vn 0.099144 0.013053 0.000000
vn 0.099144 0.013053 0.000000
vn 0.093969 0.034202 0.000000
vn 0.093969 0.034202 0.000000
vn 0.084339 0.053730 0.000000
vn 0.084339 0.053730 0.000000
vn 0.070711 0.070711 0.000000
vn 0.070711 0.070711 0.000000
vn 0.053730 0.084339 0.000000
vn 0.053730 0.084339 0.000000
vn 0.034202 0.093969 0.000000
vn 0.034202 0.093969 0.000000
vn 0.013053 0.099144 0.000000
vn 0.013053 0.099144 0.000000
vn -0.008716 0.099619 -0.000000
vn -0.008716 0.099619 -0.000000
vn -0.030071 0.095372 -0.000000
vn -0.030071 0.095372 -0.000000
vn -0.050000 0.086603 -0.000000
vn -0.050000 0.086603 -0.000000
vn -0.030071 0.095372 -0.000000
vn -0.008716 0.099619 -0.000000
vn 0.013053 0.099144 0.000000
vn 0.034202 0.093969 0.000000
vn 0.053730 0.084339 0.000000
vn 0.070711 0.070711 0.000000
vn 0.084339 0.053730 0.000000
vn 0.093969 0.034202 0.000000
vn 0.099144 0.013053 0.000000
vn 0.099619 -0.008716 0.000000
vn 0.095372 -0.030071 0.000000
vn -0.100000 0.000000 0.000000
vn -0.100000 0.000000 0.000000
vn 0.000000 0.100000 0.000000
vn 0.000000 0.100000 0.000000
vn -0.017365 0.098481 -0.000000
vn -0.017365 0.098481 -0.000000
vn -0.034202 0.093969 -0.000000
vn -0.034202 0.093969 -0.000000
vn -0.050000 0.086603 -0.000000
vn -0.050000 0.086603 -0.000000
vn -0.064279 0.076604 -0.000000
vn -0.064279 0.076604 -0.000000
vn -0.076604 0.064279 -0.000000
vn -0.076604 0.064279 -0.000000
vn -0.086603 0.050000 -0.000000
vn -0.086603 0.050000 -0.000000
vn -0.093969 0.034202 -0.000000
vn -0.093969 0.034202 -0.000000
vn -0.098481 0.017365 -0.000000
vn -0.098481 0.017365 -0.000000
vn -0.098481 0.017365 -0.000000
vn -0.093969 0.034202 -0.000000
vn -0.086603 0.050000 -0.000000
vn -0.076604 0.064279 -0.000000
vn -0.064279 0.076604 -0.000000
vn -0.050000 0.086603 -0.000000
vn -0.034202 0.093969 -0.000000
vn -0.017365 0.098481 -0.000000
vn 0.000000 0.100000 0.000000
vn 0.000000 0.100000 0.000000
vn 0.098481 0.017365 0.000000
vn 0.098481 0.017365 0.000000
vn 0.093969 0.034202 0.000000
vn 0.093969 0.034202 0.000000
vn 0.086603 0.050000 0.000000
vn 0.086603 0.050000 0.000000
vn 0.076604 0.064279 0.000000
vn 0.076604 0.064279 0.000000
vn 0.064279 0.076604 0.000000
vn 0.064279 0.076604 0.000000
vn 0.050000 0.086603 0.000000
vn 0.050000 0.086603 0.000000
vn 0.034202 0.093969 0.000000
vn 0.034202 0.093969 0.000000
vn 0.017365 0.098481 0.000000
vn 0.017365 0.098481 0.000000
vn 0.017365 0.098481 0.000000
vn 0.034202 0.093969 0.000000
vn 0.050000 0.086603 0.000000
vn 0.064279 0.076604 0.000000
vn 0.076604 0.064279 0.000000
vn 0.086603 0.050000 0.000000
vn 0.093969 0.034202 0.000000
vn 0.098481 0.017365 0.000000
vn -0.086603 0.050000 -0.000000
vn -0.086603 0.050000 -0.000000
vn -0.095372 0.030071 -0.000000
vn -0.095372 0.030071 -0.000000
vn -0.099619 0.008716 -0.000000
vn -0.099619 0.008716 -0.000000
vn -0.099144 -0.013053 0.000000
vn -0.099144 -0.013053 0.000000
vn -0.093969 -0.034202 0.000000
vn -0.093969 -0.034202 0.000000
vn -0.084339 -0.053730 0.000000
vn -0.084339 -0.053730 0.000000
vn -0.070711 -0.070711 0.000000
vn -0.070711 -0.070711 0.000000
vn -0.053730 -0.084339 0.000000
vn -0.053730 -0.084339 0.000000
vn -0.034202 -0.093969 0.000000
vn -0.034202 -0.093969 0.000000
vn -0.013053 -0.099144 0.000000
vn -0.013053 -0.099144 0.000000
vn 0.008716 -0.099619 0.000000
vn 0.008716 -0.099619 0.000000
vn 0.030071 -0.095372 0.000000
vn 0.030071 -0.095372 0.000000
vn 0.050000 -0.086603 0.000000
vn 0.050000 -0.086603 0.000000
vn 0.030071 -0.095372 0.000000
vn 0.008716 -0.099619 0.000000
vn -0.013053 -0.099144 0.000000
vn -0.034202 -0.093969 0.000000
vn -0.053730 -0.084339 0.000000
vn -0.070711 -0.070711 0.000000
vn -0.084339 -0.053730 0.000000
vn -0.093969 -0.034202 0.000000
vn -0.099144 -0.013053 0.000000
vn -0.099619 0.008716 -0.000000
vn -0.095372 0.030071 -0.000000
vn 0.000000 -0.100000 0.000000
vn 0.000000 -0.100000 0.000000
vn 0.000000 -0.100000 0.000000
vn 0.000000 -0.100000 0.000000
vn -0.050000 -0.086603 0.000000
vn -0.050000 -0.086603 0.000000
vn -0.030071 -0.095372 0.000000
vn -0.030071 -0.095372 0.000000
vn -0.008716 -0.099619 0.000000
vn -0.008716 -0.099619 0.000000
vn 0.013053 -0.099144 0.000000
vn 0.013053 -0.099144 0.000000
vn 0.034202 -0.093969 0.000000
vn 0.034202 -0.093969 0.000000
vn 0.053730 -0.084339 0.000000
vn 0.053730 -0.084339 0.000000
vn 0.070711 -0.070711 0.000000
vn 0.070711 -0.070711 0.000000
vn 0.084339 -0.053730 0.000000
vn 0.084339 -0.053730 0.000000
vn 0.093969 -0.034202 0.000000
vn 0.093969 -0.034202 0.000000
vn 0.099144 -0.013053 0.000000
vn 0.099144 -0.013053 0.000000
vn 0.099619 0.008716 0.000000
vn 0.099619 0.008716 0.000000
vn 0.095372 0.030071 0.000000
vn 0.095372 0.030071 0.000000
vn 0.086603 0.050000 0.000000
vn 0.086603 0.050000 0.000000
vn 0.095372 0.030071 0.000000
vn 0.099619 0.008716 0.000000
vn 0.099144 -0.013053 0.000000
vn 0.093969 -0.034202 0.000000
vn 0.084339 -0.053730 0.000000
vn 0.070711 -0.070711 0.000000
vn 0.053730 -0.084339 0.000000
vn 0.034202 -0.093969 0.000000
vn 0.013053 -0.099144 0.000000
vn -0.008716 -0.099619 0.000000
vn -0.030071 -0.095372 0.000000
vn 0.100000 -0.000000 0.000000
vn 0.100000 -0.000000 0.000000
vn 0.100000 -0.000000 0.000000
vn 0.100000 -0.000000 0.000000
vn 0.000000 0.000000 -0.100000
vn 0.000000 0.000000 -0.100000
vn 0.000000 0.000000 -0.100000
vn 0.000000 0.000000 -0.100000
vn 0.000000 0.000000 -0.100000
vn 0.000000 0.000000 -0.100000
vn 0.000000 0.000000 -0.100000
vn 0.000000 0.000000 -0.100000
vn 0.000000 0.000000 -0.100000
vn 0.000000 0.000000 -0.100000
vn 0.000000 0.000000 -0.100000
vn 0.000000 0.000000 -0.100000
vn 0.000000 0.000000 -0.100000
vn 0.000000 0.000000 -0.100000
vn 0.000000 0.000000 -0.100000
vn 0.000000 0.000000 -0.100000
vn 0.000000 0.000000 -0.100000
vn 0.000000 0.000000 -0.100000
vn 0.000000 0.000000 -0.100000
vn 0.000000 0.000000 -0.100000
vn 0.000000 0.000000 -0.100000
vn 0.000000 0.000000 -0.100000
vn 0.000000 0.000000 -0.100000
vn 0.000000 0.000000 -0.100000
vn 0.000000 0.000000 -0.100000
vn 0.000000 0.000000 -0.100000
vn 0.000000 0.000000 -0.100000
vn 0.000000 0.000000 -0.100000
vn 0.000000 0.000000 -0.100000
vn 0.000000 0.000000 -0.100000
vn 0.000000 0.000000 -0.100000
vn 0.000000 0.000000 -0.100000
vn 0.000000 0.000000 -0.100000
vn 0.000000 0.000000 -0.100000
vn 0.000000 0.000000 -0.100000
vn 0.000000 0.000000 -0.100000
vn 0.000000 0.000000 -0.100000
vn 0.000000 0.000000 -0.100000
vn 0.000000 0.000000 -0.100000
vn 0.000000 0.000000 -0.100000
vn 0.000000 0.000000 -0.100000
vn 0.000000 0.000000 -0.100000
vn 0.000000 0.000000 -0.100000
vn 0.000000 0.000000 -0.100000
vn 0.000000 0.000000 -0.100000
vn 0.000000 0.000000 -0.100000
vn 0.000000 0.000000 -0.100000
vn 0.000000 0.000000 -0.100000
vn 0.000000 0.000000 -0.100000
vn 0.000000 0.000000 -0.100000
vn 0.000000 0.000000 -0.100000
vn 0.000000 0.000000 -0.100000
vn 0.000000 0.000000 -0.100000
vn 0.000000 0.000000 -0.100000
vn 0.000000 0.000000 -0.100000
vn 0.000000 0.000000 -0.100000
vn 0.000000 0.000000 -0.100000
vn 0.000000 0.000000 -0.100000
vn 0.000000 0.000000 -0.100000
vn 0.000000 0.000000 -0.100000
vn 0.000000 0.000000 -0.100000
vn 0.000000 0.000000 -0.100000
vn 0.000000 0.000000 -0.100000
vn 0.000000 0.000000 -0.100000
vn 0.000000 0.000000 -0.100000
vn 0.000000 0.000000 -0.100000
vn 0.000000 0.000000 -0.100000
vn 0.000000 0.000000 -0.100000
vn 0.000000 0.000000 -0.100000
vn 0.000000 0.000000 -0.100000
vn 0.000000 0.000000 -0.100000
vn 0.000000 0.000000 -0.100000
vn 0.000000 0.000000 -0.100000
vn 0.000000 0.000000 -0.100000
vn 0.000000 0.000000 -0.100000
vn 0.000000 0.000000 -0.100000
vn 0.000000 0.000000 -0.100000
vn 0.000000 0.000000 -0.100000
vn 0.000000 0.000000 -0.100000
vn 0.000000 0.000000 -0.100000
vn 0.000000 0.000000 -0.100000
vn 0.000000 0.000000 -0.100000
vn 0.000000 0.000000 -0.100000
vn 0.000000 0.000000 -0.100000
vn 0.000000 0.000000 -0.100000
vn 0.000000 0.000000 -0.100000
vn 0.000000 0.000000 -0.100000
vn 0.000000 0.000000 -0.100000
vn 0.000000 0.000000 -0.100000
vn 0.000000 0.000000 -0.100000
vn 0.000000 0.000000 -0.100000
vn 0.000000 0.000000 -0.100000
vn 0.000000 0.000000 -0.100000
vn 0.000000 0.000000 -0.100000
vn 0.000000 0.000000 -0.100000
vn 0.000000 0.000000 -0.100000
vn 0.000000 0.000000 -0.100000
vn 0.000000 0.000000 -0.100000
vn 0.000000 0.000000 -0.100000
vn 0.000000 0.000000 -0.100000
vn 0.000000 0.000000 -0.100000
vn 0.000000 0.000000 -0.100000
vn 0.000000 0.000000 -0.100000
vn 0.000000 0.000000 -0.100000
vn 0.000000 0.000000 -0.100000
vn 0.000000 0.000000 -0.100000
vn 0.000000 0.000000 -0.100000
vn 0.000000 0.000000 -0.100000
vn 0.000000 0.000000 -0.100000
vn 0.000000 0.000000 -0.100000
vn 0.000000 0.000000 -0.100000
vn 0.000000 0.000000 -0.100000
vn 0.000000 0.000000 -0.100000
vn 0.000000 0.000000 -0.100000
vn 0.000000 0.000000 -0.100000
vn 0.000000 0.000000 -0.100000
vn 0.000000 0.000000 -0.100000
vn 0.000000 0.000000 -0.100000
vn 0.000000 0.000000 -0.100000
vn 0.000000 0.000000 -0.100000
vn 0.000000 0.000000 -0.100000
vn 0.000000 0.000000 -0.100000
vn 0.000000 0.000000 -0.100000
vn 0.000000 0.000000 -0.100000
vn 0.000000 0.000000 -0.100000
vn 0.000000 0.000000 -0.100000
vn 0.000000 0.000000 -0.100000
vn 0.000000 0.000000 -0.100000
vn 0.000000 0.000000 -0.100000
vn 0.000000 0.000000 -0.100000
vn 0.000000 0.000000 -0.100000
vn 0.000000 0.000000 -0.100000
vn 0.000000 0.000000 -0.100000
vn 0.000000 0.000000 -0.100000
vn 0.000000 0.000000 -0.100000
vn 0.000000 0.000000 -0.100000
vn 0.000000 0.000000 -0.100000
vn 0.000000 0.000000 -0.100000
vn 0.000000 0.000000 -0.100000
vn 0.000000 0.000000 -0.100000
vn 0.000000 0.000000 -0.100000
vn 0.000000 0.000000 -0.100000
vn 0.000000 0.000000 -0.100000
vn 0.000000 0.000000 -0.100000
vn 0.000000 0.000000 -0.100000
vn 0.000000 0.000000 -0.100000
vn 0.000000 0.000000 -0.100000
vn 0.000000 0.000000 -0.100000
vn 0.000000 0.000000 -0.100000
vn 0.000000 0.000000 -0.100000
vn 0.000000 0.000000 -0.100000
vn 0.000000 0.000000 -0.100000
vn 0.000000 0.000000 -0.100000
vn 0.000000 0.000000 -0.100000
vn 0.000000 0.000000 -0.100000
vn 0.000000 0.000000 -0.100000
vn 0.000000 0.000000 -0.100000
vn 0.000000 0.000000 -0.100000
vn 0.000000 0.000000 -0.100000
vn 0.000000 0.000000 -0.100000
vn 0.000000 0.000000 -0.100000
vn 0.000000 0.000000 -0.100000
vn 0.000000 0.000000 -0.100000
vn 0.000000 0.000000 -0.100000
vn 0.000000 0.000000 -0.100000
vn 0.000000 0.000000 -0.100000
vn 0.000000 0.000000 -0.100000
vn 0.000000 0.000000 -0.100000
vn 0.000000 0.000000 -0.100000
vn 0.000000 0.000000 -0.100000
vn 0.000000 0.000000 -0.100000
vn 0.000000 0.000000 -0.100000
vn 0.000000 0.000000 -0.100000
vn 0.000000 0.000000 -0.100000
vn 0.000000 0.000000 -0.100000
vn 0.000000 0.000000 -0.100000
vn 0.000000 0.000000 -0.100000
vn 0.000000 0.000000 -0.100000
vn 0.000000 0.000000 -0.100000
vn 0.000000 0.000000 -0.100000
vn 0.000000 0.000000 -0.100000
vn 0.000000 0.000000 -0.100000
vn 0.000000 0.000000 -0.100000
vn 0.000000 0.000000 -0.100000
vn 0.000000 0.000000 -0.100000
vn 0.000000 0.000000 -0.100000
vn 0.000000 0.000000 -0.100000
vn 0.000000 0.000000 -0.100000
usemtl Steel_-_Satin
f 2/1/1 36/2/2 1/3/3
f 1/3/3 36/2/2 37/4/4
f 1/3/3 37/4/4 24/5/5
f 24/5/5 37/4/4 38/6/6
f 24/5/5 38/6/6 23/7/7
f 23/7/7 38/6/6 39/8/8
f 23/7/7 39/8/8 22/9/9
f 22/9/9 39/8/8 40/10/10
f 22/9/9 40/10/10 21/11/11
f 21/11/11 40/10/10 41/12/12
f 21/11/11 41/12/12 20/13/13
f 20/13/13 41/12/12 42/14/14
f 20/13/13 42/14/14 19/15/15
f 19/15/15 42/14/14 43/16/16
f 19/15/15 43/16/16 18/17/17
f 18/17/17 43/16/16 44/18/18
f 18/17/17 44/18/18 17/19/19
f 17/19/19 44/18/18 45/20/20
f 17/19/19 45/20/20 16/21/21
f 16/21/21 45/20/20 46/22/22
f 16/21/21 46/22/22 15/23/23
f 15/23/23 46/22/22 47/24/24
f 15/23/23 47/24/24 14/25/25
f 14/25/25 47/24/24 48/26/26
f 14/25/25 48/26/26 13/27/27
f 13/27/27 48/26/26 25/28/28
f 13/29/27 25/30/28 12/31/29
f 12/31/29 25/30/28 26/32/30
f 12/31/29 26/32/30 11/33/31
f 11/33/31 26/32/30 27/34/32
f 11/33/31 27/34/32 10/35/33
f 10/35/33 27/34/32 28/36/34
f 10/35/33 28/36/34 9/37/35
f 9/37/35 28/36/34 29/38/36
f 9/37/35 29/38/36 8/39/37
f 8/39/37 29/38/36 30/40/38
f 8/39/37 30/40/38 7/41/39
f 7/41/39 30/40/38 31/42/40
f 7/41/39 31/42/40 6/43/41
f 6/43/41 31/42/40 32/44/42
f 6/43/41 32/44/42 5/45/43
f 5/45/43 32/44/42 33/46/44
f 5/45/43 33/46/44 4/47/45
f 4/47/45 33/46/44 34/48/46
f 4/47/45 34/48/46 3/49/47
f 3/49/47 34/48/46 35/50/48
f 3/49/47 35/50/48 2/1/1
f 2/1/1 35/50/48 36/2/2
f 24/51/49 14/52/50 1/53/51
f 1/53/51 14/52/50 13/54/52
f 1/53/51 13/54/52 2/55/53
f 2/55/53 13/54/52 12/56/54
f 2/55/53 12/56/54 3/57/55
f 3/57/55 12/56/54 11/58/56
f 3/57/55 11/58/56 4/59/57
f 4/59/57 11/58/56 10/60/58
f 4/59/57 10/60/58 5/61/59
f 5/61/59 10/60/58 9/62/60
f 5/61/59 9/62/60 6/63/61
f 6/63/61 9/62/60 8/64/62
f 6/63/61 8/64/62 7/65/63
f 14/52/50 24/51/49 15/66/64
f 15/66/64 24/51/49 23/67/65
f 15/66/64 23/67/65 16/68/66
f 16/68/66 23/67/65 22/69/67
f 16/68/66 22/69/67 17/70/68
f 17/70/68 22/69/67 21/71/69
f 17/70/68 21/71/69 18/72/70
f 18/72/70 21/71/69 20/73/71
f 18/72/70 20/73/71 19/74/72
f 50/75/73 84/76/74 49/77/75
f 49/77/75 84/76/74 85/78/76
f 49/77/75 85/78/76 72/79/77
f 72/79/77 85/78/76 86/80/78
f 72/79/77 86/80/78 71/81/79
f 71/81/79 86/80/78 87/82/80
f 71/81/79 87/82/80 70/83/81
f 70/83/81 87/82/80 88/84/82
f 70/83/81 88/84/82 69/85/83
f 69/85/83 88/84/82 89/86/84
f 69/85/83 89/86/84 68/87/85
f 68/87/85 89/86/84 90/88/86
f 68/87/85 90/88/86 67/89/87
f 67/89/87 90/88/86 91/90/88
f 67/89/87 91/90/88 66/91/89
f 66/91/89 91/90/88 92/92/90
f 66/91/89 92/92/90 65/93/91
f 65/93/91 92/92/90 93/94/92
f 65/93/91 93/94/92 64/95/93
f 64/95/93 93/94/92 94/96/94
f 64/95/93 94/96/94 63/97/95
f 63/97/95 94/96/94 95/98/96
f 63/97/95 95/98/96 62/99/97
f 62/99/97 95/98/96 96/100/98
f 62/99/97 96/100/98 61/101/99
f 61/101/99 96/100/98 73/102/100
f 61/103/99 73/104/100 60/105/101
f 60/105/101 73/104/100 74/106/102
f 60/105/101 74/106/102 59/107/103
f 59/107/103 74/106/102 75/108/104
f 59/107/103 75/108/104 58/109/105
f 58/109/105 75/108/104 76/110/106
f 58/109/105 76/110/106 57/111/107
f 57/111/107 76/110/106 77/112/108
f 57/111/107 77/112/108 56/113/109
f 56/113/109 77/112/108 78/114/110
f 56/113/109 78/114/110 55/115/111
f 55/115/111 78/114/110 79/116/112
f 55/115/111 79/116/112 54/117/113
f 54/117/113 79/116/112 80/118/114
f 54/117/113 80/118/114 53/119/115
f 53/119/115 80/118/114 81/120/116
f 53/119/115 81/120/116 52/121/117
f 52/121/117 81/120/116 82/122/118
f 52/121/117 82/122/118 51/123/119
f 51/123/119 82/122/118 83/124/120
f 51/123/119 83/124/120 50/75/73
f 50/75/73 83/124/120 84/76/74
f 72/125/121 62/126/122 49/127/123
f 49/127/123 62/126/122 61/128/124
f 49/127/123 61/128/124 50/129/125
f 50/129/125 61/128/124 60/130/126
f 50/129/125 60/130/126 51/131/127
f 51/131/127 60/130/126 59/132/128
f 51/131/127 59/132/128 52/133/129
f 52/133/129 59/132/128 58/134/130
f 52/133/129 58/134/130 53/135/131
f 53/135/131 58/134/130 57/136/132
f 53/135/131 57/136/132 54/137/133
f 54/137/133 57/136/132 56/138/134
f 54/137/133 56/138/134 55/139/135
f 62/126/122 72/125/121 63/140/136
f 63/140/136 72/125/121 71/141/137
f 63/140/136 71/141/137 64/142/138
f 64/142/138 71/141/137 70/143/139
f 64/142/138 70/143/139 65/144/140
f 65/144/140 70/143/139 69/145/141
f 65/144/140 69/145/141 66/146/142
f 66/146/142 69/145/141 68/147/143
f 66/146/142 68/147/143 67/148/144
f 98/149/145 144/150/146 97/151/147
f 97/151/147 144/150/146 121/152/148
f 97/151/147 121/152/148 120/153/149
f 120/153/149 121/152/148 122/154/150
f 120/153/149 122/154/150 119/155/151
f 119/155/151 122/154/150 123/156/152
f 119/155/151 123/156/152 118/157/153
f 118/157/153 123/156/152 124/158/154
f 118/157/153 124/158/154 117/159/155
f 117/159/155 124/158/154 125/160/156
f 117/159/155 125/160/156 116/161/157
f 116/161/157 125/160/156 126/162/158
f 116/161/157 126/162/158 115/163/159
f 115/163/159 126/162/158 127/164/160
f 115/163/159 127/164/160 114/165/161
f 114/165/161 127/164/160 128/166/162
f 114/165/161 128/166/162 113/167/163
f 113/167/163 128/166/162 129/168/164
f 113/167/163 129/168/164 112/169/165
f 112/169/165 129/168/164 130/170/166
f 112/169/165 130/170/166 111/171/167
f 111/171/167 130/170/166 131/172/168
f 111/171/167 131/172/168 110/173/169
f 110/173/169 131/172/168 132/174/170
f 110/173/169 132/174/170 109/175/171
f 109/175/171 132/174/170 133/176/172
f 109/177/171 133/178/172 108/179/173
f 108/179/173 133/178/172 134/180/174
f 108/179/173 134/180/174 107/181/175
f 107/181/175 134/180/174 135/182/176
f 107/181/175 135/182/176 106/183/177
f 106/183/177 135/182/176 136/184/178
f 106/183/177 136/184/178 105/185/179
f 105/185/179 136/184/178 137/186/180
f 105/185/179 137/186/180 104/187/181
f 104/187/181 137/186/180 138/188/182
f 104/187/181 138/188/182 103/189/183
f 103/189/183 138/188/182 139/190/184
f 103/189/183 139/190/184 102/191/185
f 102/191/185 139/190/184 140/192/186
f 102/191/185 140/192/186 101/193/187
f 101/193/187 140/192/186 141/194/188
f 101/193/187 141/194/188 100/195/189
f 100/195/189 141/194/188 142/196/190
f 100/195/189 142/196/190 99/197/191
f 99/197/191 142/196/190 143/198/192
f 99/197/191 143/198/192 98/149/145
f 98/149/145 143/198/192 144/150/146
f 48/199/193 134/200/194 25/201/195
f 25/201/195 134/200/194 133/202/196
f 25/201/195 133/202/196 26/203/197
f 26/203/197 133/202/196 132/204/198
f 26/203/197 132/204/198 27/205/199
f 27/205/199 132/204/198 131/206/200
f 27/205/199 131/206/200 28/207/201
f 28/207/201 131/206/200 130/208/202
f 28/207/201 130/208/202 29/209/203
f 29/209/203 130/208/202 129/210/204
f 29/209/203 129/210/204 30/211/205
f 30/211/205 129/210/204 128/212/206
f 30/211/205 128/212/206 31/213/207
f 31/213/207 128/212/206 127/214/208
f 31/213/207 127/214/208 126/215/209
f 48/199/193 47/216/210 134/200/194
f 134/200/194 47/216/210 135/217/211
f 135/217/211 47/216/210 46/218/212
f 135/217/211 46/218/212 136/219/213
f 136/219/213 46/218/212 45/220/214
f 136/219/213 45/220/214 137/221/215
f 137/221/215 45/220/214 44/222/216
f 137/221/215 44/222/216 138/223/217
f 138/223/217 44/222/216 43/224/218
f 138/223/217 43/224/218 139/225/219
f 139/225/219 43/224/218 140/226/220
f 140/226/220 43/224/218 42/227/221
f 140/226/220 42/227/221 141/228/222
f 141/228/222 42/227/221 41/229/223
f 141/228/222 41/229/223 142/230/224
f 142/230/224 41/229/223 40/231/225
f 142/230/224 40/231/225 143/232/226
f 143/232/226 40/231/225 39/233/227
f 143/232/226 39/233/227 144/234/228
f 144/234/228 39/233/227 38/235/229
f 144/234/228 38/235/229 121/236/230
f 121/236/230 38/235/229 37/237/231
f 121/236/230 37/237/231 36/238/232
f 121/236/230 36/238/232 122/239/233
f 122/239/233 36/238/232 35/240/234
f 122/239/233 35/240/234 123/241/235
f 123/241/235 35/240/234 34/242/236
f 123/241/235 34/242/236 124/243/237
f 124/243/237 34/242/236 33/244/238
f 124/243/237 33/244/238 125/245/239
f 125/245/239 33/244/238 32/246/240
f 125/245/239 32/246/240 126/215/209
f 126/215/209 32/246/240 31/213/207
f 146/247/241 192/248/242 145/249/243
f 145/249/243 192/248/242 169/250/244
f 145/249/243 169/250/244 168/251/245
f 168/251/245 169/250/244 170/252/246
f 168/251/245 170/252/246 167/253/247
f 167/253/247 170/252/246 171/254/248
f 167/253/247 171/254/248 166/255/249
f 166/255/249 171/254/248 172/256/250
f 166/255/249 172/256/250 165/257/251
f 165/257/251 172/256/250 173/258/252
f 165/257/251 173/258/252 164/259/253
f 164/259/253 173/258/252 174/260/254
f 164/259/253 174/260/254 163/261/255
f 163/261/255 174/260/254 175/262/256
f 163/261/255 175/262/256 162/263/257
f 162/263/257 175/262/256 176/264/258
f 162/263/257 176/264/258 161/265/259
f 161/265/259 176/264/258 177/266/260
f 161/265/259 177/266/260 160/267/261
f 160/267/261 177/266/260 178/268/262
f 160/267/261 178/268/262 159/269/263
f 159/269/263 178/268/262 179/270/264
f 159/269/263 179/270/264 158/271/265
f 158/271/265 179/270/264 180/272/266
f 158/271/265 180/272/266 157/273/267
f 157/273/267 180/272/266 181/274/268
f 157/275/267 181/276/268 156/277/269
f 156/277/269 181/276/268 182/278/270
f 156/277/269 182/278/270 155/279/271
f 155/279/271 182/278/270 183/280/272
f 155/279/271 183/280/272 154/281/273
f 154/281/273 183/280/272 184/282/274
f 154/281/273 184/282/274 153/283/275
f 153/283/275 184/282/274 185/284/276
f 153/283/275 185/284/276 152/285/277
f 152/285/277 185/284/276 186/286/278
f 152/285/277 186/286/278 151/287/279
f 151/287/279 186/286/278 187/288/280
f 151/287/279 187/288/280 150/289/281
f 150/289/281 187/288/280 188/290/282
f 150/289/281 188/290/282 149/291/283
f 149/291/283 188/290/282 189/292/284
f 149/291/283 189/292/284 148/293/285
f 148/293/285 189/292/284 190/294/286
f 148/293/285 190/294/286 147/295/287
f 147/295/287 190/294/286 191/296/288
f 147/295/287 191/296/288 146/247/241
f 146/247/241 191/296/288 192/248/242
f 96/297/289 182/298/290 73/299/291
f 73/299/291 182/298/290 181/300/292
f 73/299/291 181/300/292 74/301/293
f 74/301/293 181/300/292 180/302/294
f 74/301/293 180/302/294 75/303/295
f 75/303/295 180/302/294 179/304/296
f 75/303/295 179/304/296 76/305/297
f 76/305/297 179/304/296 178/306/298
f 76/305/297 178/306/298 77/307/299
f 77/307/299 178/306/298 177/308/300
f 77/307/299 177/308/300 78/309/301
f 78/309/301 177/308/300 176/310/302
f 78/309/301 176/310/302 79/311/303
f 79/311/303 176/310/302 175/312/304
f 79/311/303 175/312/304 174/313/305
f 96/297/289 95/314/306 182/298/290
f 182/298/290 95/314/306 183/315/307
f 183/315/307 95/314/306 94/316/308
f 183/315/307 94/316/308 184/317/309
f 184/317/309 94/316/308 93/318/310
f 184/317/309 93/318/310 185/319/311
f 185/319/311 93/318/310 92/320/312
f 185/319/311 92/320/312 186/321/313
f 186/321/313 92/320/312 91/322/314
f 186/321/313 91/322/314 187/323/315
f 187/323/315 91/322/314 188/324/316
f 188/324/316 91/322/314 90/325/317
f 188/324/316 90/325/317 189/326/318
f 189/326/318 90/325/317 89/327/319
f 189/326/318 89/327/319 190/328/320
f 190/328/320 89/327/319 88/329/321
f 190/328/320 88/329/321 191/330/322
f 191/330/322 88/329/321 87/331/323
f 191/330/322 87/331/323 192/332/324
f 192/332/324 87/331/323 86/333/325
f 192/332/324 86/333/325 169/334/326
f 169/334/326 86/333/325 85/335/327
f 169/334/326 85/335/327 84/336/328
f 169/334/326 84/336/328 170/337/329
f 170/337/329 84/336/328 83/338/330
f 170/337/329 83/338/330 171/339/331
f 171/339/331 83/338/330 82/340/332
f 171/339/331 82/340/332 172/341/333
f 172/341/333 82/340/332 81/342/334
f 172/341/333 81/342/334 173/343/335
f 173/343/335 81/342/334 80/344/336
f 173/343/335 80/344/336 174/313/305
f 174/313/305 80/344/336 79/311/303
f 193/345/337 194/346/338 196/347/339
f 196/347/339 194/346/338 195/348/340
f 197/349/341 193/350/342 198/351/343
f 198/351/343 193/350/342 196/352/344
f 199/353/345 197/354/346 200/355/347
f 200/355/347 197/354/346 198/356/348
f 194/357/349 199/358/350 195/359/351
f 195/359/351 199/358/350 200/360/352
f 202/361/353 250/362/354 201/363/355
f 201/363/355 250/362/354 249/364/356
f 201/365/355 249/366/356 224/367/357
f 224/367/357 249/366/356 272/368/358
f 224/367/357 272/368/358 223/369/359
f 223/369/359 272/368/358 271/370/360
f 223/369/359 271/370/360 222/371/361
f 222/371/361 271/370/360 270/372/362
f 222/371/361 270/372/362 221/373/363
f 221/373/363 270/372/362 269/374/364
f 221/373/363 269/374/364 220/375/365
f 220/375/365 269/374/364 268/376/366
f 220/375/365 268/376/366 219/377/367
f 219/377/367 268/376/366 267/378/368
f 219/377/367 267/378/368 218/379/369
f 218/379/369 267/378/368 266/380/370
f 218/379/369 266/380/370 217/381/371
f 217/381/371 266/380/370 265/382/372
f 217/381/371 265/382/372 216/383/373
f 216/383/373 265/382/372 264/384/374
f 216/383/373 264/384/374 215/385/375
f 215/385/375 264/384/374 263/386/376
f 215/385/375 263/386/376 214/387/377
f 214/387/377 263/386/376 262/388/378
f 214/387/377 262/388/378 213/389/379
f 213/389/379 262/388/378 261/390/380
f 213/389/379 261/390/380 212/391/381
f 212/391/381 261/390/380 260/392/382
f 212/391/381 260/392/382 211/393/383
f 211/393/383 260/392/382 259/394/384
f 211/393/383 259/394/384 210/395/385
f 210/395/385 259/394/384 258/396/386
f 210/395/385 258/396/386 209/397/387
f 209/397/387 258/396/386 257/398/388
f 209/397/387 257/398/388 208/399/389
f 208/399/389 257/398/388 256/400/390
f 208/399/389 256/400/390 207/401/391
f 207/401/391 256/400/390 255/402/392
f 207/401/391 255/402/392 206/403/393
f 206/403/393 255/402/392 254/404/394
f 206/403/393 254/404/394 205/405/395
f 205/405/395 254/404/394 253/406/396
f 205/405/395 253/406/396 204/407/397
f 204/407/397 253/406/396 252/408/398
f 204/407/397 252/408/398 203/409/399
f 203/409/399 252/408/398 251/410/400
f 203/409/399 251/410/400 202/361/353
f 202/361/353 251/410/400 250/362/354
f 226/411/401 260/392/382 225/412/402
f 225/412/402 260/392/382 261/390/380
f 225/412/402 261/390/380 248/413/403
f 248/413/403 261/390/380 262/388/378
f 248/413/403 262/388/378 247/414/404
f 247/414/404 262/388/378 263/386/376
f 247/414/404 263/386/376 246/415/405
f 246/415/405 263/386/376 264/384/374
f 246/415/405 264/384/374 245/416/406
f 245/416/406 264/384/374 265/382/372
f 245/416/406 265/382/372 244/417/407
f 244/417/407 265/382/372 266/380/370
f 244/417/407 266/380/370 243/418/408
f 243/418/408 266/380/370 267/378/368
f 243/418/408 267/378/368 242/419/409
f 242/419/409 267/378/368 268/376/366
f 242/419/409 268/376/366 241/420/410
f 241/420/410 268/376/366 269/374/364
f 241/420/410 269/374/364 240/421/411
f 240/421/411 269/374/364 270/372/362
f 240/421/411 270/372/362 239/422/412
f 239/422/412 270/372/362 271/370/360
f 239/422/412 271/370/360 238/423/413
f 238/423/413 271/370/360 272/368/358
f 238/423/413 272/368/358 237/424/414
f 237/424/414 272/368/358 249/366/356
f 237/425/414 249/364/356 236/426/415
f 236/426/415 249/364/356 250/362/354
f 236/426/415 250/362/354 235/427/416
f 235/427/416 250/362/354 251/410/400
f 235/427/416 251/410/400 234/428/417
f 234/428/417 251/410/400 252/408/398
f 234/428/417 252/408/398 233/429/418
f 233/429/418 252/408/398 253/406/396
f 233/429/418 253/406/396 232/430/419
f 232/430/419 253/406/396 254/404/394
f 232/430/419 254/404/394 231/431/420
f 231/431/420 254/404/394 255/402/392
f 231/431/420 255/402/392 230/432/421
f 230/432/421 255/402/392 256/400/390
f 230/432/421 256/400/390 229/433/422
f 229/433/422 256/400/390 257/398/388
f 229/433/422 257/398/388 228/434/423
f 228/434/423 257/398/388 258/396/386
f 228/434/423 258/396/386 227/435/424
f 227/435/424 258/396/386 259/394/384
f 227/435/424 259/394/384 226/411/401
f 226/411/401 259/394/384 260/392/382
f 248/436/425 238/437/426 225/438/427
f 225/438/427 238/437/426 237/439/428
f 225/438/427 237/439/428 226/440/429
f 226/440/429 237/439/428 236/441/430
f 226/440/429 236/441/430 227/442/431
f 227/442/431 236/441/430 235/443/432
f 227/442/431 235/443/432 228/444/433
f 228/444/433 235/443/432 234/445/434
f 228/444/433 234/445/434 229/446/435
f 229/446/435 234/445/434 233/447/436
f 229/446/435 233/447/436 230/448/437
f 230/448/437 233/447/436 232/449/438
f 230/448/437 232/449/438 231/450/439
f 238/437/426 248/436/425 239/451/440
f 239/451/440 248/436/425 247/452/441
f 239/451/440 247/452/441 240/453/442
f 240/453/442 247/452/441 246/454/443
f 240/453/442 246/454/443 241/455/444
f 241/455/444 246/454/443 245/456/445
f 241/455/444 245/456/445 242/457/446
f 242/457/446 245/456/445 244/458/447
f 242/457/446 244/458/447 243/459/448
f 274/460/449 322/461/450 273/462/451
f 273/462/451 322/461/450 321/463/452
f 273/464/451 321/465/452 296/466/453
f 296/466/453 321/465/452 344/467/454
f 296/466/453 344/467/454 295/468/455
f 295/468/455 344/467/454 343/469/456
f 295/468/455 343/469/456 294/470/457
f 294/470/457 343/469/456 342/471/458
f 294/470/457 342/471/458 293/472/459
f 293/472/459 342/471/458 341/473/460
f 293/472/459 341/473/460 292/474/461
f 292/474/461 341/473/460 340/475/462
f 292/474/461 340/475/462 291/476/463
f 291/476/463 340/475/462 339/477/464
f 291/476/463 339/477/464 290/478/465
f 290/478/465 339/477/464 338/479/466
f 290/478/465 338/479/466 289/480/467
f 289/480/467 338/479/466 337/481/468
f 289/480/467 337/481/468 288/482/469
f 288/482/469 337/481/468 336/483/470
f 288/482/469 336/483/470 287/484/471
f 287/484/471 336/483/470 335/485/472
f 287/484/471 335/485/472 286/486/473
f 286/486/473 335/485/472 334/487/474
f 286/486/473 334/487/474 285/488/475
f 285/488/475 334/487/474 333/489/476
f 285/488/475 333/489/476 284/490/477
f 284/490/477 333/489/476 332/491/478
f 284/490/477 332/491/478 283/492/479
f 283/492/479 332/491/478 331/493/480
f 283/492/479 331/493/480 282/494/481
f 282/494/481 331/493/480 330/495/482
f 282/494/481 330/495/482 281/496/483
f 281/496/483 330/495/482 329/497/484
f 281/496/483 329/497/484 280/498/485
f 280/498/485 329/497/484 328/499/486
f 280/498/485 328/499/486 279/500/487
f 279/500/487 328/499/486 327/501/488
f 279/500/487 327/501/488 278/502/489
f 278/502/489 327/501/488 326/503/490
f 278/502/489 326/503/490 277/504/491
f 277/504/491 326/503/490 325/505/492
f 277/504/491 325/505/492 276/506/493
f 276/506/493 325/505/492 324/507/494
f 276/506/493 324/507/494 275/508/495
f 275/508/495 324/507/494 323/509/496
f 275/508/495 323/509/496 274/460/449
f 274/460/449 323/509/496 322/461/450
f 298/510/497 332/491/478 297/511/498
f 297/511/498 332/491/478 333/489/476
f 297/511/498 333/489/476 320/512/499
f 320/512/499 333/489/476 334/487/474
f 320/512/499 334/487/474 319/513/500
f 319/513/500 334/487/474 335/485/472
f 319/513/500 335/485/472 318/514/501
f 318/514/501 335/485/472 336/483/470
f 318/514/501 336/483/470 317/515/502
f 317/515/502 336/483/470 337/481/468
f 317/515/502 337/481/468 316/516/503
f 316/516/503 337/481/468 338/479/466
f 316/516/503 338/479/466 315/517/504
f 315/517/504 338/479/466 339/477/464
f 315/517/504 339/477/464 314/518/505
f 314/518/505 339/477/464 340/475/462
f 314/518/505 340/475/462 313/519/506
f 313/519/506 340/475/462 341/473/460
f 313/519/506 341/473/460 312/520/507
f 312/520/507 341/473/460 342/471/458
f 312/520/507 342/471/458 311/521/508
f 311/521/508 342/471/458 343/469/456
f 311/521/508 343/469/456 310/522/509
f 310/522/509 343/469/456 344/467/454
f 310/522/509 344/467/454 309/523/510
f 309/523/510 344/467/454 321/465/452
f 309/524/510 321/463/452 308/525/511
f 308/525/511 321/463/452 322/461/450
f 308/525/511 322/461/450 307/526/512
f 307/526/512 322/461/450 323/509/496
f 307/526/512 323/509/496 306/527/513
f 306/527/513 323/509/496 324/507/494
f 306/527/513 324/507/494 305/528/514
f 305/528/514 324/507/494 325/505/492
f 305/528/514 325/505/492 304/529/515
f 304/529/515 325/505/492 326/503/490
f 304/529/515 326/503/490 303/530/516
f 303/530/516 326/503/490 327/501/488
f 303/530/516 327/501/488 302/531/517
f 302/531/517 327/501/488 328/499/486
f 302/531/517 328/499/486 301/532/518
f 301/532/518 328/499/486 329/497/484
f 301/532/518 329/497/484 300/533/519
f 300/533/519 329/497/484 330/495/482
f 300/533/519 330/495/482 299/534/520
f 299/534/520 330/495/482 331/493/480
f 299/534/520 331/493/480 298/510/497
f 298/510/497 331/493/480 332/491/478
f 320/535/521 310/536/522 297/537/523
f 297/537/523 310/536/522 309/538/524
f 297/537/523 309/538/524 298/539/525
f 298/539/525 309/538/524 308/540/526
f 298/539/525 308/540/526 299/541/527
f 299/541/527 308/540/526 307/542/528
f 299/541/527 307/542/528 300/543/529
f 300/543/529 307/542/528 306/544/530
f 300/543/529 306/544/530 301/545/531
f 301/545/531 306/544/530 305/546/532
f 301/545/531 305/546/532 302/547/533
f 302/547/533 305/546/532 304/548/534
f 302/547/533 304/548/534 303/549/535
f 310/536/522 320/535/521 311/550/536
f 311/550/536 320/535/521 319/551/537
f 311/550/536 319/551/537 312/552/538
f 312/552/538 319/551/537 318/553/539
f 312/552/538 318/553/539 313/554/540
f 313/554/540 318/553/539 317/555/541
f 313/554/540 317/555/541 314/556/542
f 314/556/542 317/555/541 316/557/543
f 314/556/542 316/557/543 315/558/544
f 345/559/545 346/560/546 348/561/547
f 348/561/547 346/560/546 347/562/548
f 349/563/549 350/564/550 352/565/551
f 352/565/551 350/564/550 351/566/552
f 350/567/553 353/568/554 351/569/555
f 351/569/555 353/568/554 354/570/556
f 353/571/557 355/572/558 354/573/559
f 354/573/559 355/572/558 356/574/560
f 352/575/561 356/576/562 349/577/563
f 349/577/563 356/576/562 355/578/564
f 349/577/563 355/578/564 358/579/565
f 358/579/565 355/578/564 357/580/566
f 360/581/567 387/582/568 359/583/569
f 359/583/569 387/582/568 383/584/570
f 359/583/569 383/584/570 382/585/571
f 382/585/571 383/584/570 381/586/572
f 381/586/572 383/584/570 380/587/573
f 380/587/573 383/584/570 379/588/574
f 379/588/574 383/584/570 378/589/575
f 378/589/575 383/584/570 384/590/576
f 378/589/575 384/590/576 377/591/577
f 377/591/577 384/590/576 376/592/578
f 376/592/578 384/590/576 375/593/579
f 375/593/579 384/590/576 374/594/580
f 374/594/580 384/590/576 373/595/581
f 373/595/581 384/590/576 372/596/582
f 372/596/582 384/590/576 385/597/583
f 372/596/582 385/597/583 371/598/584
f 371/598/584 385/597/583 370/599/585
f 370/599/585 385/597/583 369/600/586
f 369/600/586 385/597/583 368/601/587
f 368/601/587 385/597/583 367/602/588
f 367/602/588 385/597/583 366/603/589
f 366/603/589 385/597/583 386/604/590
f 366/603/589 386/604/590 365/605/591
f 365/605/591 386/604/590 364/606/592
f 364/606/592 386/604/590 387/582/568
f 364/606/592 387/582/568 363/607/593
f 363/607/593 387/582/568 362/608/594
f 362/608/594 387/582/568 361/609/595
f 361/609/595 387/582/568 360/581/567
f 388/610/596 389/611/597 383/612/598
f 383/612/598 389/611/597 384/613/599
f 390/614/600 391/615/601 385/616/602
f 385/616/602 391/615/601 386/617/603
f 392/618/604 388/619/605 387/620/606
f 387/620/606 388/619/605 383/621/607
f 391/622/608 392/623/609 386/624/610
f 386/624/610 392/623/609 387/625/611
f 416/626/612 393/627/613 418/628/614
f 418/628/614 393/627/613 394/629/615
f 418/628/614 394/629/615 417/630/616
f 417/630/616 394/629/615 395/631/617
f 417/630/616 395/631/617 396/632/618
f 396/632/618 397/633/619 417/630/616
f 417/630/616 397/633/619 398/634/620
f 417/630/616 398/634/620 399/635/621
f 399/635/621 400/636/622 417/630/616
f 417/630/616 400/636/622 421/637/623
f 421/637/623 400/636/622 401/638/624
f 421/637/623 401/638/624 402/639/625
f 402/639/625 403/640/626 421/637/623
f 421/637/623 403/640/626 404/641/627
f 421/637/623 404/641/627 405/642/628
f 421/637/623 405/642/628 420/643/629
f 420/643/629 405/642/628 406/644/630
f 420/643/629 406/644/630 407/645/631
f 407/645/631 408/646/632 420/643/629
f 420/643/629 408/646/632 409/647/633
f 420/643/629 409/647/633 410/648/634
f 420/643/629 410/648/634 419/649/635
f 419/649/635 410/648/634 411/650/636
f 419/649/635 411/650/636 412/651/637
f 419/649/635 412/651/637 418/628/614
f 418/628/614 412/651/637 413/652/638
f 418/628/614 413/652/638 414/653/639
f 414/653/639 415/654/640 418/628/614
f 418/628/614 415/654/640 416/626/612
f 418/655/641 417/656/642 422/657/643
f 422/657/643 417/656/642 423/658/644
f 424/659/645 425/660/646 419/661/647
f 419/661/647 425/660/646 420/662/648
f 426/663/649 423/664/650 421/665/651
f 421/665/651 423/664/650 417/666/652
f 425/667/653 426/668/654 420/669/655
f 420/669/655 426/668/654 421/670/656
f 199/671/657 348/672/658 197/673/659
f 197/673/659 348/672/658 351/674/660
f 197/673/659 351/674/660 193/675/661
f 193/675/661 351/674/660 354/676/662
f 193/675/661 354/676/662 437/677/663
f 437/677/663 354/676/662 436/678/664
f 436/678/664 354/676/662 356/679/665
f 436/678/664 356/679/665 427/680/666
f 427/680/666 356/679/665 352/681/667
f 427/680/666 352/681/667 464/682/668
f 464/682/668 352/681/667 347/683/669
f 464/682/668 347/683/669 463/684/670
f 463/684/670 347/683/669 462/685/671
f 462/685/671 347/683/669 461/686/672
f 461/686/672 347/683/669 460/687/673
f 460/687/673 347/683/669 459/688/674
f 459/688/674 347/683/669 458/689/675
f 458/689/675 347/683/669 457/690/676
f 457/690/676 347/683/669 456/691/677
f 194/692/678 446/693/679 199/671/657
f 199/671/657 446/693/679 447/694/680
f 199/671/657 447/694/680 348/672/658
f 348/672/658 447/694/680 448/695/681
f 348/672/658 448/695/681 449/696/682
f 446/693/679 194/692/678 437/677/663
f 437/677/663 194/692/678 193/675/661
f 427/680/666 428/697/683 436/678/664
f 436/678/664 428/697/683 429/698/684
f 436/678/664 429/698/684 430/699/685
f 430/699/685 431/700/686 436/678/664
f 436/678/664 431/700/686 432/701/687
f 436/678/664 432/701/687 433/702/688
f 433/702/688 434/703/689 436/678/664
f 436/678/664 434/703/689 435/704/690
f 438/705/691 439/706/692 437/677/663
f 437/677/663 439/706/692 440/707/693
f 437/677/663 440/707/693 441/708/694
f 441/708/694 442/709/695 437/677/663
f 437/677/663 442/709/695 443/710/696
f 437/677/663 443/710/696 444/711/697
f 444/711/697 445/712/698 437/677/663
f 437/677/663 445/712/698 446/693/679
f 449/696/682 450/713/699 348/672/658
f 348/672/658 450/713/699 451/714/700
f 348/672/658 451/714/700 452/715/701
f 452/715/701 453/716/702 348/672/658
f 348/672/658 453/716/702 454/717/703
f 348/672/658 454/717/703 455/718/704
f 348/672/658 347/683/669 351/674/660
f 351/674/660 347/683/669 352/681/667
f 488/719/705 465/720/706 518/721/707
f 518/721/707 465/720/706 466/722/708
f 518/721/707 466/722/708 517/723/709
f 517/723/709 466/722/708 467/724/710
f 517/723/709 467/724/710 468/725/711
f 468/725/711 469/726/712 517/723/709
f 517/723/709 469/726/712 470/727/713
f 517/723/709 470/727/713 471/728/714
f 517/723/709 471/728/714 516/729/715
f 516/729/715 471/728/714 472/730/716
f 516/729/715 472/730/716 473/731/717
f 473/731/717 474/732/718 516/729/715
f 516/729/715 474/732/718 475/733/719
f 516/729/715 475/733/719 476/734/720
f 476/734/720 477/735/721 516/729/715
f 516/729/715 477/735/721 357/736/722
f 357/736/722 477/735/721 478/737/723
f 357/736/722 478/737/723 479/738/724
f 479/738/724 480/739/725 357/736/722
f 357/736/722 480/739/725 481/740/726
f 357/736/722 481/740/726 482/741/727
f 482/741/727 483/742/728 357/736/722
f 357/736/722 483/742/728 518/721/707
f 357/736/722 518/721/707 358/743/729
f 358/743/729 518/721/707 513/744/730
f 358/743/729 513/744/730 507/745/731
f 507/745/731 513/744/730 506/746/732
f 506/746/732 513/744/730 505/747/733
f 505/747/733 513/744/730 504/748/734
f 504/748/734 513/744/730 503/749/735
f 503/749/735 513/744/730 502/750/736
f 502/750/736 513/744/730 501/751/737
f 501/751/737 513/744/730 500/752/738
f 500/752/738 513/744/730 514/753/739
f 500/752/738 514/753/739 499/754/740
f 499/754/740 514/753/739 498/755/741
f 498/755/741 514/753/739 497/756/742
f 497/756/742 514/753/739 496/757/743
f 496/757/743 514/753/739 495/758/744
f 495/758/744 514/753/739 515/759/745
f 495/758/744 515/759/745 494/760/746
f 494/760/746 515/759/745 493/761/747
f 493/761/747 515/759/745 492/762/748
f 492/762/748 515/759/745 491/763/749
f 491/763/749 515/759/745 490/764/750
f 490/764/750 515/759/745 489/765/751
f 489/765/751 515/759/745 358/743/729
f 489/765/751 358/743/729 512/766/752
f 512/766/752 358/743/729 511/767/753
f 511/767/753 358/743/729 510/768/754
f 510/768/754 358/743/729 509/769/755
f 509/769/755 358/743/729 508/770/756
f 508/770/756 358/743/729 507/745/731
f 483/742/728 484/771/757 518/721/707
f 518/721/707 484/771/757 485/772/758
f 518/721/707 485/772/758 486/773/759
f 486/773/759 487/774/760 518/721/707
f 518/721/707 487/774/760 488/719/705
f 355/775/761 519/776/762 357/777/763
f 357/777/763 519/776/762 516/778/764
f 519/779/765 520/780/766 516/781/767
f 516/781/767 520/780/766 517/782/768
f 520/783/769 521/784/770 517/785/771
f 517/785/771 521/784/770 518/786/772
f 522/787/773 349/788/774 515/789/775
f 515/789/775 349/788/774 358/790/776
f 523/791/777 522/792/778 514/793/779
f 514/793/779 522/792/778 515/794/780
f 524/795/781 523/796/782 513/797/783
f 513/797/783 523/796/782 514/798/784
f 521/799/785 524/800/786 518/801/787
f 518/801/787 524/800/786 513/802/788
f 526/803/789 536/804/790 525/805/791
f 525/805/791 536/804/790 537/806/792
f 525/805/791 537/806/792 548/807/793
f 548/807/793 537/806/792 538/808/794
f 548/807/793 538/808/794 547/809/795
f 547/809/795 538/808/794 539/810/796
f 547/809/795 539/810/796 546/811/797
f 546/811/797 539/810/796 540/812/798
f 546/811/797 540/812/798 545/813/799
f 545/813/799 540/812/798 541/814/800
f 545/813/799 541/814/800 544/815/801
f 544/815/801 541/814/800 542/816/802
f 544/815/801 542/816/802 543/817/803
f 536/804/790 526/803/789 535/818/804
f 535/818/804 526/803/789 527/819/805
f 535/818/804 527/819/805 534/820/806
f 534/820/806 527/819/805 528/821/807
f 534/820/806 528/821/807 533/822/808
f 533/822/808 528/821/807 529/823/809
f 533/822/808 529/823/809 532/824/810
f 532/824/810 529/823/809 530/825/811
f 532/824/810 530/825/811 531/826/812
f 548/827/813 550/828/814 525/829/815
f 525/829/815 550/828/814 549/830/816
f 525/831/815 549/832/816 526/833/817
f 526/833/817 549/832/816 572/834/818
f 526/833/817 572/834/818 527/835/819
f 527/835/819 572/834/818 571/836/820
f 527/835/819 571/836/820 528/837/821
f 528/837/821 571/836/820 570/838/822
f 528/837/821 570/838/822 529/839/823
f 529/839/823 570/838/822 569/840/824
f 529/839/823 569/840/824 530/841/825
f 530/841/825 569/840/824 568/842/826
f 530/841/825 568/842/826 531/843/827
f 531/843/827 568/842/826 567/844/828
f 531/843/827 567/844/828 532/845/829
f 532/845/829 567/844/828 566/846/830
f 532/845/829 566/846/830 533/847/831
f 533/847/831 566/846/830 565/848/832
f 533/847/831 565/848/832 534/849/833
f 534/849/833 565/848/832 564/850/834
f 534/849/833 564/850/834 535/851/835
f 535/851/835 564/850/834 563/852/836
f 535/851/835 563/852/836 536/853/837
f 536/853/837 563/852/836 562/854/838
f 536/853/837 562/854/838 537/855/839
f 537/855/839 562/854/838 561/856/840
f 537/855/839 561/856/840 538/857/841
f 538/857/841 561/856/840 560/858/842
f 538/857/841 560/858/842 539/859/843
f 539/859/843 560/858/842 559/860/844
f 539/859/843 559/860/844 540/861/845
f 540/861/845 559/860/844 558/862/846
f 540/861/845 558/862/846 541/863/847
f 541/863/847 558/862/846 557/864/848
f 541/863/847 557/864/848 542/865/849
f 542/865/849 557/864/848 556/866/850
f 542/865/849 556/866/850 543/867/851
f 543/867/851 556/866/850 555/868/852
f 543/867/851 555/868/852 544/869/853
f 544/869/853 555/868/852 554/870/854
f 544/869/853 554/870/854 545/871/855
f 545/871/855 554/870/854 553/872/856
f 545/871/855 553/872/856 546/873/857
f 546/873/857 553/872/856 552/874/858
f 546/873/857 552/874/858 547/875/859
f 547/875/859 552/874/858 551/876/860
f 547/875/859 551/876/860 548/827/813
f 548/827/813 551/876/860 550/828/814
f 512/877/861 572/834/818 489/878/862
f 489/878/862 572/834/818 549/832/816
f 489/879/862 549/830/816 490/880/863
f 490/880/863 549/830/816 550/828/814
f 490/880/863 550/828/814 491/881/864
f 491/881/864 550/828/814 551/876/860
f 491/881/864 551/876/860 492/882/865
f 492/882/865 551/876/860 552/874/858
f 492/882/865 552/874/858 493/883/866
f 493/883/866 552/874/858 553/872/856
f 493/883/866 553/872/856 494/884/867
f 494/884/867 553/872/856 554/870/854
f 494/884/867 554/870/854 495/885/868
f 495/885/868 554/870/854 555/868/852
f 495/885/868 555/868/852 496/886/869
f 496/886/869 555/868/852 556/866/850
f 496/886/869 556/866/850 497/887/870
f 497/887/870 556/866/850 557/864/848
f 497/887/870 557/864/848 498/888/871
f 498/888/871 557/864/848 558/862/846
f 498/888/871 558/862/846 499/889/872
f 499/889/872 558/862/846 559/860/844
f 499/889/872 559/860/844 500/890/873
f 500/890/873 559/860/844 560/858/842
f 500/890/873 560/858/842 501/891/874
f 501/891/874 560/858/842 561/856/840
f 501/891/874 561/856/840 502/892/875
f 502/892/875 561/856/840 562/854/838
f 502/892/875 562/854/838 503/893/876
f 503/893/876 562/854/838 563/852/836
f 503/893/876 563/852/836 504/894/877
f 504/894/877 563/852/836 564/850/834
f 504/894/877 564/850/834 505/895/878
f 505/895/878 564/850/834 565/848/832
f 505/895/878 565/848/832 506/896/879
f 506/896/879 565/848/832 566/846/830
f 506/896/879 566/846/830 507/897/880
f 507/897/880 566/846/830 567/844/828
f 507/897/880 567/844/828 508/898/881
f 508/898/881 567/844/828 568/842/826
f 508/898/881 568/842/826 509/899/882
f 509/899/882 568/842/826 569/840/824
f 509/899/882 569/840/824 510/900/883
f 510/900/883 569/840/824 570/838/822
f 510/900/883 570/838/822 511/901/884
f 511/901/884 570/838/822 571/836/820
f 511/901/884 571/836/820 512/877/861
f 512/877/861 571/836/820 572/834/818
f 574/902/885 584/903/886 573/904/887
f 573/904/887 584/903/886 585/905/888
f 573/904/887 585/905/888 596/906/889
f 596/906/889 585/905/888 586/907/890
f 596/906/889 586/907/890 595/908/891
f 595/908/891 586/907/890 587/909/892
f 595/908/891 587/909/892 594/910/893
f 594/910/893 587/909/892 588/911/894
f 594/910/893 588/911/894 593/912/895
f 593/912/895 588/911/894 589/913/896
f 593/912/895 589/913/896 592/914/897
f 592/914/897 589/913/896 590/915/898
f 592/914/897 590/915/898 591/916/899
f 584/903/886 574/902/885 583/917/900
f 583/917/900 574/902/885 575/918/901
f 583/917/900 575/918/901 582/919/902
f 582/919/902 575/918/901 576/920/903
f 582/919/902 576/920/903 581/921/904
f 581/921/904 576/920/903 577/922/905
f 581/921/904 577/922/905 580/923/906
f 580/923/906 577/922/905 578/924/907
f 580/923/906 578/924/907 579/925/908
f 596/926/909 598/927/910 573/928/911
f 573/928/911 598/927/910 597/929/912
f 573/930/911 597/931/912 574/932/913
f 574/932/913 597/931/912 620/933/914
f 574/932/913 620/933/914 575/934/915
f 575/934/915 620/933/914 619/935/916
f 575/934/915 619/935/916 576/936/917
f 576/936/917 619/935/916 618/937/918
f 576/936/917 618/937/918 577/938/919
f 577/938/919 618/937/918 617/939/920
f 577/938/919 617/939/920 578/940/921
f 578/940/921 617/939/920 616/941/922
f 578/940/921 616/941/922 579/942/923
f 579/942/923 616/941/922 615/943/924
f 579/942/923 615/943/924 580/944/925
f 580/944/925 615/943/924 614/945/926
f 580/944/925 614/945/926 581/946/927
f 581/946/927 614/945/926 613/947/928
f 581/946/927 613/947/928 582/948/929
f 582/948/929 613/947/928 612/949/930
f 582/948/929 612/949/930 583/950/931
f 583/950/931 612/949/930 611/951/932
f 583/950/931 611/951/932 584/952/933
f 584/952/933 611/951/932 610/953/934
f 584/952/933 610/953/934 585/954/935
f 585/954/935 610/953/934 609/955/936
f 585/954/935 609/955/936 586/956/937
f 586/956/937 609/955/936 608/957/938
f 586/956/937 608/957/938 587/958/939
f 587/958/939 608/957/938 607/959/940
f 587/958/939 607/959/940 588/960/941
f 588/960/941 607/959/940 606/961/942
f 588/960/941 606/961/942 589/962/943
f 589/962/943 606/961/942 605/963/944
f 589/962/943 605/963/944 590/964/945
f 590/964/945 605/963/944 604/965/946
f 590/964/945 604/965/946 591/966/947
f 591/966/947 604/965/946 603/967/948
f 591/966/947 603/967/948 592/968/949
f 592/968/949 603/967/948 602/969/950
f 592/968/949 602/969/950 593/970/951
f 593/970/951 602/969/950 601/971/952
f 593/970/951 601/971/952 594/972/953
f 594/972/953 601/971/952 600/973/954
f 594/972/953 600/973/954 595/974/955
f 595/974/955 600/973/954 599/975/956
f 595/974/955 599/975/956 596/926/909
f 596/926/909 599/975/956 598/927/910
f 416/976/957 620/933/914 393/977/958
f 393/977/958 620/933/914 597/931/912
f 393/978/958 597/929/912 394/979/959
f 394/979/959 597/929/912 598/927/910
f 394/979/959 598/927/910 395/980/960
f 395/980/960 598/927/910 599/975/956
f 395/980/960 599/975/956 396/981/961
f 396/981/961 599/975/956 600/973/954
f 396/981/961 600/973/954 397/982/962
f 397/982/962 600/973/954 601/971/952
f 397/982/962 601/971/952 398/983/963
f 398/983/963 601/971/952 602/969/950
f 398/983/963 602/969/950 399/984/964
f 399/984/964 602/969/950 603/967/948
f 399/984/964 603/967/948 400/985/965
f 400/985/965 603/967/948 604/965/946
f 400/985/965 604/965/946 401/986/966
f 401/986/966 604/965/946 605/963/944
f 401/986/966 605/963/944 402/987/967
f 402/987/967 605/963/944 606/961/942
f 402/987/967 606/961/942 403/988/968
f 403/988/968 606/961/942 607/959/940
f 403/988/968 607/959/940 404/989/969
f 404/989/969 607/959/940 608/957/938
f 404/989/969 608/957/938 405/990/970
f 405/990/970 608/957/938 609/955/936
f 405/990/970 609/955/936 406/991/971
f 406/991/971 609/955/936 610/953/934
f 406/991/971 610/953/934 407/992/972
f 407/992/972 610/953/934 611/951/932
f 407/992/972 611/951/932 408/993/973
f 408/993/973 611/951/932 612/949/930
f 408/993/973 612/949/930 409/994/974
f 409/994/974 612/949/930 613/947/928
f 409/994/974 613/947/928 410/995/975
f 410/995/975 613/947/928 614/945/926
f 410/995/975 614/945/926 411/996/976
f 411/996/976 614/945/926 615/943/924
f 411/996/976 615/943/924 412/997/977
f 412/997/977 615/943/924 616/941/922
f 412/997/977 616/941/922 413/998/978
f 413/998/978 616/941/922 617/939/920
f 413/998/978 617/939/920 414/999/979
f 414/999/979 617/939/920 618/937/918
f 414/999/979 618/937/918 415/1000/980
f 415/1000/980 618/937/918 619/935/916
f 415/1000/980 619/935/916 416/976/957
f 416/976/957 619/935/916 620/933/914
f 622/1001/981 632/1002/982 621/1003/983
f 621/1003/983 632/1002/982 633/1004/984
f 621/1003/983 633/1004/984 644/1005/985
f 644/1005/985 633/1004/984 634/1006/986
f 644/1005/985 634/1006/986 643/1007/987
f 643/1007/987 634/1006/986 635/1008/988
f 643/1007/987 635/1008/988 642/1009/989
f 642/1009/989 635/1008/988 636/1010/990
f 642/1009/989 636/1010/990 641/1011/991
f 641/1011/991 636/1010/990 637/1012/992
f 641/1011/991 637/1012/992 640/1013/993
f 640/1013/993 637/1012/992 638/1014/994
f 640/1013/993 638/1014/994 639/1015/995
f 632/1002/982 622/1001/981 631/1016/996
f 631/1016/996 622/1001/981 623/1017/997
f 631/1016/996 623/1017/997 630/1018/998
f 630/1018/998 623/1017/997 624/1019/999
f 630/1018/998 624/1019/999 629/1020/1000
f 629/1020/1000 624/1019/999 625/1021/1001
f 629/1020/1000 625/1021/1001 628/1022/1002
f 628/1022/1002 625/1021/1001 626/1023/1003
f 628/1022/1002 626/1023/1003 627/1024/1004
f 644/1025/1005 646/1026/1006 621/1027/1007
f 621/1027/1007 646/1026/1006 645/1028/1008
f 621/1029/1007 645/1030/1008 622/1031/1009
f 622/1031/1009 645/1030/1008 668/1032/1010
f 622/1031/1009 668/1032/1010 623/1033/1011
f 623/1033/1011 668/1032/1010 667/1034/1012
f 623/1033/1011 667/1034/1012 624/1035/1013
f 624/1035/1013 667/1034/1012 666/1036/1014
f 624/1035/1013 666/1036/1014 625/1037/1015
f 625/1037/1015 666/1036/1014 665/1038/1016
f 625/1037/1015 665/1038/1016 626/1039/1017
f 626/1039/1017 665/1038/1016 664/1040/1018
f 626/1039/1017 664/1040/1018 627/1041/1019
f 627/1041/1019 664/1040/1018 663/1042/1020
f 627/1041/1019 663/1042/1020 628/1043/1021
f 628/1043/1021 663/1042/1020 662/1044/1022
f 628/1043/1021 662/1044/1022 629/1045/1023
f 629/1045/1023 662/1044/1022 661/1046/1024
f 629/1045/1023 661/1046/1024 630/1047/1025
f 630/1047/1025 661/1046/1024 660/1048/1026
f 630/1047/1025 660/1048/1026 631/1049/1027
f 631/1049/1027 660/1048/1026 659/1050/1028
f 631/1049/1027 659/1050/1028 632/1051/1029
f 632/1051/1029 659/1050/1028 658/1052/1030
f 632/1051/1029 658/1052/1030 633/1053/1031
f 633/1053/1031 658/1052/1030 657/1054/1032
f 633/1053/1031 657/1054/1032 634/1055/1033
f 634/1055/1033 657/1054/1032 656/1056/1034
f 634/1055/1033 656/1056/1034 635/1057/1035
f 635/1057/1035 656/1056/1034 655/1058/1036
f 635/1057/1035 655/1058/1036 636/1059/1037
f 636/1059/1037 655/1058/1036 654/1060/1038
f 636/1059/1037 654/1060/1038 637/1061/1039
f 637/1061/1039 654/1060/1038 653/1062/1040
f 637/1061/1039 653/1062/1040 638/1063/1041
f 638/1063/1041 653/1062/1040 652/1064/1042
f 638/1063/1041 652/1064/1042 639/1065/1043
f 639/1065/1043 652/1064/1042 651/1066/1044
f 639/1065/1043 651/1066/1044 640/1067/1045
f 640/1067/1045 651/1066/1044 650/1068/1046
f 640/1067/1045 650/1068/1046 641/1069/1047
f 641/1069/1047 650/1068/1046 649/1070/1048
f 641/1069/1047 649/1070/1048 642/1071/1049
f 642/1071/1049 649/1070/1048 648/1072/1050
f 642/1071/1049 648/1072/1050 643/1073/1051
f 643/1073/1051 648/1072/1050 647/1074/1052
f 643/1073/1051 647/1074/1052 644/1025/1005
f 644/1025/1005 647/1074/1052 646/1026/1006
f 488/1075/1053 668/1032/1010 465/1076/1054
f 465/1076/1054 668/1032/1010 645/1030/1008
f 465/1077/1054 645/1028/1008 466/1078/1055
f 466/1078/1055 645/1028/1008 646/1026/1006
f 466/1078/1055 646/1026/1006 467/1079/1056
f 467/1079/1056 646/1026/1006 647/1074/1052
f 467/1079/1056 647/1074/1052 468/1080/1057
f 468/1080/1057 647/1074/1052 648/1072/1050
f 468/1080/1057 648/1072/1050 469/1081/1058
f 469/1081/1058 648/1072/1050 649/1070/1048
f 469/1081/1058 649/1070/1048 470/1082/1059
f 470/1082/1059 649/1070/1048 650/1068/1046
f 470/1082/1059 650/1068/1046 471/1083/1060
f 471/1083/1060 650/1068/1046 651/1066/1044
f 471/1083/1060 651/1066/1044 472/1084/1061
f 472/1084/1061 651/1066/1044 652/1064/1042
f 472/1084/1061 652/1064/1042 473/1085/1062
f 473/1085/1062 652/1064/1042 653/1062/1040
f 473/1085/1062 653/1062/1040 474/1086/1063
f 474/1086/1063 653/1062/1040 654/1060/1038
f 474/1086/1063 654/1060/1038 475/1087/1064
f 475/1087/1064 654/1060/1038 655/1058/1036
f 475/1087/1064 655/1058/1036 476/1088/1065
f 476/1088/1065 655/1058/1036 656/1056/1034
f 476/1088/1065 656/1056/1034 477/1089/1066
f 477/1089/1066 656/1056/1034 657/1054/1032
f 477/1089/1066 657/1054/1032 478/1090/1067
f 478/1090/1067 657/1054/1032 658/1052/1030
f 478/1090/1067 658/1052/1030 479/1091/1068
f 479/1091/1068 658/1052/1030 659/1050/1028
f 479/1091/1068 659/1050/1028 480/1092/1069
f 480/1092/1069 659/1050/1028 660/1048/1026
f 480/1092/1069 660/1048/1026 481/1093/1070
f 481/1093/1070 660/1048/1026 661/1046/1024
f 481/1093/1070 661/1046/1024 482/1094/1071
f 482/1094/1071 661/1046/1024 662/1044/1022
f 482/1094/1071 662/1044/1022 483/1095/1072
f 483/1095/1072 662/1044/1022 663/1042/1020
f 483/1095/1072 663/1042/1020 484/1096/1073
f 484/1096/1073 663/1042/1020 664/1040/1018
f 484/1096/1073 664/1040/1018 485/1097/1074
f 485/1097/1074 664/1040/1018 665/1038/1016
f 485/1097/1074 665/1038/1016 486/1098/1075
f 486/1098/1075 665/1038/1016 666/1036/1014
f 486/1098/1075 666/1036/1014 487/1099/1076
f 487/1099/1076 666/1036/1014 667/1034/1012
f 487/1099/1076 667/1034/1012 488/1075/1053
f 488/1075/1053 667/1034/1012 668/1032/1010
f 670/1100/1077 680/1101/1078 669/1102/1079
f 669/1102/1079 680/1101/1078 681/1103/1080
f 669/1102/1079 681/1103/1080 692/1104/1081
f 692/1104/1081 681/1103/1080 682/1105/1082
f 692/1104/1081 682/1105/1082 691/1106/1083
f 691/1106/1083 682/1105/1082 683/1107/1084
f 691/1106/1083 683/1107/1084 690/1108/1085
f 690/1108/1085 683/1107/1084 684/1109/1086
f 690/1108/1085 684/1109/1086 689/1110/1087
f 689/1110/1087 684/1109/1086 685/1111/1088
f 689/1110/1087 685/1111/1088 688/1112/1089
f 688/1112/1089 685/1111/1088 686/1113/1090
f 688/1112/1089 686/1113/1090 687/1114/1091
f 680/1101/1078 670/1100/1077 679/1115/1092
f 679/1115/1092 670/1100/1077 671/1116/1093
f 679/1115/1092 671/1116/1093 678/1117/1094
f 678/1117/1094 671/1116/1093 672/1118/1095
f 678/1117/1094 672/1118/1095 677/1119/1096
f 677/1119/1096 672/1118/1095 673/1120/1097
f 677/1119/1096 673/1120/1097 676/1121/1098
f 676/1121/1098 673/1120/1097 674/1122/1099
f 676/1121/1098 674/1122/1099 675/1123/1100
f 692/1124/1101 694/1125/1102 669/1126/1103
f 669/1126/1103 694/1125/1102 693/1127/1104
f 669/1128/1103 693/1129/1104 670/1130/1105
f 670/1130/1105 693/1129/1104 716/1131/1106
f 670/1130/1105 716/1131/1106 671/1132/1107
f 671/1132/1107 716/1131/1106 715/1133/1108
f 671/1132/1107 715/1133/1108 672/1134/1109
f 672/1134/1109 715/1133/1108 714/1135/1110
f 672/1134/1109 714/1135/1110 673/1136/1111
f 673/1136/1111 714/1135/1110 713/1137/1112
f 673/1136/1111 713/1137/1112 674/1138/1113
f 674/1138/1113 713/1137/1112 712/1139/1114
f 674/1138/1113 712/1139/1114 675/1140/1115
f 675/1140/1115 712/1139/1114 711/1141/1116
f 675/1140/1115 711/1141/1116 676/1142/1117
f 676/1142/1117 711/1141/1116 710/1143/1118
f 676/1142/1117 710/1143/1118 677/1144/1119
f 677/1144/1119 710/1143/1118 709/1145/1120
f 677/1144/1119 709/1145/1120 678/1146/1121
f 678/1146/1121 709/1145/1120 708/1147/1122
f 678/1146/1121 708/1147/1122 679/1148/1123
f 679/1148/1123 708/1147/1122 707/1149/1124
f 679/1148/1123 707/1149/1124 680/1150/1125
f 680/1150/1125 707/1149/1124 706/1151/1126
f 680/1150/1125 706/1151/1126 681/1152/1127
f 681/1152/1127 706/1151/1126 705/1153/1128
f 681/1152/1127 705/1153/1128 682/1154/1129
f 682/1154/1129 705/1153/1128 704/1155/1130
f 682/1154/1129 704/1155/1130 683/1156/1131
f 683/1156/1131 704/1155/1130 703/1157/1132
f 683/1156/1131 703/1157/1132 684/1158/1133
f 684/1158/1133 703/1157/1132 702/1159/1134
f 684/1158/1133 702/1159/1134 685/1160/1135
f 685/1160/1135 702/1159/1134 701/1161/1136
f 685/1160/1135 701/1161/1136 686/1162/1137
f 686/1162/1137 701/1161/1136 700/1163/1138
f 686/1162/1137 700/1163/1138 687/1164/1139
f 687/1164/1139 700/1163/1138 699/1165/1140
f 687/1164/1139 699/1165/1140 688/1166/1141
f 688/1166/1141 699/1165/1140 698/1167/1142
f 688/1166/1141 698/1167/1142 689/1168/1143
f 689/1168/1143 698/1167/1142 697/1169/1144
f 689/1168/1143 697/1169/1144 690/1170/1145
f 690/1170/1145 697/1169/1144 696/1171/1146
f 690/1170/1145 696/1171/1146 691/1172/1147
f 691/1172/1147 696/1171/1146 695/1173/1148
f 691/1172/1147 695/1173/1148 692/1124/1101
f 692/1124/1101 695/1173/1148 694/1125/1102
f 382/1174/1149 716/1131/1106 359/1175/1150
f 359/1175/1150 716/1131/1106 693/1129/1104
f 359/1176/1150 693/1127/1104 360/1177/1151
f 360/1177/1151 693/1127/1104 694/1125/1102
f 360/1177/1151 694/1125/1102 361/1178/1152
f 361/1178/1152 694/1125/1102 695/1173/1148
f 361/1178/1152 695/1173/1148 362/1179/1153
f 362/1179/1153 695/1173/1148 696/1171/1146
f 362/1179/1153 696/1171/1146 363/1180/1154
f 363/1180/1154 696/1171/1146 697/1169/1144
f 363/1180/1154 697/1169/1144 364/1181/1155
f 364/1181/1155 697/1169/1144 698/1167/1142
f 364/1181/1155 698/1167/1142 365/1182/1156
f 365/1182/1156 698/1167/1142 699/1165/1140
f 365/1182/1156 699/1165/1140 366/1183/1157
f 366/1183/1157 699/1165/1140 700/1163/1138
f 366/1183/1157 700/1163/1138 367/1184/1158
f 367/1184/1158 700/1163/1138 701/1161/1136
f 367/1184/1158 701/1161/1136 368/1185/1159
f 368/1185/1159 701/1161/1136 702/1159/1134
f 368/1185/1159 702/1159/1134 369/1186/1160
f 369/1186/1160 702/1159/1134 703/1157/1132
f 369/1186/1160 703/1157/1132 370/1187/1161
f 370/1187/1161 703/1157/1132 704/1155/1130
f 370/1187/1161 704/1155/1130 371/1188/1162
f 371/1188/1162 704/1155/1130 705/1153/1128
f 371/1188/1162 705/1153/1128 372/1189/1163
f 372/1189/1163 705/1153/1128 706/1151/1126
f 372/1189/1163 706/1151/1126 373/1190/1164
f 373/1190/1164 706/1151/1126 707/1149/1124
f 373/1190/1164 707/1149/1124 374/1191/1165
f 374/1191/1165 707/1149/1124 708/1147/1122
f 374/1191/1165 708/1147/1122 375/1192/1166
f 375/1192/1166 708/1147/1122 709/1145/1120
f 375/1192/1166 709/1145/1120 376/1193/1167
f 376/1193/1167 709/1145/1120 710/1143/1118
f 376/1193/1167 710/1143/1118 377/1194/1168
f 377/1194/1168 710/1143/1118 711/1141/1116
f 377/1194/1168 711/1141/1116 378/1195/1169
f 378/1195/1169 711/1141/1116 712/1139/1114
f 378/1195/1169 712/1139/1114 379/1196/1170
f 379/1196/1170 712/1139/1114 713/1137/1112
f 379/1196/1170 713/1137/1112 380/1197/1171
f 380/1197/1171 713/1137/1112 714/1135/1110
f 380/1197/1171 714/1135/1110 381/1198/1172
f 381/1198/1172 714/1135/1110 715/1133/1108
f 381/1198/1172 715/1133/1108 382/1174/1149
f 382/1174/1149 715/1133/1108 716/1131/1106
f 718/1199/1173 721/1200/1174 717/1201/1175
f 717/1201/1175 721/1200/1174 722/1202/1176
f 717/1201/1175 722/1202/1176 723/1203/1177
f 718/1199/1173 719/1204/1178 721/1200/1174
f 721/1200/1174 719/1204/1178 720/1205/1179
f 723/1203/1177 724/1206/1180 717/1201/1175
f 717/1201/1175 724/1206/1180 756/1207/1181
f 756/1207/1181 724/1206/1180 725/1208/1182
f 756/1207/1181 725/1208/1182 755/1209/1183
f 755/1209/1183 725/1208/1182 726/1210/1184
f 755/1209/1183 726/1210/1184 754/1211/1185
f 754/1211/1185 726/1210/1184 727/1212/1186
f 754/1211/1185 727/1212/1186 753/1213/1187
f 753/1213/1187 727/1212/1186 728/1214/1188
f 753/1213/1187 728/1214/1188 729/1215/1189
f 753/1213/1187 729/1215/1189 752/1216/1190
f 752/1216/1190 729/1215/1189 730/1217/1191
f 752/1216/1190 730/1217/1191 751/1218/1192
f 751/1218/1192 730/1217/1191 748/1219/1193
f 751/1218/1192 748/1219/1193 750/1220/1194
f 750/1220/1194 748/1219/1193 749/1221/1195
f 748/1219/1193 730/1217/1191 747/1222/1196
f 747/1222/1196 730/1217/1191 731/1223/1197
f 747/1222/1196 731/1223/1197 746/1224/1198
f 746/1224/1198 731/1223/1197 732/1225/1199
f 746/1224/1198 732/1225/1199 733/1226/1200
f 746/1224/1198 733/1226/1200 745/1227/1201
f 745/1227/1201 733/1226/1200 734/1228/1202
f 745/1227/1201 734/1228/1202 744/1229/1203
f 744/1229/1203 734/1228/1202 735/1230/1204
f 744/1229/1203 735/1230/1204 743/1231/1205
f 743/1231/1205 735/1230/1204 736/1232/1206
f 743/1231/1205 736/1232/1206 742/1233/1207
f 742/1233/1207 736/1232/1206 737/1234/1208
f 742/1233/1207 737/1234/1208 741/1235/1209
f 741/1235/1209 737/1234/1208 738/1236/1210
f 741/1235/1209 738/1236/1210 740/1237/1211
f 740/1237/1211 738/1236/1210 739/1238/1212
f 757/1239/1213 758/1240/1214 721/1241/1215
f 721/1241/1215 758/1240/1214 722/1242/1216
f 722/1243/1217 758/1244/1218 723/1245/1219
f 723/1245/1219 758/1244/1218 759/1246/1220
f 723/1245/1219 759/1246/1220 724/1247/1221
f 724/1247/1221 759/1246/1220 760/1248/1222
f 724/1247/1221 760/1248/1222 725/1249/1223
f 725/1249/1223 760/1248/1222 761/1250/1224
f 725/1249/1223 761/1250/1224 726/1251/1225
f 726/1251/1225 761/1250/1224 762/1252/1226
f 726/1251/1225 762/1252/1226 727/1253/1227
f 727/1253/1227 762/1252/1226 763/1254/1228
f 727/1253/1227 763/1254/1228 728/1255/1229
f 728/1255/1229 763/1254/1228 764/1256/1230
f 728/1255/1229 764/1256/1230 729/1257/1231
f 729/1257/1231 764/1256/1230 765/1258/1232
f 729/1257/1231 765/1258/1232 730/1259/1233
f 730/1259/1233 765/1258/1232 766/1260/1234
f 730/1259/1233 766/1260/1234 731/1261/1235
f 731/1261/1235 766/1260/1234 767/1262/1236
f 731/1261/1235 767/1262/1236 732/1263/1237
f 732/1263/1237 767/1262/1236 768/1264/1238
f 732/1263/1237 768/1264/1238 733/1265/1239
f 733/1265/1239 768/1264/1238 769/1266/1240
f 733/1265/1239 769/1266/1240 734/1267/1241
f 734/1267/1241 769/1266/1240 770/1268/1242
f 734/1267/1241 770/1268/1242 735/1269/1243
f 735/1269/1243 770/1268/1242 771/1270/1244
f 735/1269/1243 771/1270/1244 736/1271/1245
f 736/1271/1245 771/1270/1244 772/1272/1246
f 736/1271/1245 772/1272/1246 737/1273/1247
f 737/1273/1247 772/1272/1246 773/1274/1248
f 737/1273/1247 773/1274/1248 738/1275/1249
f 738/1275/1249 773/1274/1248 774/1276/1250
f 418/1277/1251 739/1278/1252 419/1279/1253
f 419/1279/1253 739/1278/1252 738/1280/1249
f 419/1279/1253 738/1280/1249 774/1281/1250
f 774/1281/1250 424/1282/1254 419/1279/1253
f 422/1283/1255 775/1284/1256 418/1285/1257
f 418/1285/1257 775/1284/1256 740/1286/1258
f 418/1285/1257 740/1286/1258 739/1287/1259
f 385/1288/1260 384/1289/1261 720/1290/1262
f 720/1290/1262 384/1289/1261 721/1291/1263
f 721/1291/1263 384/1289/1261 757/1292/1264
f 757/1292/1264 384/1289/1261 389/1293/1265
f 390/1294/1266 385/1295/1267 776/1296/1268
f 776/1296/1268 385/1295/1267 719/1297/1269
f 719/1297/1269 385/1295/1267 720/1298/1270
f 777/1299/1271 776/1300/1272 718/1301/1273
f 718/1301/1273 776/1300/1272 719/1302/1274
f 778/1303/1275 777/1304/1276 717/1305/1277
f 717/1305/1277 777/1304/1276 718/1306/1278
f 741/1307/1279 779/1308/1280 742/1309/1281
f 742/1309/1281 779/1308/1280 780/1310/1282
f 742/1309/1281 780/1310/1282 743/1311/1283
f 743/1311/1283 780/1310/1282 781/1312/1284
f 743/1311/1283 781/1312/1284 744/1313/1285
f 744/1313/1285 781/1312/1284 782/1314/1286
f 744/1313/1285 782/1314/1286 745/1315/1287
f 745/1315/1287 782/1314/1286 783/1316/1288
f 745/1315/1287 783/1316/1288 746/1317/1289
f 746/1317/1289 783/1316/1288 784/1318/1290
f 746/1317/1289 784/1318/1290 747/1319/1291
f 747/1319/1291 784/1318/1290 785/1320/1292
f 747/1319/1291 785/1320/1292 748/1321/1293
f 748/1321/1293 785/1320/1292 786/1322/1294
f 748/1321/1293 786/1322/1294 749/1323/1295
f 749/1323/1295 786/1322/1294 787/1324/1296
f 749/1323/1295 787/1324/1296 750/1325/1297
f 750/1325/1297 787/1324/1296 788/1326/1298
f 750/1325/1297 788/1326/1298 751/1327/1299
f 751/1327/1299 788/1326/1298 789/1328/1300
f 751/1327/1299 789/1328/1300 752/1329/1301
f 752/1329/1301 789/1328/1300 790/1330/1302
f 752/1329/1301 790/1330/1302 753/1331/1303
f 753/1331/1303 790/1330/1302 791/1332/1304
f 753/1331/1303 791/1332/1304 754/1333/1305
f 754/1333/1305 791/1332/1304 792/1334/1306
f 754/1333/1305 792/1334/1306 755/1335/1307
f 755/1335/1307 792/1334/1306 793/1336/1308
f 755/1335/1307 793/1336/1308 756/1337/1309
f 756/1337/1309 793/1336/1308 794/1338/1310
f 756/1337/1309 794/1338/1310 717/1339/1311
f 717/1339/1311 794/1338/1310 778/1340/1312
f 775/1341/1313 779/1342/1314 740/1343/1315
f 740/1343/1315 779/1342/1314 741/1344/1316
f 795/1345/1317 796/1346/1318 798/1347/1319
f 798/1347/1319 796/1346/1318 797/1348/1320
f 799/1349/1321 800/1350/1322 802/1351/1323
f 802/1351/1323 800/1350/1322 801/1352/1324
f 447/1353/1325 803/1354/1326 812/1355/1327
f 812/1355/1327 803/1354/1326 804/1356/1328
f 812/1355/1327 804/1356/1328 813/1357/1329
f 813/1357/1329 804/1356/1328 805/1358/1330
f 813/1357/1329 805/1358/1330 814/1359/1331
f 814/1359/1331 805/1358/1330 806/1360/1332
f 814/1359/1331 806/1360/1332 815/1361/1333
f 815/1361/1333 806/1360/1332 807/1362/1334
f 815/1361/1333 807/1362/1334 816/1363/1335
f 816/1363/1335 807/1362/1334 808/1364/1336
f 816/1363/1335 808/1364/1336 817/1365/1337
f 817/1365/1337 808/1364/1336 809/1366/1338
f 817/1365/1337 809/1366/1338 818/1367/1339
f 818/1367/1339 809/1366/1338 810/1368/1340
f 818/1367/1339 810/1368/1340 819/1369/1341
f 819/1369/1341 810/1368/1340 811/1370/1342
f 819/1369/1341 811/1370/1342 345/1371/545
f 345/1371/545 348/1372/547 819/1369/1341
f 819/1369/1341 348/1372/547 455/1373/1343
f 819/1369/1341 455/1373/1343 818/1367/1339
f 818/1367/1339 455/1373/1343 454/1374/1344
f 818/1367/1339 454/1374/1344 817/1365/1337
f 817/1365/1337 454/1374/1344 453/1375/1345
f 817/1365/1337 453/1375/1345 816/1363/1335
f 816/1363/1335 453/1375/1345 452/1376/1346
f 816/1363/1335 452/1376/1346 815/1361/1333
f 815/1361/1333 452/1376/1346 451/1377/1347
f 815/1361/1333 451/1377/1347 814/1359/1331
f 814/1359/1331 451/1377/1347 450/1378/1348
f 814/1359/1331 450/1378/1348 813/1357/1329
f 813/1357/1329 450/1378/1348 449/1379/1349
f 813/1357/1329 449/1379/1349 812/1355/1327
f 812/1355/1327 449/1379/1349 448/1380/1350
f 812/1355/1327 448/1380/1350 447/1353/1325
f 820/1381/1351 803/1382/1326 446/1383/1352
f 446/1383/1352 803/1382/1326 447/1384/1325
f 437/1385/1353 821/1386/1354 830/1387/1355
f 830/1387/1355 821/1386/1354 822/1388/1356
f 830/1387/1355 822/1388/1356 831/1389/1357
f 831/1389/1357 822/1388/1356 823/1390/1358
f 831/1389/1357 823/1390/1358 832/1391/1359
f 832/1391/1359 823/1390/1358 824/1392/1360
f 832/1391/1359 824/1392/1360 833/1393/1361
f 833/1393/1361 824/1392/1360 825/1394/1362
f 833/1393/1361 825/1394/1362 834/1395/1363
f 834/1395/1363 825/1394/1362 826/1396/1364
f 834/1395/1363 826/1396/1364 835/1397/1365
f 835/1397/1365 826/1396/1364 827/1398/1366
f 835/1397/1365 827/1398/1366 836/1399/1367
f 836/1399/1367 827/1398/1366 828/1400/1368
f 836/1399/1367 828/1400/1368 837/1401/1369
f 837/1401/1369 828/1400/1368 829/1402/1370
f 837/1401/1369 829/1402/1370 820/1403/1351
f 820/1403/1351 446/1404/1352 837/1401/1369
f 837/1401/1369 446/1404/1352 445/1405/1371
f 837/1401/1369 445/1405/1371 836/1399/1367
f 836/1399/1367 445/1405/1371 444/1406/1372
f 836/1399/1367 444/1406/1372 835/1397/1365
f 835/1397/1365 444/1406/1372 443/1407/1373
f 835/1397/1365 443/1407/1373 834/1395/1363
f 834/1395/1363 443/1407/1373 442/1408/1374
f 834/1395/1363 442/1408/1374 833/1393/1361
f 833/1393/1361 442/1408/1374 441/1409/1375
f 833/1393/1361 441/1409/1375 832/1391/1359
f 832/1391/1359 441/1409/1375 440/1410/1376
f 832/1391/1359 440/1410/1376 831/1389/1357
f 831/1389/1357 440/1410/1376 439/1411/1377
f 831/1389/1357 439/1411/1377 830/1387/1355
f 830/1387/1355 439/1411/1377 438/1412/1378
f 830/1387/1355 438/1412/1378 437/1385/1353
f 198/1413/1379 424/1414/1380 200/1415/1381
f 200/1415/1381 424/1414/1380 774/1416/1382
f 200/1415/1381 774/1416/1382 758/1417/1383
f 758/1417/1383 774/1416/1382 759/1418/1384
f 759/1418/1384 774/1416/1382 760/1419/1385
f 760/1419/1385 774/1416/1382 761/1420/1386
f 761/1420/1386 774/1416/1382 762/1421/1387
f 762/1421/1387 774/1416/1382 763/1422/1388
f 763/1422/1388 774/1416/1382 764/1423/1389
f 764/1423/1389 774/1416/1382 765/1424/1390
f 765/1424/1390 774/1416/1382 766/1425/1391
f 766/1425/1391 774/1416/1382 767/1426/1392
f 767/1426/1392 774/1416/1382 768/1427/1393
f 768/1427/1393 774/1416/1382 769/1428/1394
f 769/1428/1394 774/1416/1382 770/1429/1395
f 770/1429/1395 774/1416/1382 771/1430/1396
f 771/1430/1396 774/1416/1382 772/1431/1397
f 772/1431/1397 774/1416/1382 773/1432/1398
f 196/1433/1399 388/1434/1400 198/1413/1379
f 198/1413/1379 388/1434/1400 425/1435/1401
f 198/1413/1379 425/1435/1401 424/1414/1380
f 388/1434/1400 196/1433/1399 389/1436/1402
f 389/1436/1402 196/1433/1399 195/1437/1403
f 389/1436/1402 195/1437/1403 757/1438/1404
f 757/1438/1404 195/1437/1403 758/1417/1383
f 758/1417/1383 195/1437/1403 200/1415/1381
f 838/1439/1405 793/1440/1406 801/1441/1407
f 801/1441/1407 793/1440/1406 792/1442/1408
f 801/1441/1407 792/1442/1408 791/1443/1409
f 793/1440/1406 838/1439/1405 794/1444/1410
f 794/1444/1410 838/1439/1405 839/1445/1411
f 794/1444/1410 839/1445/1411 778/1446/1412
f 778/1446/1412 839/1445/1411 777/1447/1413
f 777/1447/1413 839/1445/1411 840/1448/1414
f 777/1447/1413 840/1448/1414 841/1449/1415
f 841/1449/1415 842/1450/1416 777/1447/1413
f 777/1447/1413 842/1450/1416 843/1451/1417
f 777/1447/1413 843/1451/1417 844/1452/1418
f 844/1452/1418 845/1453/1419 777/1447/1413
f 777/1447/1413 845/1453/1419 846/1454/1420
f 777/1447/1413 846/1454/1420 847/1455/1421
f 777/1447/1413 847/1455/1421 776/1456/1422
f 776/1456/1422 847/1455/1421 848/1457/1423
f 776/1456/1422 848/1457/1423 849/1458/1424
f 776/1456/1422 849/1458/1424 353/1459/1425
f 353/1459/1425 849/1458/1424 850/1460/1426
f 353/1459/1425 850/1460/1426 355/1461/1427
f 355/1461/1427 850/1460/1426 519/1462/1428
f 519/1462/1428 850/1460/1426 851/1463/1429
f 519/1462/1428 851/1463/1429 852/1464/1430
f 852/1464/1430 853/1465/1431 519/1462/1428
f 519/1462/1428 853/1465/1431 854/1466/1432
f 519/1462/1428 854/1466/1432 855/1467/1433
f 855/1467/1433 856/1468/1434 519/1462/1428
f 519/1462/1428 856/1468/1434 857/1469/1435
f 519/1462/1428 857/1469/1435 858/1470/1436
f 858/1470/1436 859/1471/1437 519/1462/1428
f 519/1462/1428 859/1471/1437 520/1472/1438
f 520/1472/1438 859/1471/1437 860/1473/1439
f 520/1472/1438 860/1473/1439 861/1474/1440
f 861/1474/1440 862/1475/1441 520/1472/1438
f 520/1472/1438 862/1475/1441 863/1476/1442
f 520/1472/1438 863/1476/1442 523/1477/1443
f 523/1477/1443 863/1476/1442 864/1478/1444
f 523/1477/1443 864/1478/1444 865/1479/1445
f 865/1479/1445 866/1480/1446 523/1477/1443
f 523/1477/1443 866/1480/1446 522/1481/1447
f 522/1481/1447 866/1480/1446 867/1482/1448
f 522/1481/1447 867/1482/1448 868/1483/1449
f 868/1483/1449 869/1484/1450 522/1481/1447
f 522/1481/1447 869/1484/1450 870/1485/1451
f 522/1481/1447 870/1485/1451 871/1486/1452
f 871/1486/1452 872/1487/1453 522/1481/1447
f 522/1481/1447 872/1487/1453 873/1488/1454
f 522/1481/1447 873/1488/1454 874/1489/1455
f 874/1489/1455 798/1490/1456 522/1481/1447
f 522/1481/1447 798/1490/1456 349/1491/1457
f 349/1491/1457 798/1490/1456 350/1492/1458
f 350/1492/1458 798/1490/1456 797/1493/1459
f 350/1492/1458 797/1493/1459 423/1494/1460
f 423/1494/1460 797/1493/1459 775/1495/1461
f 423/1494/1460 775/1495/1461 422/1496/1462
f 797/1493/1459 875/1497/1463 775/1495/1461
f 775/1495/1461 875/1497/1463 876/1498/1464
f 775/1495/1461 876/1498/1464 779/1499/1465
f 779/1499/1465 876/1498/1464 877/1500/1466
f 779/1499/1465 877/1500/1466 878/1501/1467
f 779/1499/1465 878/1501/1467 780/1502/1468
f 780/1502/1468 878/1501/1467 879/1503/1469
f 780/1502/1468 879/1503/1469 781/1504/1470
f 781/1504/1470 879/1503/1469 880/1505/1471
f 781/1504/1470 880/1505/1471 782/1506/1472
f 782/1506/1472 880/1505/1471 881/1507/1473
f 782/1506/1472 881/1507/1473 783/1508/1474
f 783/1508/1474 881/1507/1473 882/1509/1475
f 783/1508/1474 882/1509/1475 784/1510/1476
f 784/1510/1476 882/1509/1475 883/1511/1477
f 784/1510/1476 883/1511/1477 785/1512/1478
f 785/1512/1478 883/1511/1477 884/1513/1479
f 785/1512/1478 884/1513/1479 786/1514/1480
f 786/1514/1480 884/1513/1479 885/1515/1481
f 786/1514/1480 885/1515/1481 787/1516/1482
f 787/1516/1482 885/1515/1481 802/1517/1483
f 787/1516/1482 802/1517/1483 788/1518/1484
f 788/1518/1484 802/1517/1483 789/1519/1485
f 789/1519/1485 802/1517/1483 790/1520/1486
f 790/1520/1486 802/1517/1483 801/1441/1407
f 790/1520/1486 801/1441/1407 791/1443/1409
f 423/1494/1460 426/1521/1487 350/1492/1458
f 350/1492/1458 426/1521/1487 392/1522/1488
f 350/1492/1458 392/1522/1488 353/1459/1425
f 353/1459/1425 392/1522/1488 391/1523/1489
f 353/1459/1425 391/1523/1489 776/1456/1422
f 776/1456/1422 391/1523/1489 390/1524/1490
f 392/1522/1488 426/1521/1487 388/1434/1400
f 388/1434/1400 426/1521/1487 425/1435/1401
f 524/1525/1491 521/1526/1492 523/1477/1443
f 523/1477/1443 521/1526/1492 520/1472/1438
f 797/1527/1493 796/1528/1494 897/1529/1495
f 897/1529/1495 796/1528/1494 886/1530/1496
f 897/1529/1495 886/1530/1496 898/1531/1497
f 898/1531/1497 886/1530/1496 887/1532/1498
f 898/1531/1497 887/1532/1498 899/1533/1499
f 899/1533/1499 887/1532/1498 888/1534/1500
f 899/1533/1499 888/1534/1500 900/1535/1501
f 900/1535/1501 888/1534/1500 889/1536/1502
f 900/1535/1501 889/1536/1502 901/1537/1503
f 901/1537/1503 889/1536/1502 890/1538/1504
f 901/1537/1503 890/1538/1504 902/1539/1505
f 902/1539/1505 890/1538/1504 891/1540/1506
f 902/1539/1505 891/1540/1506 903/1541/1507
f 903/1541/1507 891/1540/1506 892/1542/1508
f 903/1541/1507 892/1542/1508 904/1543/1509
f 904/1543/1509 892/1542/1508 893/1544/1510
f 904/1543/1509 893/1544/1510 905/1545/1511
f 905/1545/1511 893/1544/1510 894/1546/1512
f 905/1545/1511 894/1546/1512 906/1547/1513
f 906/1547/1513 894/1546/1512 895/1548/1514
f 906/1547/1513 895/1548/1514 907/1549/1515
f 907/1549/1515 895/1548/1514 896/1550/1516
f 907/1549/1515 896/1550/1516 799/1551/1517
f 799/1551/1517 802/1552/1518 907/1549/1515
f 907/1549/1515 802/1552/1518 885/1553/1519
f 907/1549/1515 885/1553/1519 906/1547/1513
f 906/1547/1513 885/1553/1519 884/1554/1520
f 906/1547/1513 884/1554/1520 905/1545/1511
f 905/1545/1511 884/1554/1520 883/1555/1521
f 905/1545/1511 883/1555/1521 904/1543/1509
f 904/1543/1509 883/1555/1521 882/1556/1522
f 904/1543/1509 882/1556/1522 903/1541/1507
f 903/1541/1507 882/1556/1522 881/1557/1523
f 903/1541/1507 881/1557/1523 902/1539/1505
f 902/1539/1505 881/1557/1523 880/1558/1524
f 902/1539/1505 880/1558/1524 901/1537/1503
f 901/1537/1503 880/1558/1524 879/1559/1525
f 901/1537/1503 879/1559/1525 900/1535/1501
f 900/1535/1501 879/1559/1525 878/1560/1526
f 900/1535/1501 878/1560/1526 899/1533/1499
f 899/1533/1499 878/1560/1526 877/1561/1527
f 899/1533/1499 877/1561/1527 898/1531/1497
f 898/1531/1497 877/1561/1527 876/1562/1528
f 898/1531/1497 876/1562/1528 897/1529/1495
f 897/1529/1495 876/1562/1528 875/1563/1529
f 897/1529/1495 875/1563/1529 797/1527/1493
f 801/1564/1530 800/1565/1531 920/1566/1532
f 920/1566/1532 800/1565/1531 908/1567/1533
f 920/1566/1532 908/1567/1533 921/1568/1534
f 921/1568/1534 908/1567/1533 909/1569/1535
f 921/1568/1534 909/1569/1535 922/1570/1536
f 922/1570/1536 909/1569/1535 910/1571/1537
f 922/1570/1536 910/1571/1537 923/1572/1538
f 923/1572/1538 910/1571/1537 911/1573/1539
f 923/1572/1538 911/1573/1539 924/1574/1540
f 924/1574/1540 911/1573/1539 912/1575/1541
f 924/1574/1540 912/1575/1541 925/1576/1542
f 925/1576/1542 912/1575/1541 913/1577/1543
f 925/1576/1542 913/1577/1543 926/1578/1544
f 926/1578/1544 913/1577/1543 914/1579/1545
f 926/1578/1544 914/1579/1545 927/1580/1546
f 927/1580/1546 914/1579/1545 915/1581/1547
f 927/1580/1546 915/1581/1547 928/1582/1548
f 928/1582/1548 915/1581/1547 916/1583/1549
f 928/1582/1548 916/1583/1549 929/1584/1550
f 929/1584/1550 916/1583/1549 917/1585/1551
f 929/1584/1550 917/1585/1551 930/1586/1552
f 930/1586/1552 917/1585/1551 918/1587/1553
f 930/1586/1552 918/1587/1553 919/1588/1554
f 919/1588/1554 849/1589/1555 930/1586/1552
f 930/1586/1552 849/1589/1555 848/1590/1556
f 930/1586/1552 848/1590/1556 929/1584/1550
f 929/1584/1550 848/1590/1556 847/1591/1557
f 929/1584/1550 847/1591/1557 928/1582/1548
f 928/1582/1548 847/1591/1557 846/1592/1558
f 928/1582/1548 846/1592/1558 927/1580/1546
f 927/1580/1546 846/1592/1558 845/1593/1559
f 927/1580/1546 845/1593/1559 926/1578/1544
f 926/1578/1544 845/1593/1559 844/1594/1560
f 926/1578/1544 844/1594/1560 925/1576/1542
f 925/1576/1542 844/1594/1560 843/1595/1561
f 925/1576/1542 843/1595/1561 924/1574/1540
f 924/1574/1540 843/1595/1561 842/1596/1562
f 924/1574/1540 842/1596/1562 923/1572/1538
f 923/1572/1538 842/1596/1562 841/1597/1563
f 923/1572/1538 841/1597/1563 922/1570/1536
f 922/1570/1536 841/1597/1563 840/1598/1564
f 922/1570/1536 840/1598/1564 921/1568/1534
f 921/1568/1534 840/1598/1564 839/1599/1565
f 921/1568/1534 839/1599/1565 920/1566/1532
f 920/1566/1532 839/1599/1565 838/1600/1566
f 920/1566/1532 838/1600/1566 801/1564/1530
f 931/1601/1567 821/1602/1354 436/1603/1568
f 436/1603/1568 821/1602/1354 437/1604/1353
f 427/1605/1569 932/1606/1570 941/1607/1571
f 941/1607/1571 932/1606/1570 933/1608/1572
f 941/1607/1571 933/1608/1572 942/1609/1573
f 942/1609/1573 933/1608/1572 934/1610/1574
f 942/1609/1573 934/1610/1574 943/1611/1575
f 943/1611/1575 934/1610/1574 935/1612/1576
f 943/1611/1575 935/1612/1576 944/1613/1577
f 944/1613/1577 935/1612/1576 936/1614/1578
f 944/1613/1577 936/1614/1578 945/1615/1579
f 945/1615/1579 936/1614/1578 937/1616/1580
f 945/1615/1579 937/1616/1580 946/1617/1581
f 946/1617/1581 937/1616/1580 938/1618/1582
f 946/1617/1581 938/1618/1582 947/1619/1583
f 947/1619/1583 938/1618/1582 939/1620/1584
f 947/1619/1583 939/1620/1584 948/1621/1585
f 948/1621/1585 939/1620/1584 940/1622/1586
f 948/1621/1585 940/1622/1586 931/1623/1567
f 931/1623/1567 436/1624/1568 948/1621/1585
f 948/1621/1585 436/1624/1568 435/1625/1587
f 948/1621/1585 435/1625/1587 947/1619/1583
f 947/1619/1583 435/1625/1587 434/1626/1588
f 947/1619/1583 434/1626/1588 946/1617/1581
f 946/1617/1581 434/1626/1588 433/1627/1589
f 946/1617/1581 433/1627/1589 945/1615/1579
f 945/1615/1579 433/1627/1589 432/1628/1590
f 945/1615/1579 432/1628/1590 944/1613/1577
f 944/1613/1577 432/1628/1590 431/1629/1591
f 944/1613/1577 431/1629/1591 943/1611/1575
f 943/1611/1575 431/1629/1591 430/1630/1592
f 943/1611/1575 430/1630/1592 942/1609/1573
f 942/1609/1573 430/1630/1592 429/1631/1593
f 942/1609/1573 429/1631/1593 941/1607/1571
f 941/1607/1571 429/1631/1593 428/1632/1594
f 941/1607/1571 428/1632/1594 427/1605/1569
f 949/1633/1595 932/1634/1570 464/1635/1596
f 464/1635/1596 932/1634/1570 427/1636/1569
f 347/1637/548 346/1638/546 958/1639/1597
f 958/1639/1597 346/1638/546 950/1640/1598
f 958/1639/1597 950/1640/1598 959/1641/1599
f 959/1641/1599 950/1640/1598 951/1642/1600
f 959/1641/1599 951/1642/1600 960/1643/1601
f 960/1643/1601 951/1642/1600 952/1644/1602
f 960/1643/1601 952/1644/1602 961/1645/1603
f 961/1645/1603 952/1644/1602 953/1646/1604
f 961/1645/1603 953/1646/1604 962/1647/1605
f 962/1647/1605 953/1646/1604 954/1648/1606
f 962/1647/1605 954/1648/1606 963/1649/1607
f 963/1649/1607 954/1648/1606 955/1650/1608
f 963/1649/1607 955/1650/1608 964/1651/1609
f 964/1651/1609 955/1650/1608 956/1652/1610
f 964/1651/1609 956/1652/1610 965/1653/1611
f 965/1653/1611 956/1652/1610 957/1654/1612
f 965/1653/1611 957/1654/1612 949/1655/1595
f 949/1655/1595 464/1656/1596 965/1653/1611
f 965/1653/1611 464/1656/1596 463/1657/1613
f 965/1653/1611 463/1657/1613 964/1651/1609
f 964/1651/1609 463/1657/1613 462/1658/1614
f 964/1651/1609 462/1658/1614 963/1649/1607
f 963/1649/1607 462/1658/1614 461/1659/1615
f 963/1649/1607 461/1659/1615 962/1647/1605
f 962/1647/1605 461/1659/1615 460/1660/1616
f 962/1647/1605 460/1660/1616 961/1645/1603
f 961/1645/1603 460/1660/1616 459/1661/1617
f 961/1645/1603 459/1661/1617 960/1643/1601
f 960/1643/1601 459/1661/1617 458/1662/1618
f 960/1643/1601 458/1662/1618 959/1641/1599
f 959/1641/1599 458/1662/1618 457/1663/1619
f 959/1641/1599 457/1663/1619 958/1639/1597
f 958/1639/1597 457/1663/1619 456/1664/1620
f 958/1639/1597 456/1664/1620 347/1637/548
f 863/1665/1621 966/1666/1622 978/1667/1623
f 978/1667/1623 966/1666/1622 967/1668/1624
f 978/1667/1623 967/1668/1624 979/1669/1625
f 979/1669/1625 967/1668/1624 968/1670/1626
f 979/1669/1625 968/1670/1626 980/1671/1627
f 980/1671/1627 968/1670/1626 969/1672/1628
f 980/1671/1627 969/1672/1628 981/1673/1629
f 981/1673/1629 969/1672/1628 970/1674/1630
f 981/1673/1629 970/1674/1630 982/1675/1631
f 982/1675/1631 970/1674/1630 971/1676/1632
f 982/1675/1631 971/1676/1632 983/1677/1633
f 983/1677/1633 971/1676/1632 972/1678/1634
f 983/1677/1633 972/1678/1634 984/1679/1635
f 984/1679/1635 972/1678/1634 973/1680/1636
f 984/1679/1635 973/1680/1636 985/1681/1637
f 985/1681/1637 973/1680/1636 974/1682/1638
f 985/1681/1637 974/1682/1638 986/1683/1639
f 986/1683/1639 974/1682/1638 975/1684/1640
f 986/1683/1639 975/1684/1640 987/1685/1641
f 987/1685/1641 975/1684/1640 976/1686/1642
f 987/1685/1641 976/1686/1642 988/1687/1643
f 988/1687/1643 976/1686/1642 977/1688/1644
f 988/1687/1643 977/1688/1644 795/1689/1645
f 795/1689/1645 798/1690/1646 988/1687/1643
f 988/1687/1643 798/1690/1646 874/1691/1647
f 988/1687/1643 874/1691/1647 987/1685/1641
f 987/1685/1641 874/1691/1647 873/1692/1648
f 987/1685/1641 873/1692/1648 986/1683/1639
f 986/1683/1639 873/1692/1648 872/1693/1649
f 986/1683/1639 872/1693/1649 985/1681/1637
f 985/1681/1637 872/1693/1649 871/1694/1650
f 985/1681/1637 871/1694/1650 984/1679/1635
f 984/1679/1635 871/1694/1650 870/1695/1651
f 984/1679/1635 870/1695/1651 983/1677/1633
f 983/1677/1633 870/1695/1651 869/1696/1652
f 983/1677/1633 869/1696/1652 982/1675/1631
f 982/1675/1631 869/1696/1652 868/1697/1653
f 982/1675/1631 868/1697/1653 981/1673/1629
f 981/1673/1629 868/1697/1653 867/1698/1654
f 981/1673/1629 867/1698/1654 980/1671/1627
f 980/1671/1627 867/1698/1654 866/1699/1655
f 980/1671/1627 866/1699/1655 979/1669/1625
f 979/1669/1625 866/1699/1655 865/1700/1656
f 979/1669/1625 865/1700/1656 978/1667/1623
f 978/1667/1623 865/1700/1656 864/1701/1657
f 978/1667/1623 864/1701/1657 863/1665/1621
f 989/1702/1658 966/1703/1659 862/1704/1660
f 862/1704/1660 966/1703/1659 863/1705/1661
f 850/1706/1662 990/1707/1663 1002/1708/1664
f 1002/1708/1664 990/1707/1663 991/1709/1665
f 1002/1708/1664 991/1709/1665 1003/1710/1666
f 1003/1710/1666 991/1709/1665 992/1711/1667
f 1003/1710/1666 992/1711/1667 1004/1712/1668
f 1004/1712/1668 992/1711/1667 993/1713/1669
f 1004/1712/1668 993/1713/1669 1005/1714/1670
f 1005/1714/1670 993/1713/1669 994/1715/1671
f 1005/1714/1670 994/1715/1671 1006/1716/1672
f 1006/1716/1672 994/1715/1671 995/1717/1673
f 1006/1716/1672 995/1717/1673 1007/1718/1674
f 1007/1718/1674 995/1717/1673 996/1719/1675
f 1007/1718/1674 996/1719/1675 1008/1720/1676
f 1008/1720/1676 996/1719/1675 997/1721/1677
f 1008/1720/1676 997/1721/1677 1009/1722/1678
f 1009/1722/1678 997/1721/1677 998/1723/1679
f 1009/1722/1678 998/1723/1679 1010/1724/1680
f 1010/1724/1680 998/1723/1679 999/1725/1681
f 1010/1724/1680 999/1725/1681 1011/1726/1682
f 1011/1726/1682 999/1725/1681 1000/1727/1683
f 1011/1726/1682 1000/1727/1683 1012/1728/1684
f 1012/1728/1684 1000/1727/1683 1001/1729/1685
f 1012/1728/1684 1001/1729/1685 989/1730/1686
f 989/1730/1686 862/1731/1687 1012/1728/1684
f 1012/1728/1684 862/1731/1687 861/1732/1688
f 1012/1728/1684 861/1732/1688 1011/1726/1682
f 1011/1726/1682 861/1732/1688 860/1733/1689
f 1011/1726/1682 860/1733/1689 1010/1724/1680
f 1010/1724/1680 860/1733/1689 859/1734/1690
f 1010/1724/1680 859/1734/1690 1009/1722/1678
f 1009/1722/1678 859/1734/1690 858/1735/1691
f 1009/1722/1678 858/1735/1691 1008/1720/1676
f 1008/1720/1676 858/1735/1691 857/1736/1692
f 1008/1720/1676 857/1736/1692 1007/1718/1674
f 1007/1718/1674 857/1736/1692 856/1737/1693
f 1007/1718/1674 856/1737/1693 1006/1716/1672
f 1006/1716/1672 856/1737/1693 855/1738/1694
f 1006/1716/1672 855/1738/1694 1005/1714/1670
f 1005/1714/1670 855/1738/1694 854/1739/1695
f 1005/1714/1670 854/1739/1695 1004/1712/1668
f 1004/1712/1668 854/1739/1695 853/1740/1696
f 1004/1712/1668 853/1740/1696 1003/1710/1666
f 1003/1710/1666 853/1740/1696 852/1741/1697
f 1003/1710/1666 852/1741/1697 1002/1708/1664
f 1002/1708/1664 852/1741/1697 851/1742/1698
f 1002/1708/1664 851/1742/1698 850/1706/1662
f 919/1743/1699 990/1744/1700 849/1745/1701
f 849/1745/1701 990/1744/1700 850/1746/1702
f 120/1747/1703 969/1748/1704 97/1749/1705
f 97/1749/1705 969/1748/1704 968/1750/1706
f 97/1749/1705 968/1750/1706 98/1751/1707
f 98/1751/1707 968/1750/1706 967/1752/1708
f 98/1751/1707 967/1752/1708 99/1753/1709
f 99/1753/1709 967/1752/1708 966/1754/1710
f 99/1753/1709 966/1754/1710 100/1755/1711
f 100/1755/1711 966/1754/1710 101/1756/1712
f 101/1756/1712 966/1754/1710 949/1757/1713
f 101/1756/1712 949/1757/1713 102/1758/1714
f 102/1758/1714 949/1757/1713 103/1759/1715
f 103/1759/1715 949/1757/1713 957/1760/1716
f 103/1759/1715 957/1760/1716 104/1761/1717
f 104/1761/1717 957/1760/1716 956/1762/1718
f 104/1761/1717 956/1762/1718 105/1763/1719
f 105/1763/1719 956/1762/1718 955/1764/1720
f 105/1763/1719 955/1764/1720 954/1765/1721
f 969/1748/1704 120/1747/1703 970/1766/1722
f 970/1766/1722 120/1747/1703 119/1767/1723
f 970/1766/1722 119/1767/1723 971/1768/1724
f 971/1768/1724 119/1767/1723 118/1769/1725
f 971/1768/1724 118/1769/1725 972/1770/1726
f 972/1770/1726 118/1769/1725 973/1771/1727
f 973/1771/1727 118/1769/1725 117/1772/1728
f 973/1771/1727 117/1772/1728 974/1773/1729
f 974/1773/1729 117/1772/1728 116/1774/1730
f 974/1773/1729 116/1774/1730 975/1775/1731
f 975/1775/1731 116/1774/1730 115/1776/1732
f 975/1775/1731 115/1776/1732 976/1777/1733
f 976/1777/1733 115/1776/1732 114/1778/1734
f 976/1777/1733 114/1778/1734 977/1779/1735
f 977/1779/1735 114/1778/1734 113/1780/1736
f 977/1779/1735 113/1780/1736 795/1781/1737
f 795/1781/1737 113/1780/1736 112/1782/1738
f 795/1781/1737 112/1782/1738 111/1783/1739
f 795/1781/1737 111/1783/1739 346/1784/1740
f 346/1784/1740 111/1783/1739 110/1785/1741
f 346/1784/1740 110/1785/1741 109/1786/1742
f 346/1784/1740 109/1786/1742 950/1787/1743
f 950/1787/1743 109/1786/1742 108/1788/1744
f 950/1787/1743 108/1788/1744 951/1789/1745
f 951/1789/1745 108/1788/1744 107/1790/1746
f 951/1789/1745 107/1790/1746 952/1791/1747
f 952/1791/1747 107/1790/1746 953/1792/1748
f 953/1792/1748 107/1790/1746 106/1793/1749
f 953/1792/1748 106/1793/1749 954/1765/1721
f 954/1765/1721 106/1793/1749 105/1763/1719
f 168/1794/1750 931/1795/1751 145/1796/1752
f 145/1796/1752 931/1795/1751 940/1797/1753
f 145/1796/1752 940/1797/1753 146/1798/1754
f 146/1798/1754 940/1797/1753 939/1799/1755
f 146/1798/1754 939/1799/1755 147/1800/1756
f 147/1800/1756 939/1799/1755 938/1801/1757
f 147/1800/1756 938/1801/1757 937/1802/1758
f 168/1794/1750 167/1803/1759 931/1795/1751
f 931/1795/1751 167/1803/1759 990/1804/1760
f 931/1795/1751 990/1804/1760 821/1805/1761
f 821/1805/1761 990/1804/1760 919/1806/1762
f 821/1805/1761 919/1806/1762 215/1807/1763
f 215/1807/1763 919/1806/1762 216/1808/1764
f 216/1808/1764 919/1806/1762 217/1809/1765
f 217/1809/1765 919/1806/1762 918/1810/1766
f 217/1809/1765 918/1810/1766 218/1811/1767
f 218/1811/1767 918/1810/1766 917/1812/1768
f 218/1811/1767 917/1812/1768 219/1813/1769
f 219/1813/1769 917/1812/1768 916/1814/1770
f 219/1813/1769 916/1814/1770 220/1815/1771
f 220/1815/1771 916/1814/1770 915/1816/1772
f 220/1815/1771 915/1816/1772 221/1817/1773
f 221/1817/1773 915/1816/1772 914/1818/1774
f 221/1817/1773 914/1818/1774 222/1819/1775
f 222/1819/1775 914/1818/1774 913/1820/1776
f 222/1819/1775 913/1820/1776 223/1821/1777
f 223/1821/1777 913/1820/1776 912/1822/1778
f 223/1821/1777 912/1822/1778 911/1823/1779
f 167/1803/1759 166/1824/1780 990/1804/1760
f 990/1804/1760 166/1824/1780 165/1825/1781
f 990/1804/1760 165/1825/1781 991/1826/1782
f 991/1826/1782 165/1825/1781 164/1827/1783
f 991/1826/1782 164/1827/1783 992/1828/1784
f 992/1828/1784 164/1827/1783 163/1829/1785
f 992/1828/1784 163/1829/1785 993/1830/1786
f 993/1830/1786 163/1829/1785 162/1831/1787
f 993/1830/1786 162/1831/1787 994/1832/1788
f 994/1832/1788 162/1831/1787 161/1833/1789
f 994/1832/1788 161/1833/1789 995/1834/1790
f 995/1834/1790 161/1833/1789 160/1835/1791
f 995/1834/1790 160/1835/1791 996/1836/1792
f 996/1836/1792 160/1835/1791 997/1837/1793
f 997/1837/1793 160/1835/1791 159/1838/1794
f 997/1837/1793 159/1838/1794 998/1839/1795
f 998/1839/1795 159/1838/1794 158/1840/1796
f 998/1839/1795 158/1840/1796 999/1841/1797
f 999/1841/1797 158/1840/1796 157/1842/1798
f 999/1841/1797 157/1842/1798 1000/1843/1799
f 1000/1843/1799 157/1842/1798 156/1844/1800
f 1000/1843/1799 156/1844/1800 1001/1845/1801
f 1001/1845/1801 156/1844/1800 155/1846/1802
f 1001/1845/1801 155/1846/1802 989/1847/1803
f 989/1847/1803 155/1846/1802 154/1848/1804
f 989/1847/1803 154/1848/1804 153/1849/1805
f 989/1847/1803 153/1849/1805 932/1850/1806
f 932/1850/1806 153/1849/1805 152/1851/1807
f 932/1850/1806 152/1851/1807 151/1852/1808
f 932/1850/1806 151/1852/1808 933/1853/1809
f 933/1853/1809 151/1852/1808 150/1854/1810
f 933/1853/1809 150/1854/1810 934/1855/1811
f 934/1855/1811 150/1854/1810 149/1856/1812
f 934/1855/1811 149/1856/1812 935/1857/1813
f 935/1857/1813 149/1856/1812 936/1858/1814
f 936/1858/1814 149/1856/1812 148/1859/1815
f 936/1858/1814 148/1859/1815 937/1802/1758
f 937/1802/1758 148/1859/1815 147/1800/1756
f 932/1850/1806 949/1757/1713 989/1847/1803
f 989/1847/1803 949/1757/1713 966/1754/1710
f 346/1784/1740 345/1860/1816 795/1781/1737
f 795/1781/1737 345/1860/1816 796/1861/1817
f 796/1861/1817 345/1860/1816 295/1862/1818
f 796/1861/1817 295/1862/1818 294/1863/1819
f 811/1864/1820 273/1865/1821 345/1860/1816
f 345/1860/1816 273/1865/1821 296/1866/1822
f 345/1860/1816 296/1866/1822 295/1862/1818
f 273/1865/1821 811/1864/1820 274/1867/1823
f 274/1867/1823 811/1864/1820 810/1868/1824
f 274/1867/1823 810/1868/1824 275/1869/1825
f 275/1869/1825 810/1868/1824 809/1870/1826
f 275/1869/1825 809/1870/1826 808/1871/1827
f 275/1869/1825 808/1871/1827 276/1872/1828
f 276/1872/1828 808/1871/1827 807/1873/1829
f 276/1872/1828 807/1873/1829 277/1874/1830
f 277/1874/1830 807/1873/1829 806/1875/1831
f 277/1874/1830 806/1875/1831 805/1876/1832
f 277/1874/1830 805/1876/1832 278/1877/1833
f 278/1877/1833 805/1876/1832 804/1878/1834
f 278/1877/1833 804/1878/1834 279/1879/1835
f 279/1879/1835 804/1878/1834 803/1880/1836
f 279/1879/1835 803/1880/1836 280/1881/1837
f 280/1881/1837 803/1880/1836 281/1882/1838
f 281/1882/1838 803/1880/1836 799/1883/1839
f 281/1882/1838 799/1883/1839 282/1884/1840
f 282/1884/1840 799/1883/1839 283/1885/1841
f 283/1885/1841 799/1883/1839 896/1886/1842
f 283/1885/1841 896/1886/1842 284/1887/1843
f 284/1887/1843 896/1886/1842 895/1888/1844
f 284/1887/1843 895/1888/1844 285/1889/1845
f 285/1889/1845 895/1888/1844 894/1890/1846
f 285/1889/1845 894/1890/1846 286/1891/1847
f 286/1891/1847 894/1890/1846 893/1892/1848
f 286/1891/1847 893/1892/1848 287/1893/1849
f 287/1893/1849 893/1892/1848 892/1894/1850
f 287/1893/1849 892/1894/1850 891/1895/1851
f 803/1880/1836 820/1896/1852 799/1883/1839
f 799/1883/1839 820/1896/1852 800/1897/1853
f 800/1897/1853 820/1896/1852 205/1898/1854
f 800/1897/1853 205/1898/1854 204/1899/1855
f 829/1900/1856 207/1901/1857 820/1896/1852
f 820/1896/1852 207/1901/1857 206/1902/1858
f 820/1896/1852 206/1902/1858 205/1898/1854
f 207/1901/1857 829/1900/1856 208/1903/1859
f 208/1903/1859 829/1900/1856 828/1904/1860
f 208/1903/1859 828/1904/1860 209/1905/1861
f 209/1905/1861 828/1904/1860 827/1906/1862
f 209/1905/1861 827/1906/1862 826/1907/1863
f 209/1905/1861 826/1907/1863 210/1908/1864
f 210/1908/1864 826/1907/1863 825/1909/1865
f 210/1908/1864 825/1909/1865 211/1910/1866
f 211/1910/1866 825/1909/1865 824/1911/1867
f 211/1910/1866 824/1911/1867 823/1912/1868
f 211/1910/1866 823/1912/1868 212/1913/1869
f 212/1913/1869 823/1912/1868 822/1914/1870
f 212/1913/1869 822/1914/1870 213/1915/1871
f 213/1915/1871 822/1914/1870 821/1805/1761
f 213/1915/1871 821/1805/1761 214/1916/1872
f 214/1916/1872 821/1805/1761 215/1807/1763
f 223/1821/1777 911/1823/1779 224/1917/1873
f 224/1917/1873 911/1823/1779 910/1918/1874
f 224/1917/1873 910/1918/1874 201/1919/1875
f 201/1919/1875 910/1918/1874 909/1920/1876
f 201/1919/1875 909/1920/1876 202/1921/1877
f 202/1921/1877 909/1920/1876 908/1922/1878
f 202/1921/1877 908/1922/1878 203/1923/1879
f 203/1923/1879 908/1922/1878 800/1897/1853
f 203/1923/1879 800/1897/1853 204/1899/1855
f 287/1893/1849 891/1895/1851 288/1924/1880
f 288/1924/1880 891/1895/1851 890/1925/1881
f 288/1924/1880 890/1925/1881 289/1926/1882
f 289/1926/1882 890/1925/1881 889/1927/1883
f 289/1926/1882 889/1927/1883 290/1928/1884
f 290/1928/1884 889/1927/1883 888/1929/1885
f 290/1928/1884 888/1929/1885 291/1930/1886
f 291/1930/1886 888/1929/1885 887/1931/1887
f 291/1930/1886 887/1931/1887 292/1932/1888
f 292/1932/1888 887/1931/1887 886/1933/1889
f 292/1932/1888 886/1933/1889 293/1934/1890
f 293/1934/1890 886/1933/1889 796/1861/1817
f 293/1934/1890 796/1861/1817 294/1863/1819
# 1012 vertices
# 1934 texture params
# 1890 normals
# 2028 facets

# 1 groups
