# WaveFront *.obj file (generated by Autodesk ATF)

mtllib Seatv2.mtl

g Body30

v 24.000000 26.000000 -12.000000
v 23.965926 25.741181 -12.000000
v 23.866026 25.500000 -12.000000
v 23.707107 25.292894 -12.000000
v 23.500000 25.133975 -12.000000
v 23.258819 25.034075 -12.000000
v 23.000000 25.000000 -12.000000
v 22.741181 25.034075 -12.000000
v 22.500000 25.133975 -12.000000
v 22.292894 25.292894 -12.000000
v 22.133975 25.500000 -12.000000
v 22.034075 25.741181 -12.000000
v 22.000000 26.000000 -12.000000
v 22.034075 26.258819 -12.000000
v 22.133975 26.500000 -12.000000
v 22.292894 26.707107 -12.000000
v 22.500000 26.866026 -12.000000
v 22.741181 26.965926 -12.000000
v 23.000000 27.000000 -12.000000
v 23.258819 26.965926 -12.000000
v 23.500000 26.866026 -12.000000
v 23.707107 26.707107 -12.000000
v 23.866026 26.500000 -12.000000
v 23.965926 26.258819 -12.000000
v 24.000000 26.000000 -14.000000
v 23.965926 26.258819 -14.000000
v 23.866026 26.500000 -14.000000
v 23.707107 26.707107 -14.000000
v 23.500000 26.866026 -14.000000
v 23.258819 26.965926 -14.000000
v 23.000000 27.000000 -14.000000
v 22.741181 26.965926 -14.000000
v 22.500000 26.866026 -14.000000
v 22.292894 26.707107 -14.000000
v 22.133975 26.500000 -14.000000
v 22.034075 26.258819 -14.000000
v 22.000000 26.000000 -14.000000
v 22.034075 25.741181 -14.000000
v 22.133975 25.500000 -14.000000
v 22.292894 25.292894 -14.000000
v 22.500000 25.133975 -14.000000
v 22.741181 25.034075 -14.000000
v 23.000000 25.000000 -14.000000
v 23.258819 25.034075 -14.000000
v 23.500000 25.133975 -14.000000
v 23.707107 25.292894 -14.000000
v 23.866026 25.500000 -14.000000
v 23.965926 25.741181 -14.000000
v -24.500000 26.000000 -12.000000
v -24.534075 25.741182 -12.000000
v -24.633975 25.500001 -12.000000
v -24.792893 25.292894 -12.000000
v -25.000000 25.133976 -12.000000
v -25.241181 25.034075 -12.000000
v -25.500000 25.000001 -12.000000
v -25.758818 25.034075 -12.000000
v -25.999999 25.133976 -12.000000
v -26.207106 25.292894 -12.000000
v -26.366024 25.500001 -12.000000
v -26.465925 25.741182 -12.000000
v -26.499999 26.000000 -12.000000
v -26.465925 26.258819 -12.000000
v -26.366024 26.500000 -12.000000
v -26.207106 26.707107 -12.000000
v -25.999999 26.866025 -12.000000
v -25.758818 26.965926 -12.000000
v -25.500000 27.000000 -12.000000
v -25.241181 26.965926 -12.000000
v -25.000000 26.866025 -12.000000
v -24.792893 26.707107 -12.000000
v -24.633975 26.500000 -12.000000
v -24.534075 26.258819 -12.000000
v -24.500000 26.000000 -14.000000
v -24.534075 26.258819 -14.000000
v -24.633975 26.500000 -14.000000
v -24.792893 26.707107 -14.000000
v -25.000000 26.866025 -14.000000
v -25.241181 26.965926 -14.000000
v -25.500000 27.000000 -14.000000
v -25.758818 26.965926 -14.000000
v -25.999999 26.866025 -14.000000
v -26.207106 26.707107 -14.000000
v -26.366024 26.500000 -14.000000
v -26.465925 26.258819 -14.000000
v -26.499999 26.000000 -14.000000
v -26.465925 25.741182 -14.000000
v -26.366024 25.500001 -14.000000
v -26.207106 25.292894 -14.000000
v -25.999999 25.133976 -14.000000
v -25.758818 25.034075 -14.000000
v -25.500000 25.000001 -14.000000
v -25.241181 25.034075 -14.000000
v -25.000000 25.133976 -14.000000
v -24.792893 25.292894 -14.000000
v -24.633975 25.500001 -14.000000
v -24.534075 25.741182 -14.000000
v 20.438263 27.000000 -14.000000
v 20.438263 27.000000 -24.100000
v 20.301631 26.530380 -24.100000
v 20.250352 26.043982 -24.100000
v 20.286048 25.556194 -24.100000
v 20.407590 25.082444 -24.100000
v 20.611134 24.637717 -24.100000
v 20.890240 24.236081 -24.100000
v 21.236081 23.890240 -24.100000
v 21.637717 23.611134 -24.100000
v 22.082444 23.407590 -24.100000
v 22.556194 23.286048 -24.100000
v 23.043982 23.250352 -24.100000
v 23.530380 23.301631 -24.100000
v 24.000000 23.438263 -24.100000
v 24.000000 23.438263 -14.000000
v 23.530380 23.301631 -14.000000
v 23.043982 23.250352 -14.000000
v 22.556194 23.286048 -14.000000
v 22.082444 23.407590 -14.000000
v 21.637717 23.611134 -14.000000
v 21.236081 23.890240 -14.000000
v 20.890240 24.236081 -14.000000
v 20.611134 24.637717 -14.000000
v 20.407590 25.082444 -14.000000
v 20.286048 25.556194 -14.000000
v 20.250352 26.043982 -14.000000
v 20.301631 26.530380 -14.000000
v -22.938262 27.000000 -14.000000
v -22.938262 27.000000 -24.100000
v -28.500000 26.000000 -14.000000
v -28.500000 -25.000000 -14.000000
v -28.454423 -25.520945 -14.000000
v -28.319077 -26.026061 -14.000000
v -28.098076 -26.500000 -14.000000
v -27.798133 -26.928363 -14.000000
v -27.428362 -27.298134 -14.000000
v -27.000000 -27.598077 -14.000000
v -26.526060 -27.819078 -14.000000
v -26.020944 -27.954424 -14.000000
v -25.500000 -28.000000 -14.000000
v 23.000000 -28.000000 -14.000000
v 23.520945 -27.954424 -14.000000
v 24.026061 -27.819078 -14.000000
v 24.500000 -27.598077 -14.000000
v 24.928363 -27.298134 -14.000000
v 25.298134 -26.928363 -14.000000
v 25.598077 -26.500000 -14.000000
v 25.819078 -26.026061 -14.000000
v 25.954424 -25.520945 -14.000000
v 26.000000 -25.000000 -14.000000
v 26.000000 26.000000 -14.000000
v 25.954424 26.520945 -14.000000
v 25.819078 27.026061 -14.000000
v 25.598077 27.500000 -14.000000
v 25.298134 27.928363 -14.000000
v 24.928363 28.298134 -14.000000
v 24.500000 28.598077 -14.000000
v 24.026061 28.819078 -14.000000
v 23.520945 28.954424 -14.000000
v 23.000000 29.000000 -14.000000
v -25.500000 29.000000 -14.000000
v -26.020944 28.954424 -14.000000
v -26.526060 28.819078 -14.000000
v -27.000000 28.598077 -14.000000
v -27.428362 28.298134 -14.000000
v -27.798133 27.928363 -14.000000
v -28.098076 27.500000 -14.000000
v -28.319077 27.026061 -14.000000
v -28.454423 26.520945 -14.000000
v 24.000000 -23.267950 -14.000000
v 23.601412 -23.092567 -14.000000
v 23.174312 -23.007611 -14.000000
v 22.738948 -23.017111 -14.000000
v 22.315960 -23.120615 -14.000000
v 21.925401 -23.313218 -14.000000
v 21.585787 -23.585787 -14.000000
v 21.313217 -23.925401 -14.000000
v 21.120615 -24.315960 -14.000000
v 21.017111 -24.738948 -14.000000
v 21.007611 -25.174312 -14.000000
v 21.092566 -25.601412 -14.000000
v 21.267950 -26.000000 -14.000000
v -23.767949 -26.000000 -14.000000
v -23.592566 -25.601412 -14.000000
v -23.507610 -25.174312 -14.000000
v -23.517110 -24.738948 -14.000000
v -23.620614 -24.315960 -14.000000
v -23.813217 -23.925401 -14.000000
v -24.085786 -23.585787 -14.000000
v -24.425401 -23.313217 -14.000000
v -24.815960 -23.120615 -14.000000
v -25.238948 -23.017111 -14.000000
v -25.674312 -23.007611 -14.000000
v -26.101412 -23.092567 -14.000000
v -26.500000 -23.267950 -14.000000
v -26.500000 23.438263 -14.000000
v -26.030380 23.301631 -14.000000
v -25.543982 23.250352 -14.000000
v -25.056194 23.286048 -14.000000
v -24.582443 23.407590 -14.000000
v -24.137717 23.611134 -14.000000
v -23.736081 23.890240 -14.000000
v -23.390240 24.236081 -14.000000
v -23.111133 24.637717 -14.000000
v -22.907590 25.082443 -14.000000
v -22.786048 25.556194 -14.000000
v -22.750351 26.043982 -14.000000
v -22.801630 26.530380 -14.000000
v -24.000000 -25.000000 -14.000000
v -24.047125 -25.373035 -14.000000
v -24.185540 -25.722631 -14.000000
v -24.406547 -26.026821 -14.000000
v -24.696259 -26.266492 -14.000000
v -25.036474 -26.426585 -14.000000
v -25.405814 -26.497041 -14.000000
v -25.781072 -26.473431 -14.000000
v -26.138669 -26.357241 -14.000000
v -26.456136 -26.155770 -14.000000
v -26.713525 -25.881678 -14.000000
v -26.894664 -25.552187 -14.000000
v -26.988172 -25.188000 -14.000000
v -26.988172 -24.812001 -14.000000
v -26.894664 -24.447814 -14.000000
v -26.713525 -24.118323 -14.000000
v -26.456136 -23.844231 -14.000000
v -26.138669 -23.642760 -14.000000
v -25.781072 -23.526570 -14.000000
v -25.405814 -23.502960 -14.000000
v -25.036474 -23.573416 -14.000000
v -24.696259 -23.733509 -14.000000
v -24.406547 -23.973180 -14.000000
v -24.185540 -24.277370 -14.000000
v -24.047125 -24.626966 -14.000000
v 24.500000 -25.000000 -14.000000
v 24.452875 -25.373035 -14.000000
v 24.314460 -25.722631 -14.000000
v 24.093453 -26.026821 -14.000000
v 23.803741 -26.266492 -14.000000
v 23.463526 -26.426585 -14.000000
v 23.094186 -26.497041 -14.000000
v 22.718928 -26.473431 -14.000000
v 22.361331 -26.357241 -14.000000
v 22.043864 -26.155770 -14.000000
v 21.786475 -25.881678 -14.000000
v 21.605336 -25.552187 -14.000000
v 21.511828 -25.188000 -14.000000
v 21.511828 -24.812001 -14.000000
v 21.605336 -24.447814 -14.000000
v 21.786475 -24.118323 -14.000000
v 22.043864 -23.844231 -14.000000
v 22.361331 -23.642760 -14.000000
v 22.718928 -23.526570 -14.000000
v 23.094186 -23.502960 -14.000000
v 23.463526 -23.573416 -14.000000
v 23.803741 -23.733509 -14.000000
v 24.093453 -23.973180 -14.000000
v 24.314460 -24.277370 -14.000000
v 24.452875 -24.626966 -14.000000
v -26.500000 23.438263 -24.100000
v -26.030380 23.301631 -24.100000
v -25.543982 23.250352 -24.100000
v -25.056194 23.286048 -24.100000
v -24.582443 23.407590 -24.100000
v -24.137717 23.611134 -24.100000
v -23.736081 23.890240 -24.100000
v -23.390240 24.236081 -24.100000
v -23.111133 24.637717 -24.100000
v -22.907590 25.082443 -24.100000
v -22.786048 25.556194 -24.100000
v -22.750351 26.043982 -24.100000
v -22.801630 26.530380 -24.100000
v -26.500000 -23.267950 -24.100000
v 24.500000 -25.000000 -15.000000
v 24.452875 -25.373035 -15.000000
v 24.314460 -25.722631 -15.000000
v 24.093453 -26.026821 -15.000000
v 23.803741 -26.266492 -15.000000
v 23.463526 -26.426585 -15.000000
v 23.094186 -26.497040 -15.000000
v 22.718928 -26.473431 -15.000000
v 22.361331 -26.357241 -15.000000
v 22.043864 -26.155770 -15.000000
v 21.786475 -25.881678 -15.000000
v 21.605336 -25.552187 -15.000000
v 21.511828 -25.188000 -15.000000
v 21.511828 -24.812001 -15.000000
v 21.605336 -24.447814 -15.000000
v 21.786475 -24.118322 -15.000000
v 22.043864 -23.844231 -15.000000
v 22.361331 -23.642760 -15.000000
v 22.718928 -23.526569 -15.000000
v 23.094186 -23.502960 -15.000000
v 23.463526 -23.573416 -15.000000
v 23.803741 -23.733508 -15.000000
v 24.093453 -23.973180 -15.000000
v 24.314460 -24.277370 -15.000000
v 24.452875 -24.626966 -15.000000
v -24.000000 -25.000000 -15.000000
v -24.047126 -25.373035 -15.000000
v -24.185540 -25.722631 -15.000000
v -24.406547 -26.026821 -15.000000
v -24.696260 -26.266492 -15.000000
v -25.036475 -26.426585 -15.000000
v -25.405815 -26.497040 -15.000000
v -25.781072 -26.473431 -15.000000
v -26.138669 -26.357241 -15.000000
v -26.456136 -26.155770 -15.000000
v -26.713526 -25.881678 -15.000000
v -26.894665 -25.552187 -15.000000
v -26.988172 -25.188000 -15.000000
v -26.988172 -24.812001 -15.000000
v -26.894665 -24.447814 -15.000000
v -26.713526 -24.118322 -15.000000
v -26.456136 -23.844231 -15.000000
v -26.138669 -23.642760 -15.000000
v -25.781072 -23.526569 -15.000000
v -25.405815 -23.502960 -15.000000
v -25.036475 -23.573416 -15.000000
v -24.696260 -23.733508 -15.000000
v -24.406547 -23.973180 -15.000000
v -24.185540 -24.277370 -15.000000
v -24.047126 -24.626966 -15.000000
v 21.500000 -25.000000 -24.850000
v 21.547126 -24.626966 -24.850000
v 21.685540 -24.277370 -24.850000
v 21.906547 -23.973180 -24.850000
v 22.196260 -23.733508 -24.850000
v 22.536475 -23.573416 -24.850000
v 22.905815 -23.502960 -24.850000
v 23.281072 -23.526569 -24.850000
v 23.638669 -23.642760 -24.850000
v 23.956136 -23.844231 -24.850000
v 24.213526 -24.118322 -24.850000
v 24.394665 -24.447814 -24.850000
v 24.488172 -24.812001 -24.850000
v 24.488172 -25.188000 -24.850000
v 24.394665 -25.552187 -24.850000
v 24.213526 -25.881678 -24.850000
v 23.956136 -26.155770 -24.850000
v 23.638669 -26.357241 -24.850000
v 23.281072 -26.473431 -24.850000
v 22.905815 -26.497040 -24.850000
v 22.536475 -26.426585 -24.850000
v 22.196260 -26.266492 -24.850000
v 21.906547 -26.026821 -24.850000
v 21.685540 -25.722631 -24.850000
v 21.547126 -25.373035 -24.850000
v 21.500000 -25.000000 -19.925000
v 24.488172 -24.812001 -19.925000
v 24.488172 -25.188000 -19.925000
v 24.394665 -24.447814 -19.925000
v 24.213526 -24.118322 -19.925000
v 23.956136 -23.844231 -19.925000
v 23.638669 -23.642760 -19.925000
v 23.281072 -23.526569 -19.925000
v 22.905815 -23.502960 -19.925000
v 22.536475 -23.573416 -19.925000
v 22.196260 -23.733508 -19.925000
v 21.906547 -23.973180 -19.925000
v 21.685540 -24.277370 -19.925000
v 21.547126 -24.626966 -19.925000
v 21.547126 -25.373035 -19.925000
v 21.685540 -25.722631 -19.925000
v 21.906547 -26.026821 -19.925000
v 22.196260 -26.266492 -19.925000
v 22.536475 -26.426585 -19.925000
v 22.905815 -26.497040 -19.925000
v 23.281072 -26.473431 -19.925000
v 23.638669 -26.357241 -19.925000
v 23.956136 -26.155770 -19.925000
v 24.213526 -25.881678 -19.925000
v 24.394665 -25.552187 -19.925000
v -27.000000 -25.000000 -24.850000
v -26.952875 -24.626966 -24.850000
v -26.814460 -24.277370 -24.850000
v -26.593453 -23.973180 -24.850000
v -26.303741 -23.733508 -24.850000
v -25.963526 -23.573416 -24.850000
v -25.594186 -23.502960 -24.850000
v -25.218928 -23.526569 -24.850000
v -24.861331 -23.642760 -24.850000
v -24.543864 -23.844231 -24.850000
v -24.286475 -24.118322 -24.850000
v -24.105336 -24.447814 -24.850000
v -24.011828 -24.812001 -24.850000
v -24.011828 -25.188000 -24.850000
v -24.105336 -25.552187 -24.850000
v -24.286475 -25.881678 -24.850000
v -24.543864 -26.155770 -24.850000
v -24.861331 -26.357241 -24.850000
v -25.218928 -26.473431 -24.850000
v -25.594186 -26.497040 -24.850000
v -25.963526 -26.426585 -24.850000
v -26.303741 -26.266492 -24.850000
v -26.593453 -26.026821 -24.850000
v -26.814460 -25.722631 -24.850000
v -26.952875 -25.373035 -24.850000
v -27.000000 -25.000000 -19.925000
v -24.011828 -24.812001 -19.925000
v -24.011828 -25.188000 -19.925000
v -24.105336 -24.447814 -19.925000
v -24.286475 -24.118322 -19.925000
v -24.543864 -23.844231 -19.925000
v -24.861331 -23.642760 -19.925000
v -25.218928 -23.526569 -19.925000
v -25.594186 -23.502960 -19.925000
v -25.963526 -23.573416 -19.925000
v -26.303741 -23.733508 -19.925000
v -26.593453 -23.973180 -19.925000
v -26.814460 -24.277370 -19.925000
v -26.952875 -24.626966 -19.925000
v -26.952875 -25.373035 -19.925000
v -26.814460 -25.722631 -19.925000
v -26.593453 -26.026821 -19.925000
v -26.303741 -26.266492 -19.925000
v -25.963526 -26.426585 -19.925000
v -25.594186 -26.497040 -19.925000
v -25.218928 -26.473431 -19.925000
v -24.861331 -26.357241 -19.925000
v -24.543864 -26.155770 -19.925000
v -24.286475 -25.881678 -19.925000
v -24.105336 -25.552187 -19.925000
v -2.500000 -8.750000 -24.100000
v -2.304910 -8.554910 -24.080785
v -2.117317 -8.367317 -24.023880
v -1.944430 -8.194430 -23.931470
v -1.792893 -8.042893 -23.807107
v -1.668530 -7.918531 -23.655570
v -1.576120 -7.826121 -23.482683
v -1.519215 -7.769215 -23.295090
v -1.504815 -7.754815 -23.198017
v -1.500000 -7.750000 -23.100000
v -1.500000 -7.250000 -23.100000
v -1.504815 -7.245185 -23.198017
v -1.519215 -7.230785 -23.295090
v -1.576120 -7.173880 -23.482683
v -1.668530 -7.081470 -23.655570
v -1.792893 -6.957107 -23.807107
v -1.944430 -6.805570 -23.931470
v -2.117317 -6.632684 -24.023880
v -2.304910 -6.445091 -24.080785
v -2.500000 -6.250000 -24.100000
v -1.500000 -7.750000 -22.850000
v -1.500000 -7.250000 -22.850000
v 26.000000 -19.000000 -21.000000
v 26.000000 -10.400000 -21.000000
v 24.000000 -10.400000 -21.000000
v 24.000000 -19.000000 -21.000000
v 26.000000 -10.400000 -17.200000
v 24.000000 -10.400000 -17.200000
v 26.000000 -19.000000 -17.200000
v 24.000000 -19.000000 -17.200000
v 7.499999 -6.250000 -24.100000
v 6.499999 -7.250000 -23.100000
v 6.504814 -7.245185 -23.198017
v 6.519214 -7.230785 -23.295090
v 6.576120 -7.173880 -23.482683
v 6.668530 -7.081470 -23.655570
v 6.792892 -6.957107 -23.807107
v 6.944429 -6.805570 -23.931470
v 7.117316 -6.632684 -24.023880
v 7.304909 -6.445091 -24.080785
v 2.500000 -6.508819 -24.065926
v 2.500000 -6.750000 -23.966025
v 2.500000 -6.957107 -23.807107
v 2.500000 -7.116026 -23.600000
v 2.500000 -7.215926 -23.358819
v 7.499999 -8.750000 -24.100000
v 6.499999 -7.750000 -23.100000
v 6.504814 -7.754815 -23.198017
v 6.519214 -7.769215 -23.295090
v 6.576120 -7.826121 -23.482683
v 6.668530 -7.918531 -23.655570
v 6.792892 -8.042893 -23.807107
v 6.944429 -8.194430 -23.931470
v 7.117316 -8.367317 -24.023880
v 7.304909 -8.554910 -24.080785
v 2.500000 -7.883975 -23.600000
v 2.500000 -7.784074 -23.358819
v 2.500000 -8.042893 -23.807107
v 2.500000 -8.250000 -23.966025
v 2.500000 -8.491181 -24.065926
v -26.101412 -23.092567 -24.100000
v -25.674312 -23.007611 -24.100000
v -25.238948 -23.017111 -24.100000
v -24.815960 -23.120615 -24.100000
v -24.425401 -23.313217 -24.100000
v -24.085786 -23.585787 -24.100000
v -23.813217 -23.925401 -24.100000
v -23.620614 -24.315960 -24.100000
v -23.517110 -24.738948 -24.100000
v -23.507610 -25.174312 -24.100000
v -23.592566 -25.601412 -24.100000
v -23.767949 -26.000000 -24.100000
v 21.267950 -26.000000 -24.100000
v 21.092566 -25.601412 -24.100000
v 21.007611 -25.174312 -24.100000
v 21.017111 -24.738948 -24.100000
v 21.120615 -24.315960 -24.100000
v 21.313217 -23.925401 -24.100000
v 21.585787 -23.585787 -24.100000
v 21.925401 -23.313218 -24.100000
v 22.315960 -23.120615 -24.100000
v 22.738948 -23.017111 -24.100000
v 23.174312 -23.007611 -24.100000
v 23.601412 -23.092567 -24.100000
v 24.000000 -23.267950 -24.100000
v 6.499999 -7.250000 -22.850000
v 6.499999 -7.750000 -22.850000
v -4.472500 -26.000000 -22.082500
v -4.472500 -26.000000 -22.682500
v -4.428907 -26.000000 -23.014034
v -4.301094 -26.000000 -23.323029
v -4.097748 -26.000000 -23.588482
v -3.832693 -26.000000 -23.792345
v -3.523947 -26.000000 -23.920761
v -3.192500 -26.000000 -23.965001
v 3.192501 -26.000000 -23.965001
v 3.523948 -26.000000 -23.920761
v 3.832694 -26.000000 -23.792345
v 4.097749 -26.000000 -23.588482
v 4.301095 -26.000000 -23.323029
v 4.428908 -26.000000 -23.014034
v 4.472501 -26.000000 -22.682500
v 4.472501 -26.000000 -22.082500
v 4.440885 -26.000000 -21.797263
v 4.346516 -26.000000 -21.526238
v 4.194136 -26.000000 -21.283051
v 3.991406 -26.000000 -21.079924
v 3.748516 -26.000000 -20.927070
v 3.477676 -26.000000 -20.832172
v 3.192501 -26.000000 -20.800000
v -3.192500 -26.000000 -20.800000
v -3.477675 -26.000000 -20.832172
v -3.748515 -26.000000 -20.927070
v -3.991405 -26.000000 -21.079924
v -4.194135 -26.000000 -21.283051
v -4.346515 -26.000000 -21.526238
v -4.440884 -26.000000 -21.797263
v -4.472500 -28.000000 -22.082500
v -4.472500 -28.000000 -22.682500
v -4.428907 -28.000000 -23.014034
v -4.301094 -28.000000 -23.323029
v -4.097748 -28.000000 -23.588482
v -3.832693 -28.000000 -23.792345
v -3.523947 -28.000000 -23.920761
v -3.192500 -28.000000 -23.965001
v 3.192501 -28.000000 -23.965001
v 3.523948 -28.000000 -23.920761
v 3.832694 -28.000000 -23.792345
v 4.097749 -28.000000 -23.588482
v 4.301095 -28.000000 -23.323029
v 4.428908 -28.000000 -23.014034
v 4.472501 -28.000000 -22.682500
v 4.472501 -28.000000 -22.082500
v 4.440885 -28.000000 -21.797263
v 4.346516 -28.000000 -21.526238
v 4.194136 -28.000000 -21.283051
v 3.991406 -28.000000 -21.079924
v 3.748516 -28.000000 -20.927070
v 3.477676 -28.000000 -20.832172
v 3.192501 -28.000000 -20.800000
v -3.192500 -28.000000 -20.800000
v -3.477675 -28.000000 -20.832172
v -3.748515 -28.000000 -20.927070
v -3.991405 -28.000000 -21.079924
v -4.194135 -28.000000 -21.283051
v -4.346515 -28.000000 -21.526238
v -4.440884 -28.000000 -21.797263
v 20.250000 -25.000000 -26.100000
v 20.299696 -24.479559 -26.100000
v 20.446989 -23.977929 -26.100000
v 20.686553 -23.513238 -26.100000
v 21.009732 -23.102283 -26.100000
v 21.404844 -22.759917 -26.100000
v 21.857609 -22.498512 -26.100000
v 22.351663 -22.327519 -26.100000
v 22.869150 -22.253115 -26.100000
v 23.391366 -22.277991 -26.100000
v 23.899437 -22.401248 -26.100000
v 24.375000 -22.618431 -26.100000
v 24.800867 -22.921689 -26.100000
v 25.161646 -23.300063 -26.100000
v 25.444298 -23.739877 -26.100000
v 25.638606 -24.225236 -26.100000
v 25.737548 -24.738596 -26.100000
v 25.737548 -25.261405 -26.100000
v 25.638606 -25.774765 -26.100000
v 25.444298 -26.260123 -26.100000
v 25.161646 -26.699938 -26.100000
v 24.800867 -27.078312 -26.100000
v 24.375000 -27.381570 -26.100000
v 23.899437 -27.598753 -26.100000
v 23.391366 -27.722009 -26.100000
v 22.869150 -27.746886 -26.100000
v 22.351663 -27.672482 -26.100000
v 21.857609 -27.501488 -26.100000
v 21.404844 -27.240084 -26.100000
v 21.009732 -26.897718 -26.100000
v 20.686553 -26.486763 -26.100000
v 20.446989 -26.022072 -26.100000
v 20.299696 -25.520441 -26.100000
v -28.250000 -25.000000 -26.100000
v -28.200304 -24.479559 -26.100000
v -28.053011 -23.977929 -26.100000
v -27.813447 -23.513238 -26.100000
v -27.490268 -23.102283 -26.100000
v -27.095156 -22.759917 -26.100000
v -26.642391 -22.498512 -26.100000
v -26.148337 -22.327519 -26.100000
v -25.630850 -22.253115 -26.100000
v -25.108634 -22.277991 -26.100000
v -24.600563 -22.401248 -26.100000
v -24.125000 -22.618431 -26.100000
v -23.699133 -22.921689 -26.100000
v -23.338354 -23.300063 -26.100000
v -23.055702 -23.739877 -26.100000
v -22.861394 -24.225236 -26.100000
v -22.762452 -24.738596 -26.100000
v -22.762452 -25.261405 -26.100000
v -22.861394 -25.774765 -26.100000
v -23.055702 -26.260123 -26.100000
v -23.338354 -26.699938 -26.100000
v -23.699133 -27.078312 -26.100000
v -24.125000 -27.381570 -26.100000
v -24.600563 -27.598753 -26.100000
v -25.108634 -27.722009 -26.100000
v -25.630850 -27.746886 -26.100000
v -26.148337 -27.672482 -26.100000
v -26.642391 -27.501488 -26.100000
v -27.095156 -27.240084 -26.100000
v -27.490268 -26.897718 -26.100000
v -27.813447 -26.486763 -26.100000
v -28.053011 -26.022072 -26.100000
v -28.200304 -25.520441 -26.100000
v 26.000000 -25.000000 -26.100000
v 26.000000 26.000000 -26.100000
v 23.000000 -28.000000 -26.100000
v 23.520945 -27.954424 -26.100000
v 24.026061 -27.819078 -26.100000
v 24.500000 -27.598077 -26.100000
v 24.928363 -27.298134 -26.100000
v 25.298134 -26.928363 -26.100000
v 25.598077 -26.500000 -26.100000
v 25.819078 -26.026061 -26.100000
v 25.954424 -25.520945 -26.100000
v -25.500000 -28.000000 -26.100000
v -28.500000 -25.000000 -26.100000
v -28.454423 -25.520945 -26.100000
v -28.319077 -26.026061 -26.100000
v -28.098076 -26.500000 -26.100000
v -27.798133 -26.928363 -26.100000
v -27.428362 -27.298134 -26.100000
v -27.000000 -27.598077 -26.100000
v -26.526060 -27.819078 -26.100000
v -26.020944 -27.954424 -26.100000
v -28.500000 26.000000 -26.100000
v -28.454423 26.520945 -26.100000
v -28.319077 27.026061 -26.100000
v -28.098076 27.500000 -26.100000
v -27.798133 27.928363 -26.100000
v -27.428362 28.298134 -26.100000
v -27.000000 28.598077 -26.100000
v -26.526060 28.819078 -26.100000
v -26.020944 28.954424 -26.100000
v -25.500000 29.000000 -26.100000
v 23.000000 29.000000 -26.100000
v 23.520945 28.954424 -26.100000
v 24.026061 28.819078 -26.100000
v 24.500000 28.598077 -26.100000
v 24.928363 28.298134 -26.100000
v 25.298134 27.928363 -26.100000
v 25.598077 27.500000 -26.100000
v 25.819078 27.026061 -26.100000
v 25.954424 26.520945 -26.100000
vt -0.200000 0.287979 0.000000
vt -0.000000 0.287979 0.000000
vt -0.200000 0.314159 0.000000
vt -0.000000 0.314159 0.000000
vt -0.200000 -0.314159 0.000000
vt -0.000000 -0.314159 0.000000
vt -0.200000 -0.287979 0.000000
vt -0.000000 -0.287979 0.000000
vt -0.200000 -0.261799 0.000000
vt -0.000000 -0.261799 0.000000
vt -0.200000 -0.235619 0.000000
vt -0.000000 -0.235619 0.000000
vt -0.200000 -0.209440 0.000000
vt -0.000000 -0.209440 0.000000
vt -0.200000 -0.183260 0.000000
vt -0.000000 -0.183260 0.000000
vt -0.200000 -0.157080 0.000000
vt -0.000000 -0.157080 0.000000
vt -0.200000 -0.130900 0.000000
vt -0.000000 -0.130900 0.000000
vt -0.200000 -0.104720 0.000000
vt -0.000000 -0.104720 0.000000
vt -0.200000 -0.078540 0.000000
vt -0.000000 -0.078540 0.000000
vt -0.200000 -0.052360 0.000000
vt -0.000000 -0.052360 0.000000
vt -0.200000 -0.026180 0.000000
vt -0.000000 -0.026180 0.000000
vt -0.200000 0.000000 0.000000
vt -0.000000 0.000000 0.000000
vt -0.200000 0.026180 0.000000
vt -0.000000 0.026180 0.000000
vt -0.200000 0.052360 0.000000
vt -0.000000 0.052360 0.000000
vt -0.200000 0.078540 0.000000
vt -0.000000 0.078540 0.000000
vt -0.200000 0.104720 0.000000
vt -0.000000 0.104720 0.000000
vt -0.200000 0.130900 0.000000
vt -0.000000 0.130900 0.000000
vt -0.200000 0.157080 0.000000
vt -0.000000 0.157080 0.000000
vt -0.200000 0.183260 0.000000
vt -0.000000 0.183260 0.000000
vt -0.200000 0.209440 0.000000
vt -0.000000 0.209440 0.000000
vt -0.200000 0.235619 0.000000
vt -0.000000 0.235619 0.000000
vt -0.200000 0.261799 0.000000
vt -0.000000 0.261799 0.000000
vt -0.096593 -0.025882 0.000000
vt 0.096593 -0.025882 0.000000
vt -0.100000 0.000000 0.000000
vt 0.100000 0.000000 0.000000
vt -0.096593 0.025882 0.000000
vt 0.096593 0.025882 0.000000
vt -0.086603 0.050000 0.000000
vt 0.086603 0.050000 0.000000
vt -0.070711 0.070711 0.000000
vt 0.070711 0.070711 0.000000
vt -0.050000 0.086603 0.000000
vt 0.050000 0.086603 0.000000
vt -0.025882 0.096593 0.000000
vt 0.025882 0.096593 0.000000
vt 0.000000 0.100000 0.000000
vt 0.086603 -0.050000 0.000000
vt -0.086603 -0.050000 0.000000
vt 0.070711 -0.070711 0.000000
vt -0.070711 -0.070711 0.000000
vt 0.050000 -0.086603 0.000000
vt -0.050000 -0.086603 0.000000
vt 0.025882 -0.096593 0.000000
vt -0.025882 -0.096593 0.000000
vt 0.000000 -0.100000 0.000000
vt -0.200000 0.287979 0.000000
vt -0.000000 0.287979 0.000000
vt -0.200000 0.314159 0.000000
vt -0.000000 0.314159 0.000000
vt -0.200000 -0.314159 0.000000
vt -0.000000 -0.314159 0.000000
vt -0.200000 -0.287979 0.000000
vt -0.000000 -0.287979 0.000000
vt -0.200000 -0.261799 0.000000
vt -0.000000 -0.261799 0.000000
vt -0.200000 -0.235619 0.000000
vt -0.000000 -0.235619 0.000000
vt -0.200000 -0.209439 0.000000
vt -0.000000 -0.209439 0.000000
vt -0.200000 -0.183259 0.000000
vt -0.000000 -0.183259 0.000000
vt -0.200000 -0.157080 0.000000
vt -0.000000 -0.157080 0.000000
vt -0.200000 -0.130900 0.000000
vt -0.000000 -0.130900 0.000000
vt -0.200000 -0.104720 0.000000
vt -0.000000 -0.104720 0.000000
vt -0.200000 -0.078540 0.000000
vt -0.000000 -0.078540 0.000000
vt -0.200000 -0.052360 0.000000
vt -0.000000 -0.052360 0.000000
vt -0.200000 -0.026180 0.000000
vt -0.000000 -0.026180 0.000000
vt -0.200000 0.000000 0.000000
vt -0.000000 0.000000 0.000000
vt -0.200000 0.026180 0.000000
vt -0.000000 0.026180 0.000000
vt -0.200000 0.052360 0.000000
vt -0.000000 0.052360 0.000000
vt -0.200000 0.078540 0.000000
vt -0.000000 0.078540 0.000000
vt -0.200000 0.104720 0.000000
vt -0.000000 0.104720 0.000000
vt -0.200000 0.130900 0.000000
vt -0.000000 0.130900 0.000000
vt -0.200000 0.157080 0.000000
vt -0.000000 0.157080 0.000000
vt -0.200000 0.183259 0.000000
vt -0.000000 0.183259 0.000000
vt -0.200000 0.209439 0.000000
vt -0.000000 0.209439 0.000000
vt -0.200000 0.235619 0.000000
vt -0.000000 0.235619 0.000000
vt -0.200000 0.261799 0.000000
vt -0.000000 0.261799 0.000000
vt -0.096593 -0.025882 0.000000
vt 0.096593 -0.025882 0.000000
vt -0.100000 0.000000 0.000000
vt 0.100000 0.000000 0.000000
vt -0.096593 0.025882 0.000000
vt 0.096593 0.025882 0.000000
vt -0.086602 0.050000 0.000000
vt 0.086602 0.050000 0.000000
vt -0.070711 0.070711 0.000000
vt 0.070711 0.070711 0.000000
vt -0.050000 0.086602 0.000000
vt 0.050000 0.086602 0.000000
vt -0.025882 0.096593 0.000000
vt 0.025882 0.096593 0.000000
vt 0.000000 0.100000 0.000000
vt 0.086602 -0.050000 0.000000
vt -0.086602 -0.050000 0.000000
vt 0.070711 -0.070711 0.000000
vt -0.070711 -0.070711 0.000000
vt 0.050000 -0.086602 0.000000
vt -0.050000 -0.086602 0.000000
vt 0.025882 -0.096593 0.000000
vt -0.025882 -0.096593 0.000000
vt 0.000000 -0.100000 0.000000
vt -0.200000 -0.102346 0.000000
vt -0.200000 -0.053372 0.000000
vt -1.210000 -0.102346 0.000000
vt -1.210000 -0.053372 0.000000
vt -0.200000 -0.004398 0.000000
vt -1.210000 -0.004398 0.000000
vt -0.200000 0.044576 0.000000
vt -1.210000 0.044576 0.000000
vt -0.200000 0.093550 0.000000
vt -1.210000 0.093550 0.000000
vt -0.200000 0.142524 0.000000
vt -1.210000 0.142524 0.000000
vt -0.200000 0.191498 0.000000
vt -1.210000 0.191498 0.000000
vt -0.200000 0.240471 0.000000
vt -1.210000 0.240471 0.000000
vt -0.200000 0.289445 0.000000
vt -1.210000 0.289445 0.000000
vt -0.200000 0.338419 0.000000
vt -1.210000 0.338419 0.000000
vt -0.200000 0.387393 0.000000
vt -1.210000 0.387393 0.000000
vt -0.200000 0.436367 0.000000
vt -1.210000 0.436367 0.000000
vt -0.200000 0.485341 0.000000
vt -1.210000 0.485341 0.000000
vt -1.210000 0.534315 0.000000
vt -0.200000 0.534315 0.000000
vt 0.082969 0.950000 0.000000
vt 4.420621 0.950000 0.000000
vt 0.082969 1.960000 0.000000
vt 4.420621 1.960000 0.000000
vt 2.521593 2.524118 0.000000
vt 2.725000 2.550000 0.000000
vt 2.525000 2.550000 0.000000
vt 2.720442 2.602094 0.000000
vt 2.521593 2.575882 0.000000
vt 2.706908 2.652606 0.000000
vt 2.511603 2.600000 0.000000
vt 2.684808 2.700000 0.000000
vt 2.654813 2.742836 0.000000
vt 2.511603 2.500000 0.000000
vt 2.525000 2.293826 0.000000
vt 2.725000 -2.550000 0.000000
vt 2.525000 -2.376795 0.000000
vt 2.556446 -2.477737 0.000000
vt 2.534345 -2.447318 0.000000
vt 2.505374 -2.423351 0.000000
vt 2.471353 -2.407342 0.000000
vt 2.485141 -2.359257 0.000000
vt 2.442431 -2.350761 0.000000
vt 2.495711 2.479289 0.000000
vt 2.475000 2.463398 0.000000
vt 2.450882 2.453407 0.000000
vt 2.478038 2.280163 0.000000
vt 2.425000 2.450000 0.000000
vt 2.429398 2.275035 0.000000
vt 2.380619 2.278605 0.000000
vt 2.399118 2.453407 0.000000
vt 2.333244 2.290759 0.000000
vt 2.375000 2.463398 0.000000
vt 2.288772 2.311113 0.000000
vt 2.248608 2.339024 0.000000
vt 2.354289 2.479289 0.000000
vt 2.214024 2.373608 0.000000
vt 2.338397 2.500000 0.000000
vt 2.186113 2.413772 0.000000
vt 2.165759 2.458244 0.000000
vt 2.328407 2.524118 0.000000
vt 2.153605 2.505619 0.000000
vt 2.325000 2.550000 0.000000
vt 2.150035 2.554398 0.000000
vt 2.155163 2.603038 0.000000
vt 2.328407 2.575882 0.000000
vt 2.168826 2.650000 0.000000
vt 2.338397 2.600000 0.000000
vt 2.354289 2.620711 0.000000
vt 2.375000 2.636603 0.000000
vt 2.425000 2.850000 0.000000
vt -2.168826 2.650000 0.000000
vt -2.425000 2.850000 0.000000
vt -2.375000 2.636603 0.000000
vt -2.399118 2.646593 0.000000
vt -2.425000 2.650000 0.000000
vt -2.477094 2.845442 0.000000
vt -2.450882 2.646593 0.000000
vt -2.527606 2.831908 0.000000
vt -2.475000 2.636603 0.000000
vt -2.575000 2.809808 0.000000
vt -2.617836 2.779813 0.000000
vt 2.399118 2.646593 0.000000
vt 2.425000 2.650000 0.000000
vt 2.477094 2.845442 0.000000
vt 2.450882 2.646593 0.000000
vt 2.527606 2.831908 0.000000
vt 2.475000 2.636603 0.000000
vt 2.575000 2.809808 0.000000
vt 2.617836 2.779813 0.000000
vt 2.495711 2.620711 0.000000
vt -2.328407 2.524118 0.000000
vt -2.153605 2.505619 0.000000
vt -2.325000 2.550000 0.000000
vt -2.150035 2.554398 0.000000
vt -2.155163 2.603038 0.000000
vt -2.165759 2.458244 0.000000
vt -2.338398 2.500000 0.000000
vt -2.186113 2.413772 0.000000
vt -2.214024 2.373608 0.000000
vt -2.354289 2.479289 0.000000
vt -2.248608 2.339024 0.000000
vt -2.375000 2.463398 0.000000
vt -2.288772 2.311113 0.000000
vt -2.333244 2.290759 0.000000
vt -2.399118 2.453408 0.000000
vt -2.380619 2.278605 0.000000
vt -2.425000 2.450000 0.000000
vt -2.429398 2.275035 0.000000
vt -2.478038 2.280163 0.000000
vt -2.450882 2.453408 0.000000
vt -2.525000 2.293826 0.000000
vt -2.475000 2.463398 0.000000
vt -2.495711 2.479289 0.000000
vt -2.511602 2.500000 0.000000
vt -2.725000 2.550000 0.000000
vt -2.725000 -2.550000 0.000000
vt -2.521593 2.524118 0.000000
vt -2.525000 2.550000 0.000000
vt -2.720442 2.602094 0.000000
vt -2.521593 2.575882 0.000000
vt -2.706908 2.652606 0.000000
vt -2.511602 2.600000 0.000000
vt -2.684808 2.700000 0.000000
vt -2.654813 2.742836 0.000000
vt -2.495711 2.620711 0.000000
vt -2.354289 2.620711 0.000000
vt -2.338398 2.600000 0.000000
vt -2.328407 2.575882 0.000000
vt -2.720442 -2.602094 0.000000
vt -2.573817 -2.568800 0.000000
vt -2.573817 -2.531200 0.000000
vt -2.564466 -2.494781 0.000000
vt -2.706908 -2.652606 0.000000
vt -2.564466 -2.605219 0.000000
vt -2.684808 -2.700000 0.000000
vt -2.546353 -2.638168 0.000000
vt -2.654813 -2.742836 0.000000
vt -2.520614 -2.665577 0.000000
vt -2.617836 -2.779813 0.000000
vt -2.575000 -2.809808 0.000000
vt -2.488867 -2.685724 0.000000
vt -2.527606 -2.831908 0.000000
vt -2.453107 -2.697343 0.000000
vt -2.477094 -2.845442 0.000000
vt -2.425000 -2.850000 0.000000
vt 2.425000 -2.850000 0.000000
vt -2.251795 -2.650000 0.000000
vt -2.344626 -2.676649 0.000000
vt -2.378647 -2.692659 0.000000
vt 2.477094 -2.845442 0.000000
vt 2.434419 -2.699704 0.000000
vt 2.396893 -2.697343 0.000000
vt 2.361133 -2.685724 0.000000
vt 2.471353 -2.692659 0.000000
vt 2.527606 -2.831908 0.000000
vt 2.505374 -2.676649 0.000000
vt 2.575000 -2.809808 0.000000
vt 2.617836 -2.779813 0.000000
vt 2.534345 -2.652682 0.000000
vt 2.654813 -2.742836 0.000000
vt 2.556446 -2.622263 0.000000
vt 2.684808 -2.700000 0.000000
vt 2.706908 -2.652606 0.000000
vt 2.570287 -2.587304 0.000000
vt 2.720442 -2.602094 0.000000
vt 2.575000 -2.550000 0.000000
vt 2.570287 -2.512697 0.000000
vt 2.434419 -2.400296 0.000000
vt 2.398895 -2.351711 0.000000
vt 2.396893 -2.402657 0.000000
vt 2.356596 -2.362062 0.000000
vt 2.361133 -2.414276 0.000000
vt 2.317540 -2.381322 0.000000
vt 2.329386 -2.434423 0.000000
vt 2.283579 -2.408579 0.000000
vt 2.303647 -2.461832 0.000000
vt 2.256322 -2.442540 0.000000
vt 2.285534 -2.494781 0.000000
vt 2.237061 -2.481596 0.000000
vt 2.276183 -2.531200 0.000000
vt 2.226711 -2.523895 0.000000
vt 2.225761 -2.567431 0.000000
vt 2.276183 -2.568800 0.000000
vt 2.234257 -2.610141 0.000000
vt 2.285534 -2.605219 0.000000
vt 2.251795 -2.650000 0.000000
vt 2.303647 -2.638168 0.000000
vt 2.329386 -2.665577 0.000000
vt -2.234257 -2.610141 0.000000
vt -2.293554 -2.622263 0.000000
vt -2.315655 -2.652682 0.000000
vt -2.279713 -2.587304 0.000000
vt -2.225761 -2.567431 0.000000
vt -2.275000 -2.550000 0.000000
vt -2.226711 -2.523895 0.000000
vt -2.279713 -2.512697 0.000000
vt -2.237061 -2.481596 0.000000
vt -2.293554 -2.477737 0.000000
vt -2.256322 -2.442540 0.000000
vt -2.315655 -2.447318 0.000000
vt -2.283579 -2.408579 0.000000
vt -2.344626 -2.423351 0.000000
vt -2.317540 -2.381322 0.000000
vt -2.356596 -2.362061 0.000000
vt -2.378647 -2.407342 0.000000
vt -2.398895 -2.351711 0.000000
vt -2.415581 -2.400296 0.000000
vt -2.442431 -2.350761 0.000000
vt -2.453107 -2.402657 0.000000
vt -2.485141 -2.359257 0.000000
vt -2.488867 -2.414276 0.000000
vt -2.525000 -2.376795 0.000000
vt -2.520614 -2.434423 0.000000
vt -2.546353 -2.461832 0.000000
vt -2.415581 -2.699704 0.000000
vt -0.200000 0.329623 0.000000
vt -0.200000 0.378597 0.000000
vt -1.210000 0.329623 0.000000
vt -1.210000 0.378597 0.000000
vt -0.200000 0.427571 0.000000
vt -1.210000 0.427571 0.000000
vt -0.200000 0.476545 0.000000
vt -1.210000 0.476545 0.000000
vt -0.200000 0.525518 0.000000
vt -1.210000 0.525518 0.000000
vt -0.200000 0.574492 0.000000
vt -1.210000 0.574492 0.000000
vt -0.200000 0.623466 0.000000
vt -1.210000 0.623466 0.000000
vt -0.200000 0.672440 0.000000
vt -1.210000 0.672440 0.000000
vt -0.200000 0.721414 0.000000
vt -1.210000 0.721414 0.000000
vt -0.200000 0.770388 0.000000
vt -1.210000 0.770388 0.000000
vt -0.200000 0.819362 0.000000
vt -1.210000 0.819362 0.000000
vt -0.200000 0.868336 0.000000
vt -1.210000 0.868336 0.000000
vt -0.200000 0.917310 0.000000
vt -1.210000 0.917310 0.000000
vt -1.210000 0.966284 0.000000
vt -0.200000 0.966284 0.000000
vt 0.082969 0.950000 0.000000
vt 4.753590 0.950000 0.000000
vt 0.082969 1.960000 0.000000
vt 4.753590 1.960000 0.000000
vt -0.690000 0.433540 0.000000
vt -0.590000 0.471239 0.000000
vt -0.690000 0.471239 0.000000
vt -0.690000 -0.471239 0.000000
vt -0.590000 -0.471239 0.000000
vt -0.590000 -0.433540 0.000000
vt -0.690000 -0.433540 0.000000
vt -0.590000 -0.395841 0.000000
vt -0.690000 -0.395841 0.000000
vt -0.590000 -0.358142 0.000000
vt -0.690000 -0.358142 0.000000
vt -0.590000 -0.320442 0.000000
vt -0.690000 -0.320442 0.000000
vt -0.590000 -0.282743 0.000000
vt -0.690000 -0.282743 0.000000
vt -0.590000 -0.245044 0.000000
vt -0.690000 -0.245044 0.000000
vt -0.590000 -0.207345 0.000000
vt -0.690000 -0.207345 0.000000
vt -0.590000 -0.169646 0.000000
vt -0.690000 -0.169646 0.000000
vt -0.590000 -0.131947 0.000000
vt -0.690000 -0.131947 0.000000
vt -0.690000 -0.094248 0.000000
vt -0.590000 -0.094248 0.000000
vt -0.690000 -0.056549 0.000000
vt -0.590000 -0.056549 0.000000
vt -0.690000 -0.018850 0.000000
vt -0.590000 -0.018850 0.000000
vt -0.690000 0.018850 0.000000
vt -0.590000 0.018850 0.000000
vt -0.690000 0.056549 0.000000
vt -0.590000 0.056549 0.000000
vt -0.690000 0.094248 0.000000
vt -0.590000 0.094248 0.000000
vt -0.690000 0.131947 0.000000
vt -0.590000 0.131947 0.000000
vt -0.690000 0.169646 0.000000
vt -0.590000 0.169646 0.000000
vt -0.690000 0.207345 0.000000
vt -0.590000 0.207345 0.000000
vt -0.690000 0.245044 0.000000
vt -0.590000 0.245044 0.000000
vt -0.690000 0.282743 0.000000
vt -0.590000 0.282743 0.000000
vt -0.690000 0.320442 0.000000
vt -0.590000 0.320442 0.000000
vt -0.590000 0.358142 0.000000
vt -0.590000 0.433540 0.000000
vt -0.690000 0.395841 0.000000
vt -0.590000 0.395841 0.000000
vt -0.690000 0.358142 0.000000
vt -0.690000 0.433540 0.000000
vt -0.590000 0.433540 0.000000
vt -0.690000 0.471239 0.000000
vt -0.590000 0.471239 0.000000
vt -0.690000 -0.471239 0.000000
vt -0.590000 -0.471239 0.000000
vt -0.590000 -0.433540 0.000000
vt -0.590000 0.395841 0.000000
vt -0.690000 0.395841 0.000000
vt -0.590000 0.358142 0.000000
vt -0.690000 0.358142 0.000000
vt -0.590000 0.320442 0.000000
vt -0.690000 0.320442 0.000000
vt -0.590000 0.282743 0.000000
vt -0.690000 0.282743 0.000000
vt -0.590000 0.245044 0.000000
vt -0.690000 0.245044 0.000000
vt -0.590000 0.207345 0.000000
vt -0.690000 0.207345 0.000000
vt -0.590000 0.169646 0.000000
vt -0.690000 0.169646 0.000000
vt -0.590000 0.131947 0.000000
vt -0.690000 0.131947 0.000000
vt -0.590000 0.094248 0.000000
vt -0.690000 0.094248 0.000000
vt -0.590000 0.056549 0.000000
vt -0.690000 0.056549 0.000000
vt -0.590000 0.018850 0.000000
vt -0.690000 0.018850 0.000000
vt -0.590000 -0.018850 0.000000
vt -0.690000 -0.018850 0.000000
vt -0.690000 -0.056549 0.000000
vt -0.590000 -0.056549 0.000000
vt -0.690000 -0.094248 0.000000
vt -0.590000 -0.094248 0.000000
vt -0.690000 -0.131947 0.000000
vt -0.590000 -0.131947 0.000000
vt -0.690000 -0.169646 0.000000
vt -0.590000 -0.169646 0.000000
vt -0.690000 -0.207345 0.000000
vt -0.590000 -0.207345 0.000000
vt -0.690000 -0.245044 0.000000
vt -0.590000 -0.245044 0.000000
vt -0.690000 -0.282743 0.000000
vt -0.590000 -0.282743 0.000000
vt -0.690000 -0.320442 0.000000
vt -0.590000 -0.320442 0.000000
vt -0.690000 -0.358142 0.000000
vt -0.590000 -0.358142 0.000000
vt -0.690000 -0.395841 0.000000
vt -0.590000 -0.395841 0.000000
vt -0.690000 -0.433540 0.000000
vt -0.650000 -0.037699 0.000000
vt -0.157500 -0.018850 0.000000
vt -0.650000 0.000000 0.000000
vt -0.157500 0.018850 0.000000
vt -0.650000 0.037699 0.000000
vt -0.157500 0.056549 0.000000
vt -0.650000 0.075398 0.000000
vt -0.157500 0.094248 0.000000
vt -0.650000 0.113097 0.000000
vt -0.157500 0.131947 0.000000
vt -0.650000 0.150796 0.000000
vt -0.157500 0.169646 0.000000
vt -0.650000 0.188496 0.000000
vt -0.157500 0.207345 0.000000
vt -0.650000 0.226195 0.000000
vt -0.157500 0.245044 0.000000
vt -0.650000 0.263894 0.000000
vt -0.157500 0.282743 0.000000
vt -0.650000 0.301593 0.000000
vt -0.157500 0.320442 0.000000
vt -0.650000 0.339292 0.000000
vt -0.157500 0.358142 0.000000
vt -0.650000 0.376991 0.000000
vt -0.157500 0.395841 0.000000
vt -0.650000 0.414690 0.000000
vt -0.157500 0.433540 0.000000
vt -0.650000 0.452389 0.000000
vt -0.157500 0.471239 0.000000
vt -0.650000 0.490088 0.000000
vt -0.650000 -0.452389 0.000000
vt -0.157500 -0.471239 0.000000
vt -0.157500 -0.433540 0.000000
vt -0.650000 -0.414690 0.000000
vt -0.157500 -0.395841 0.000000
vt -0.650000 -0.376991 0.000000
vt -0.157500 -0.358142 0.000000
vt -0.650000 -0.339292 0.000000
vt -0.157500 -0.320442 0.000000
vt -0.650000 -0.301593 0.000000
vt -0.157500 -0.282743 0.000000
vt -0.650000 -0.263894 0.000000
vt -0.157500 -0.245044 0.000000
vt -0.650000 -0.226195 0.000000
vt -0.157500 -0.207345 0.000000
vt -0.650000 -0.188496 0.000000
vt -0.157500 -0.169646 0.000000
vt -0.650000 -0.150796 0.000000
vt -0.157500 -0.131947 0.000000
vt -0.650000 -0.113097 0.000000
vt -0.157500 -0.094248 0.000000
vt -0.650000 -0.075398 0.000000
vt -0.157500 -0.056549 0.000000
vt 0.335000 -0.433540 0.000000
vt 0.335000 -0.471239 0.000000
vt 0.335000 0.471239 0.000000
vt 0.335000 0.433540 0.000000
vt 0.335000 0.395841 0.000000
vt 0.335000 0.358142 0.000000
vt 0.335000 0.320442 0.000000
vt 0.335000 0.282743 0.000000
vt 0.335000 0.245044 0.000000
vt 0.335000 0.207345 0.000000
vt 0.335000 0.169646 0.000000
vt 0.335000 0.131947 0.000000
vt 0.335000 0.094248 0.000000
vt 0.335000 0.056549 0.000000
vt 0.335000 0.018850 0.000000
vt 0.335000 -0.018850 0.000000
vt 0.335000 -0.056549 0.000000
vt 0.335000 -0.094248 0.000000
vt 0.335000 -0.131947 0.000000
vt 0.335000 -0.169646 0.000000
vt 0.335000 -0.207345 0.000000
vt 0.335000 -0.245044 0.000000
vt 0.335000 -0.282743 0.000000
vt 0.335000 -0.320442 0.000000
vt 0.335000 -0.358142 0.000000
vt 0.335000 -0.395841 0.000000
vt -0.650000 -0.037699 0.000000
vt -0.157500 -0.018850 0.000000
vt -0.650000 0.000000 0.000000
vt -0.157500 0.018850 0.000000
vt -0.650000 0.037699 0.000000
vt -0.157500 0.056549 0.000000
vt -0.650000 0.075398 0.000000
vt -0.157500 0.094248 0.000000
vt -0.650000 0.113097 0.000000
vt -0.157500 0.131947 0.000000
vt -0.650000 0.150796 0.000000
vt -0.157500 0.169646 0.000000
vt -0.650000 0.188496 0.000000
vt -0.157500 0.207345 0.000000
vt -0.650000 0.226195 0.000000
vt -0.157500 0.245044 0.000000
vt -0.650000 0.263894 0.000000
vt -0.157500 0.282743 0.000000
vt -0.650000 0.301593 0.000000
vt -0.157500 0.320442 0.000000
vt -0.650000 0.339292 0.000000
vt -0.157500 0.358142 0.000000
vt -0.650000 0.376991 0.000000
vt -0.157500 0.395841 0.000000
vt -0.650000 0.414690 0.000000
vt -0.157500 0.433540 0.000000
vt -0.650000 0.452389 0.000000
vt -0.157500 0.471239 0.000000
vt -0.650000 0.490088 0.000000
vt -0.650000 -0.452389 0.000000
vt -0.157500 -0.471239 0.000000
vt -0.157500 -0.433540 0.000000
vt -0.650000 -0.414690 0.000000
vt -0.157500 -0.395841 0.000000
vt -0.650000 -0.376991 0.000000
vt -0.157500 -0.358142 0.000000
vt -0.650000 -0.339292 0.000000
vt -0.157500 -0.320442 0.000000
vt -0.650000 -0.301593 0.000000
vt -0.157500 -0.282743 0.000000
vt -0.650000 -0.263894 0.000000
vt -0.157500 -0.245044 0.000000
vt -0.650000 -0.226195 0.000000
vt -0.157500 -0.207345 0.000000
vt -0.650000 -0.188496 0.000000
vt -0.157500 -0.169646 0.000000
vt -0.650000 -0.150796 0.000000
vt -0.157500 -0.131947 0.000000
vt -0.650000 -0.113097 0.000000
vt -0.157500 -0.094248 0.000000
vt -0.650000 -0.075398 0.000000
vt -0.157500 -0.056549 0.000000
vt 0.335000 -0.433540 0.000000
vt 0.335000 -0.471239 0.000000
vt 0.335000 0.471239 0.000000
vt 0.335000 0.433540 0.000000
vt 0.335000 0.395841 0.000000
vt 0.335000 0.358142 0.000000
vt 0.335000 0.320442 0.000000
vt 0.335000 0.282743 0.000000
vt 0.335000 0.245044 0.000000
vt 0.335000 0.207345 0.000000
vt 0.335000 0.169646 0.000000
vt 0.335000 0.131947 0.000000
vt 0.335000 0.094248 0.000000
vt 0.335000 0.056549 0.000000
vt 0.335000 0.018850 0.000000
vt 0.335000 -0.018850 0.000000
vt 0.335000 -0.056549 0.000000
vt 0.335000 -0.094248 0.000000
vt 0.335000 -0.131947 0.000000
vt 0.335000 -0.169646 0.000000
vt 0.335000 -0.207345 0.000000
vt 0.335000 -0.245044 0.000000
vt 0.335000 -0.282743 0.000000
vt 0.335000 -0.320442 0.000000
vt 0.335000 -0.358142 0.000000
vt 0.335000 -0.395841 0.000000
vt 0.408750 0.078540 0.000000
vt 0.158750 0.078540 0.000000
vt 0.389241 0.058905 0.000000
vt 0.178259 0.058905 0.000000
vt 0.197018 0.039270 0.000000
vt 0.370482 0.039270 0.000000
vt 0.214307 0.019635 0.000000
vt 0.353193 0.019635 0.000000
vt 0.338039 -0.000000 0.000000
vt 0.229461 -0.000000 0.000000
vt 0.325603 -0.019635 0.000000
vt 0.241897 -0.019635 0.000000
vt 0.251138 -0.039270 0.000000
vt 0.316362 -0.039270 0.000000
vt 0.256829 -0.058905 0.000000
vt 0.310671 -0.058905 0.000000
vt 0.309232 -0.068722 0.000000
vt 0.258268 -0.068722 0.000000
vt 0.308750 -0.078540 0.000000
vt 0.258750 -0.078540 0.000000
vt 0.000000 0.200000 0.000000
vt 0.050000 0.200000 0.000000
vt 0.000000 0.225000 0.000000
vt 0.050000 0.225000 0.000000
vt -0.860000 0.000000 0.000000
vt 0.000000 0.000000 0.000000
vt -0.860000 0.200000 0.000000
vt -0.000000 0.200000 0.000000
vt -0.380000 0.000000 0.000000
vt 0.000000 0.000000 0.000000
vt -0.380000 0.200000 0.000000
vt -0.000000 0.200000 0.000000
vt -0.860000 0.000000 0.000000
vt -0.000000 0.000000 0.000000
vt -0.860000 0.200000 0.000000
vt -0.000000 0.200000 0.000000
vt -0.380000 0.000000 0.000000
vt -0.000000 0.000000 0.000000
vt -0.380000 0.200000 0.000000
vt -0.000000 0.200000 0.000000
vt 0.425000 0.078540 0.000000
vt -0.575000 0.078540 0.000000
vt 0.405491 0.058905 0.000000
vt -0.075000 0.052360 0.000000
vt 0.386732 0.039270 0.000000
vt -0.075000 0.026180 0.000000
vt 0.369443 0.019635 0.000000
vt -0.075000 -0.000000 0.000000
vt 0.354289 -0.000000 0.000000
vt 0.341853 -0.019635 0.000000
vt -0.075000 -0.026180 0.000000
vt 0.332612 -0.039270 0.000000
vt -0.075000 -0.052360 0.000000
vt 0.326921 -0.058905 0.000000
vt 0.325482 -0.068722 0.000000
vt -0.476921 -0.058905 0.000000
vt -0.475481 -0.068722 0.000000
vt -0.555491 0.058905 0.000000
vt -0.536732 0.039270 0.000000
vt -0.519443 0.019635 0.000000
vt -0.504289 -0.000000 0.000000
vt -0.491853 -0.019635 0.000000
vt -0.482612 -0.039270 0.000000
vt -0.475000 -0.078540 0.000000
vt 0.325000 -0.078540 0.000000
vt -0.183750 0.078540 0.000000
vt -0.433750 0.078540 0.000000
vt -0.203259 0.058905 0.000000
vt -0.414241 0.058905 0.000000
vt -0.395482 0.039270 0.000000
vt -0.222018 0.039270 0.000000
vt -0.378193 0.019635 0.000000
vt -0.239307 0.019635 0.000000
vt -0.254461 -0.000000 0.000000
vt -0.363039 -0.000000 0.000000
vt -0.266897 -0.019635 0.000000
vt -0.350603 -0.019635 0.000000
vt -0.341362 -0.039270 0.000000
vt -0.276138 -0.039270 0.000000
vt -0.335671 -0.058905 0.000000
vt -0.281829 -0.058905 0.000000
vt -0.283268 -0.068722 0.000000
vt -0.334232 -0.068722 0.000000
vt -0.283750 -0.078540 0.000000
vt -0.333750 -0.078540 0.000000
vt 0.075000 -0.078540 0.000000
vt 0.075481 -0.068722 0.000000
vt -0.725000 -0.078540 0.000000
vt -0.725481 -0.068722 0.000000
vt -0.726921 -0.058905 0.000000
vt -0.325000 -0.052360 0.000000
vt -0.732612 -0.039270 0.000000
vt -0.325000 -0.026180 0.000000
vt -0.741853 -0.019635 0.000000
vt -0.325000 -0.000000 0.000000
vt -0.754289 -0.000000 0.000000
vt -0.769443 0.019635 0.000000
vt -0.325000 0.026180 0.000000
vt -0.786732 0.039270 0.000000
vt -0.325000 0.052360 0.000000
vt -0.805491 0.058905 0.000000
vt -0.825000 0.078540 0.000000
vt 0.155491 0.058905 0.000000
vt 0.175000 0.078540 0.000000
vt 0.076921 -0.058905 0.000000
vt 0.082612 -0.039270 0.000000
vt 0.091853 -0.019635 0.000000
vt 0.104289 -0.000000 0.000000
vt 0.119443 0.019635 0.000000
vt 0.136732 0.039270 0.000000
vt 2.400000 -0.984295 0.000000
vt 2.400000 3.686326 0.000000
vt 2.360141 -0.966757 0.000000
vt 2.353038 3.672663 0.000000
vt 0.750000 0.717500 0.000000
vt 2.304398 3.667535 0.000000
vt 2.255619 3.671105 0.000000
vt 2.208244 3.683259 0.000000
vt 2.163772 3.703613 0.000000
vt 2.123608 3.731524 0.000000
vt 2.089024 3.766108 0.000000
vt 2.061113 3.806272 0.000000
vt -0.250000 0.717500 0.000000
vt 2.040759 3.850744 0.000000
vt -2.290759 3.850744 0.000000
vt 2.028605 3.898119 0.000000
vt -2.278605 3.898119 0.000000
vt 2.025035 3.946898 0.000000
vt -2.275035 3.946898 0.000000
vt -2.280163 3.995538 0.000000
vt 2.030163 3.995538 0.000000
vt -2.293826 4.042500 0.000000
vt 2.043826 4.042500 0.000000
vt -2.311113 3.806272 0.000000
vt -2.339024 3.766108 0.000000
vt -2.373608 3.731524 0.000000
vt -2.413772 3.703613 0.000000
vt -2.458244 3.683259 0.000000
vt -2.505619 3.671105 0.000000
vt -2.523895 -0.959211 0.000000
vt -2.554398 3.667535 0.000000
vt -2.567431 -0.958261 0.000000
vt -2.603038 3.672663 0.000000
vt -2.610141 -0.966757 0.000000
vt -2.650000 3.686326 0.000000
vt -2.650000 -0.984295 0.000000
vt -2.481596 -0.969561 0.000000
vt -0.250000 0.467500 0.000000
vt -2.442540 -0.988822 0.000000
vt -2.408579 -1.016079 0.000000
vt -2.381322 -1.050040 0.000000
vt -2.362061 -1.089096 0.000000
vt -2.351711 -1.131395 0.000000
vt -2.350761 -1.174931 0.000000
vt -2.359256 -1.217641 0.000000
vt 2.109257 -1.217641 0.000000
vt -2.376795 -1.257500 0.000000
vt 2.126795 -1.257500 0.000000
vt 2.100761 -1.174931 0.000000
vt 0.750000 0.467500 0.000000
vt 2.101711 -1.131395 0.000000
vt 2.112062 -1.089096 0.000000
vt 2.131322 -1.050040 0.000000
vt 2.158579 -1.016079 0.000000
vt 2.192540 -0.988822 0.000000
vt 2.231596 -0.969561 0.000000
vt 2.273895 -0.959211 0.000000
vt 2.317431 -0.958261 0.000000
vt -0.000000 0.200000 0.000000
vt 0.800000 0.200000 0.000000
vt -0.000000 0.225000 0.000000
vt 0.800000 0.225000 0.000000
vt 0.000000 0.200000 0.000000
vt 0.050000 0.200000 0.000000
vt 0.000000 0.225000 0.000000
vt 0.050000 0.225000 0.000000
vt 0.000000 0.200000 0.000000
vt 0.800000 0.200000 0.000000
vt 0.000000 0.225000 0.000000
vt 0.800000 0.225000 0.000000
vt -0.150000 0.542500 0.000000
vt 0.650000 0.542500 0.000000
vt -0.150000 0.592500 0.000000
vt 0.650000 0.592500 0.000000
vt -0.000000 0.950000 0.000000
vt 4.670621 0.950000 0.000000
vt 1.286795 1.270000 0.000000
vt 4.670621 1.960000 0.000000
vt 1.286795 1.650000 0.000000
vt 0.000000 1.960000 0.000000
vt 0.426795 1.650000 0.000000
vt 0.426795 1.270000 0.000000
vt -0.950000 -0.209440 0.000000
vt -1.960000 -0.209440 0.000000
vt -0.950000 -0.253073 0.000000
vt -1.960000 -0.253073 0.000000
vt -0.950000 -0.296706 0.000000
vt -1.960000 -0.296706 0.000000
vt -0.950000 -0.340339 0.000000
vt -1.960000 -0.340339 0.000000
vt -0.950000 -0.383972 0.000000
vt -1.960000 -0.383972 0.000000
vt -0.950000 -0.427606 0.000000
vt -1.960000 -0.427606 0.000000
vt -0.950000 -0.471239 0.000000
vt -1.960000 -0.471239 0.000000
vt -0.950000 -0.514872 0.000000
vt -1.960000 -0.514872 0.000000
vt -0.950000 -0.558505 0.000000
vt -1.960000 -0.558505 0.000000
vt -0.950000 -0.602139 0.000000
vt -1.960000 -0.602139 0.000000
vt -0.950000 -0.645772 0.000000
vt -1.960000 -0.645772 0.000000
vt -0.950000 -0.689405 0.000000
vt -1.960000 -0.689405 0.000000
vt -0.950000 -0.733038 0.000000
vt -1.960000 -0.733038 0.000000
vt 0.000000 1.960000 0.000000
vt 2.057545 1.946500 0.000000
vt 4.503590 1.960000 0.000000
vt 2.696045 1.946500 0.000000
vt 2.729190 1.942076 0.000000
vt -0.000000 0.950000 0.000000
vt 2.001943 1.642707 0.000000
vt 1.977654 1.657992 0.000000
vt 1.957381 1.678305 0.000000
vt 4.503590 0.950000 0.000000
vt 2.057545 1.630000 0.000000
vt 2.029027 1.633217 0.000000
vt 2.751646 1.642707 0.000000
vt 2.724562 1.633217 0.000000
vt 2.696045 1.630000 0.000000
vt 1.932706 1.729726 0.000000
vt 1.929545 1.758250 0.000000
vt 1.929545 1.818250 0.000000
vt 1.933904 1.851403 0.000000
vt 1.946686 1.882303 0.000000
vt 1.967020 1.908848 0.000000
vt 1.993526 1.929235 0.000000
vt 2.024400 1.942076 0.000000
vt 2.760064 1.929235 0.000000
vt 2.786570 1.908848 0.000000
vt 2.806904 1.882303 0.000000
vt 2.819686 1.851403 0.000000
vt 2.824045 1.818250 0.000000
vt 2.824045 1.758250 0.000000
vt 2.820883 1.729726 0.000000
vt 2.811446 1.702624 0.000000
vt 2.796208 1.678305 0.000000
vt 2.775935 1.657992 0.000000
vt 1.942143 1.702624 0.000000
vt -0.060000 0.000000 0.000000
vt -0.000000 0.000000 0.000000
vt -0.060000 0.200000 0.000000
vt -0.000000 0.200000 0.000000
vt 0.000000 -0.033534 0.000000
vt 0.200000 0.000000 0.000000
vt 0.200000 -0.033534 0.000000
vt 0.200000 -0.067068 0.000000
vt 0.000000 -0.067068 0.000000
vt 0.200000 -0.100602 0.000000
vt 0.000000 -0.100602 0.000000
vt 0.200000 -0.134137 0.000000
vt 0.000000 -0.134137 0.000000
vt 0.200000 -0.167671 0.000000
vt 0.000000 -0.167671 0.000000
vt 0.200000 -0.201205 0.000000
vt 0.000000 -0.201205 0.000000
vt -0.638500 0.000000 0.000000
vt 0.000000 0.000000 0.000000
vt -0.638500 0.200000 0.000000
vt 0.000000 0.200000 0.000000
vt 0.000000 -0.033534 0.000000
vt 0.200000 0.000000 0.000000
vt 0.200000 -0.033534 0.000000
vt 0.200000 -0.067068 0.000000
vt 0.000000 -0.067068 0.000000
vt 0.200000 -0.100602 0.000000
vt 0.000000 -0.100602 0.000000
vt 0.200000 -0.134137 0.000000
vt 0.000000 -0.134137 0.000000
vt 0.200000 -0.167671 0.000000
vt 0.000000 -0.167671 0.000000
vt 0.200000 -0.201205 0.000000
vt 0.000000 -0.201205 0.000000
vt -0.060000 0.000000 0.000000
vt -0.000000 0.000000 0.000000
vt -0.060000 0.200000 0.000000
vt -0.000000 0.200000 0.000000
vt 0.000000 -0.028759 0.000000
vt 0.200000 0.000000 0.000000
vt 0.200000 -0.028759 0.000000
vt 0.000000 -0.057518 0.000000
vt 0.200000 -0.057518 0.000000
vt 0.000000 -0.086277 0.000000
vt 0.200000 -0.086277 0.000000
vt 0.000000 -0.115035 0.000000
vt 0.200000 -0.115035 0.000000
vt 0.000000 -0.143794 0.000000
vt 0.200000 -0.143794 0.000000
vt 0.000000 -0.172553 0.000000
vt 0.200000 -0.172553 0.000000
vt 0.200000 -0.201312 0.000000
vt 0.000000 -0.201312 0.000000
vt -0.638500 0.000000 0.000000
vt -0.000000 0.000000 0.000000
vt -0.638500 0.200000 0.000000
vt -0.000000 0.200000 0.000000
vt 0.000000 -0.028759 0.000000
vt 0.200000 0.000000 0.000000
vt 0.200000 -0.028759 0.000000
vt 0.000000 -0.057518 0.000000
vt 0.200000 -0.057518 0.000000
vt 0.000000 -0.086277 0.000000
vt 0.200000 -0.086277 0.000000
vt 0.000000 -0.115035 0.000000
vt 0.200000 -0.115035 0.000000
vt 0.000000 -0.143794 0.000000
vt 0.200000 -0.143794 0.000000
vt 0.000000 -0.172553 0.000000
vt 0.200000 -0.172553 0.000000
vt 0.200000 -0.201312 0.000000
vt 0.000000 -0.201312 0.000000
vt 0.079550 0.053407 0.000000
vt -0.097227 0.040460 0.000000
vt 0.079550 -0.000000 0.000000
vt -0.097227 -0.000000 0.000000
vt -0.097227 -0.040460 0.000000
vt -0.097227 0.080920 0.000000
vt 0.079550 0.106814 0.000000
vt -0.097227 0.121380 0.000000
vt 0.079550 0.160221 0.000000
vt -0.097227 0.161840 0.000000
vt -0.097227 0.202300 0.000000
vt 0.079550 0.213628 0.000000
vt -0.097227 0.242759 0.000000
vt 0.079550 0.267035 0.000000
vt -0.097227 0.283219 0.000000
vt 0.079550 0.320442 0.000000
vt -0.097227 0.323679 0.000000
vt -0.097227 0.364139 0.000000
vt 0.079550 0.373850 0.000000
vt -0.097227 0.404599 0.000000
vt 0.079550 0.427257 0.000000
vt -0.097227 0.445059 0.000000
vt 0.079550 0.480664 0.000000
vt -0.097227 0.485519 0.000000
vt -0.097227 0.525979 0.000000
vt 0.079550 0.534071 0.000000
vt -0.097227 0.566439 0.000000
vt 0.079550 0.587478 0.000000
vt -0.097227 0.606899 0.000000
vt 0.079550 0.640885 0.000000
vt -0.097227 0.647358 0.000000
vt -0.097227 0.687818 0.000000
vt 0.079550 0.694292 0.000000
vt -0.097227 -0.647358 0.000000
vt 0.079550 -0.640885 0.000000
vt -0.097227 -0.606899 0.000000
vt 0.079550 -0.587478 0.000000
vt -0.097227 -0.566439 0.000000
vt 0.079550 -0.534071 0.000000
vt -0.097227 -0.525979 0.000000
vt 0.079550 -0.480664 0.000000
vt -0.097227 -0.485519 0.000000
vt -0.097227 -0.445059 0.000000
vt 0.079550 -0.427257 0.000000
vt -0.097227 -0.404599 0.000000
vt 0.079550 -0.373850 0.000000
vt -0.097227 -0.364139 0.000000
vt 0.079550 -0.320442 0.000000
vt -0.097227 -0.323679 0.000000
vt -0.097227 -0.283219 0.000000
vt 0.079550 -0.267035 0.000000
vt -0.097227 -0.242759 0.000000
vt 0.079550 -0.213628 0.000000
vt -0.097227 -0.202300 0.000000
vt 0.079550 -0.160221 0.000000
vt -0.097227 -0.161840 0.000000
vt -0.097227 -0.121380 0.000000
vt 0.079550 -0.106814 0.000000
vt -0.097227 -0.080920 0.000000
vt 0.079550 -0.053407 0.000000
vt 0.079549 0.053407 0.000000
vt -0.097227 0.040460 0.000000
vt 0.079549 -0.000000 0.000000
vt -0.097227 -0.000000 0.000000
vt -0.097227 -0.040460 0.000000
vt -0.097227 0.080920 0.000000
vt 0.079549 0.106814 0.000000
vt -0.097227 0.121380 0.000000
vt 0.079549 0.160221 0.000000
vt -0.097227 0.161840 0.000000
vt -0.097227 0.202300 0.000000
vt 0.079549 0.213628 0.000000
vt -0.097227 0.242759 0.000000
vt 0.079549 0.267035 0.000000
vt -0.097227 0.283219 0.000000
vt 0.079550 0.320442 0.000000
vt -0.097227 0.323679 0.000000
vt -0.097227 0.364139 0.000000
vt 0.079550 0.373849 0.000000
vt -0.097227 0.404599 0.000000
vt 0.079550 0.427256 0.000000
vt -0.097227 0.445059 0.000000
vt 0.079550 0.480664 0.000000
vt -0.097227 0.485519 0.000000
vt -0.097227 0.525979 0.000000
vt 0.079550 0.534071 0.000000
vt -0.097227 0.566439 0.000000
vt 0.079550 0.587478 0.000000
vt -0.097227 0.606899 0.000000
vt 0.079550 0.640885 0.000000
vt -0.097227 0.647358 0.000000
vt -0.097227 0.687818 0.000000
vt 0.079550 0.694292 0.000000
vt -0.097227 -0.647358 0.000000
vt 0.079550 -0.640885 0.000000
vt -0.097227 -0.606899 0.000000
vt 0.079550 -0.587478 0.000000
vt -0.097227 -0.566439 0.000000
vt 0.079550 -0.534071 0.000000
vt -0.097227 -0.525979 0.000000
vt 0.079550 -0.480664 0.000000
vt -0.097227 -0.485519 0.000000
vt -0.097227 -0.445059 0.000000
vt 0.079550 -0.427256 0.000000
vt -0.097227 -0.404599 0.000000
vt 0.079550 -0.373849 0.000000
vt -0.097227 -0.364139 0.000000
vt 0.079550 -0.320442 0.000000
vt -0.097227 -0.323679 0.000000
vt -0.097227 -0.283219 0.000000
vt 0.079549 -0.267035 0.000000
vt -0.097227 -0.242759 0.000000
vt 0.079549 -0.213628 0.000000
vt -0.097227 -0.202300 0.000000
vt 0.079549 -0.160221 0.000000
vt -0.097227 -0.161840 0.000000
vt -0.097227 -0.121380 0.000000
vt 0.079549 -0.106814 0.000000
vt -0.097227 -0.080920 0.000000
vt 0.079549 -0.053407 0.000000
vt -0.950000 0.104720 0.000000
vt -1.960000 0.104720 0.000000
vt -0.950000 0.061087 0.000000
vt -1.960000 0.061087 0.000000
vt -0.950000 0.017453 0.000000
vt -1.960000 0.017453 0.000000
vt -0.950000 -0.026180 0.000000
vt -1.960000 -0.026180 0.000000
vt -0.950000 -0.069813 0.000000
vt -1.960000 -0.069813 0.000000
vt -0.950000 -0.113446 0.000000
vt -1.960000 -0.113446 0.000000
vt -0.950000 -0.157080 0.000000
vt -1.960000 -0.157080 0.000000
vt -0.950000 -0.200713 0.000000
vt -1.960000 -0.200713 0.000000
vt -0.950000 -0.244346 0.000000
vt -1.960000 -0.244346 0.000000
vt -0.950000 -0.287979 0.000000
vt -1.960000 -0.287979 0.000000
vt -0.950000 -0.331613 0.000000
vt -1.960000 -0.331613 0.000000
vt -0.950000 -0.375246 0.000000
vt -1.960000 -0.375246 0.000000
vt -0.950000 -0.418879 0.000000
vt -1.960000 -0.418879 0.000000
vt 4.500000 1.650000 0.000000
vt 5.100000 2.160000 0.000000
vt 3.640000 1.650000 0.000000
vt 0.000000 2.160000 0.000000
vt 0.000000 0.950000 0.000000
vt 5.100000 0.950000 0.000000
vt 4.500000 1.270000 0.000000
vt 3.640000 1.270000 0.000000
vt -0.950000 0.000000 0.000000
vt -2.160000 0.000000 0.000000
vt -0.950000 -0.052360 0.000000
vt -2.160000 -0.052360 0.000000
vt -0.950000 -0.104720 0.000000
vt -2.160000 -0.104720 0.000000
vt -0.950000 -0.157080 0.000000
vt -2.160000 -0.157080 0.000000
vt -0.950000 -0.209440 0.000000
vt -2.160000 -0.209440 0.000000
vt -0.950000 -0.261799 0.000000
vt -2.160000 -0.261799 0.000000
vt -0.950000 -0.314159 0.000000
vt -2.160000 -0.314159 0.000000
vt -0.950000 -0.366519 0.000000
vt -2.160000 -0.366519 0.000000
vt -0.950000 -0.418879 0.000000
vt -2.160000 -0.418879 0.000000
vt -0.950000 -0.471239 0.000000
vt -2.160000 -0.471239 0.000000
vt 2.742891 1.851403 0.000000
vt 2.747250 1.818250 0.000000
vt 4.850000 2.160000 0.000000
vt 2.747250 1.758250 0.000000
vt 2.744088 1.729726 0.000000
vt 2.734652 1.702624 0.000000
vt 2.719414 1.678305 0.000000
vt 4.850000 0.950000 0.000000
vt 2.699141 1.657992 0.000000
vt 2.674852 1.642707 0.000000
vt 2.647768 1.633217 0.000000
vt 2.619250 1.630000 0.000000
vt 0.000000 0.950000 0.000000
vt 1.980750 1.630000 0.000000
vt 1.952232 1.633217 0.000000
vt 1.925148 1.642707 0.000000
vt 1.900859 1.657992 0.000000
vt 1.880586 1.678305 0.000000
vt 0.000000 2.160000 0.000000
vt 1.865348 1.702624 0.000000
vt 1.855911 1.729726 0.000000
vt 1.852750 1.758250 0.000000
vt 1.852750 1.818250 0.000000
vt 1.857109 1.851403 0.000000
vt 1.869891 1.882303 0.000000
vt 1.890225 1.908848 0.000000
vt 1.916731 1.929235 0.000000
vt 1.947605 1.942076 0.000000
vt 1.980750 1.946500 0.000000
vt 2.619250 1.946500 0.000000
vt 2.652395 1.942076 0.000000
vt 2.683269 1.929235 0.000000
vt 2.709775 1.908848 0.000000
vt 2.730109 1.882303 0.000000
vt -0.950000 -0.000000 0.000000
vt -2.160000 0.000000 0.000000
vt -0.950000 -0.052360 0.000000
vt -2.160000 -0.052360 0.000000
vt -0.950000 -0.104720 0.000000
vt -2.160000 -0.104720 0.000000
vt -0.950000 -0.157080 0.000000
vt -2.160000 -0.157080 0.000000
vt -0.950000 -0.209440 0.000000
vt -2.160000 -0.209440 0.000000
vt -0.950000 -0.261799 0.000000
vt -2.160000 -0.261799 0.000000
vt -0.950000 -0.314159 0.000000
vt -2.160000 -0.314159 0.000000
vt -0.950000 -0.366519 0.000000
vt -2.160000 -0.366519 0.000000
vt -0.950000 -0.418879 0.000000
vt -2.160000 -0.418879 0.000000
vt -0.950000 -0.471239 0.000000
vt -2.160000 -0.471239 0.000000
vt 5.100000 2.160000 0.000000
vt 0.000000 2.160000 0.000000
vt 5.100000 0.950000 0.000000
vt -0.000000 0.950000 0.000000
vt -2.154970 -2.602044 0.000000
vt 2.151245 -2.576140 0.000000
vt -2.150000 -2.550000 0.000000
vt 2.151245 -2.523860 0.000000
vt -2.154970 -2.497956 0.000000
vt 2.161139 -2.472524 0.000000
vt -2.169699 -2.447793 0.000000
vt 2.180570 -2.423988 0.000000
vt -2.193655 -2.401324 0.000000
vt 2.208835 -2.380006 0.000000
vt -2.225973 -2.360228 0.000000
vt 2.244913 -2.342169 0.000000
vt -2.425000 2.850000 0.000000
vt 2.425000 2.850000 0.000000
vt 2.725000 2.550000 0.000000
vt 2.477094 2.845442 0.000000
vt 2.527606 2.831908 0.000000
vt 2.575000 2.809808 0.000000
vt 2.617836 2.779813 0.000000
vt 2.654813 2.742836 0.000000
vt 2.684808 2.700000 0.000000
vt 2.706908 2.652606 0.000000
vt 2.720442 2.602094 0.000000
vt 2.161139 -2.627476 0.000000
vt -2.169699 -2.652207 0.000000
vt 2.180570 -2.676012 0.000000
vt -2.193655 -2.698676 0.000000
vt 2.208835 -2.719994 0.000000
vt -2.225973 -2.739772 0.000000
vt 2.244913 -2.757831 0.000000
vt -2.265484 -2.774008 0.000000
vt 2.287500 -2.788157 0.000000
vt -2.310761 -2.800149 0.000000
vt 2.335056 -2.809875 0.000000
vt 2.425000 -2.850000 0.000000
vt 2.385863 -2.822201 0.000000
vt 2.438085 -2.824689 0.000000
vt 2.477094 -2.845442 0.000000
vt 2.489834 -2.817248 0.000000
vt 2.527606 -2.831908 0.000000
vt 2.539239 -2.800149 0.000000
vt 2.575000 -2.809808 0.000000
vt 2.584516 -2.774008 0.000000
vt 2.617836 -2.779813 0.000000
vt 2.624027 -2.739772 0.000000
vt 2.654813 -2.742836 0.000000
vt 2.656345 -2.698676 0.000000
vt 2.684808 -2.700000 0.000000
vt 2.680301 -2.652207 0.000000
vt 2.706908 -2.652606 0.000000
vt 2.695030 -2.602044 0.000000
vt 2.720442 -2.602094 0.000000
vt 2.700000 -2.550000 0.000000
vt 2.725000 -2.550000 0.000000
vt 2.695030 -2.497956 0.000000
vt 2.680301 -2.447793 0.000000
vt 2.656345 -2.401324 0.000000
vt 2.624027 -2.360228 0.000000
vt 2.584516 -2.325992 0.000000
vt 2.539239 -2.299851 0.000000
vt 2.489834 -2.282752 0.000000
vt 2.438085 -2.275312 0.000000
vt 2.385863 -2.277799 0.000000
vt 2.335056 -2.290125 0.000000
vt 2.287500 -2.311843 0.000000
vt -2.425000 -2.850000 0.000000
vt -2.360166 -2.817248 0.000000
vt -2.411915 -2.824689 0.000000
vt -2.464137 -2.822201 0.000000
vt -2.477094 -2.845442 0.000000
vt -2.514944 -2.809875 0.000000
vt -2.527606 -2.831908 0.000000
vt -2.562500 -2.788157 0.000000
vt -2.575000 -2.809808 0.000000
vt -2.617836 -2.779813 0.000000
vt -2.605087 -2.757831 0.000000
vt -2.654813 -2.742836 0.000000
vt -2.641165 -2.719994 0.000000
vt -2.684808 -2.700000 0.000000
vt -2.669430 -2.676012 0.000000
vt -2.706908 -2.652606 0.000000
vt -2.688861 -2.627476 0.000000
vt -2.720442 -2.602094 0.000000
vt -2.698755 -2.576140 0.000000
vt -2.725000 -2.550000 0.000000
vt -2.698755 -2.523860 0.000000
vt -2.688861 -2.472524 0.000000
vt -2.669430 -2.423988 0.000000
vt -2.725000 2.550000 0.000000
vt -2.641165 -2.380006 0.000000
vt -2.605087 -2.342169 0.000000
vt -2.562500 -2.311843 0.000000
vt -2.514944 -2.290125 0.000000
vt -2.464137 -2.277799 0.000000
vt -2.411915 -2.275312 0.000000
vt -2.360166 -2.282752 0.000000
vt -2.310761 -2.299851 0.000000
vt -2.265484 -2.325992 0.000000
vt -2.477094 2.845442 0.000000
vt -2.527606 2.831908 0.000000
vt -2.575000 2.809808 0.000000
vt -2.617836 2.779813 0.000000
vt -2.654813 2.742836 0.000000
vt -2.684808 2.700000 0.000000
vt -2.706908 2.652606 0.000000
vt -2.720442 2.602094 0.000000
vt -0.950000 0.000000 0.000000
vt -2.160000 0.000000 0.000000
vt -0.950000 -0.052360 0.000000
vt -2.160000 -0.052360 0.000000
vt -0.950000 -0.104720 0.000000
vt -2.160000 -0.104720 0.000000
vt -0.950000 -0.157080 0.000000
vt -2.160000 -0.157080 0.000000
vt -0.950000 -0.209440 0.000000
vt -2.160000 -0.209440 0.000000
vt -0.950000 -0.261799 0.000000
vt -2.160000 -0.261799 0.000000
vt -0.950000 -0.314159 0.000000
vt -2.160000 -0.314159 0.000000
vt -0.950000 -0.366519 0.000000
vt -2.160000 -0.366519 0.000000
vt -0.950000 -0.418879 0.000000
vt -2.160000 -0.418879 0.000000
vt -0.950000 -0.471239 0.000000
vt -2.160000 -0.471239 0.000000
vt 4.850000 2.160000 0.000000
vt 0.000000 2.160000 0.000000
vt 4.850000 0.950000 0.000000
vt 0.000000 0.950000 0.000000
vt -0.950000 0.000000 0.000000
vt -2.160000 0.000000 0.000000
vt -0.950000 -0.052360 0.000000
vt -2.160000 -0.052360 0.000000
vt -0.950000 -0.104720 0.000000
vt -2.160000 -0.104720 0.000000
vt -0.950000 -0.157080 0.000000
vt -2.160000 -0.157080 0.000000
vt -0.950000 -0.209440 0.000000
vt -2.160000 -0.209440 0.000000
vt -0.950000 -0.261799 0.000000
vt -2.160000 -0.261799 0.000000
vt -0.950000 -0.314159 0.000000
vt -2.160000 -0.314159 0.000000
vt -0.950000 -0.366519 0.000000
vt -2.160000 -0.366519 0.000000
vt -0.950000 -0.418879 0.000000
vt -2.160000 -0.418879 0.000000
vt -0.950000 -0.471239 0.000000
vt -2.160000 -0.471239 0.000000
vn 0.096593 -0.025882 0.000000
vn 0.096593 -0.025882 0.000000
vn 0.100000 -0.000000 0.000000
vn 0.100000 -0.000000 0.000000
vn 0.096593 0.025882 0.000000
vn 0.096593 0.025882 0.000000
vn 0.086603 0.050000 0.000000
vn 0.086603 0.050000 0.000000
vn 0.070711 0.070711 0.000000
vn 0.070711 0.070711 0.000000
vn 0.050000 0.086603 0.000000
vn 0.050000 0.086603 0.000000
vn 0.025882 0.096593 0.000000
vn 0.025882 0.096593 0.000000
vn -0.000000 0.100000 -0.000000
vn -0.000000 0.100000 -0.000000
vn -0.025882 0.096593 -0.000000
vn -0.025882 0.096593 -0.000000
vn -0.050000 0.086603 -0.000000
vn -0.050000 0.086603 -0.000000
vn -0.070711 0.070711 -0.000000
vn -0.070711 0.070711 -0.000000
vn -0.086603 0.050000 -0.000000
vn -0.086603 0.050000 -0.000000
vn -0.096593 0.025882 -0.000000
vn -0.096593 0.025882 -0.000000
vn -0.100000 0.000000 0.000000
vn -0.100000 0.000000 0.000000
vn -0.096593 -0.025882 0.000000
vn -0.096593 -0.025882 0.000000
vn -0.086603 -0.050000 0.000000
vn -0.086603 -0.050000 0.000000
vn -0.070711 -0.070711 0.000000
vn -0.070711 -0.070711 0.000000
vn -0.050000 -0.086603 0.000000
vn -0.050000 -0.086603 0.000000
vn -0.025882 -0.096593 0.000000
vn -0.025882 -0.096593 0.000000
vn -0.000000 -0.100000 0.000000
vn -0.000000 -0.100000 0.000000
vn 0.025882 -0.096593 0.000000
vn 0.025882 -0.096593 0.000000
vn 0.050000 -0.086603 0.000000
vn 0.050000 -0.086603 0.000000
vn 0.070711 -0.070711 0.000000
vn 0.070711 -0.070711 0.000000
vn 0.086603 -0.050000 0.000000
vn 0.086603 -0.050000 0.000000
vn 0.000000 0.000000 0.100000
vn 0.000000 0.000000 0.100000
vn 0.000000 0.000000 0.100000
vn 0.000000 0.000000 0.100000
vn 0.000000 0.000000 0.100000
vn 0.000000 0.000000 0.100000
vn 0.000000 0.000000 0.100000
vn 0.000000 0.000000 0.100000
vn 0.000000 0.000000 0.100000
vn 0.000000 0.000000 0.100000
vn 0.000000 0.000000 0.100000
vn 0.000000 0.000000 0.100000
vn 0.000000 0.000000 0.100000
vn 0.000000 0.000000 0.100000
vn 0.000000 0.000000 0.100000
vn 0.000000 0.000000 0.100000
vn 0.000000 0.000000 0.100000
vn 0.000000 0.000000 0.100000
vn 0.000000 0.000000 0.100000
vn 0.000000 0.000000 0.100000
vn 0.000000 0.000000 0.100000
vn 0.000000 0.000000 0.100000
vn 0.000000 0.000000 0.100000
vn 0.000000 0.000000 0.100000
vn 0.096593 -0.025882 0.000000
vn 0.096593 -0.025882 0.000000
vn 0.100000 -0.000000 0.000000
vn 0.100000 -0.000000 0.000000
vn 0.096593 0.025882 0.000000
vn 0.096593 0.025882 0.000000
vn 0.086603 0.050000 0.000000
vn 0.086603 0.050000 0.000000
vn 0.070711 0.070711 0.000000
vn 0.070711 0.070711 0.000000
vn 0.050000 0.086603 0.000000
vn 0.050000 0.086603 0.000000
vn 0.025882 0.096593 0.000000
vn 0.025882 0.096593 0.000000
vn -0.000000 0.100000 -0.000000
vn -0.000000 0.100000 -0.000000
vn -0.025882 0.096593 -0.000000
vn -0.025882 0.096593 -0.000000
vn -0.050000 0.086603 -0.000000
vn -0.050000 0.086603 -0.000000
vn -0.070711 0.070711 -0.000000
vn -0.070711 0.070711 -0.000000
vn -0.086603 0.050000 -0.000000
vn -0.086603 0.050000 -0.000000
vn -0.096593 0.025882 -0.000000
vn -0.096593 0.025882 -0.000000
vn -0.100000 0.000000 0.000000
vn -0.100000 0.000000 0.000000
vn -0.096593 -0.025882 0.000000
vn -0.096593 -0.025882 0.000000
vn -0.086603 -0.050000 0.000000
vn -0.086603 -0.050000 0.000000
vn -0.070711 -0.070711 0.000000
vn -0.070711 -0.070711 0.000000
vn -0.050000 -0.086603 0.000000
vn -0.050000 -0.086603 0.000000
vn -0.025882 -0.096593 0.000000
vn -0.025882 -0.096593 0.000000
vn -0.000000 -0.100000 0.000000
vn -0.000000 -0.100000 0.000000
vn 0.025882 -0.096593 0.000000
vn 0.025882 -0.096593 0.000000
vn 0.050000 -0.086603 0.000000
vn 0.050000 -0.086603 0.000000
vn 0.070711 -0.070711 0.000000
vn 0.070711 -0.070711 0.000000
vn 0.086603 -0.050000 0.000000
vn 0.086603 -0.050000 0.000000
vn 0.000000 0.000000 0.100000
vn 0.000000 0.000000 0.100000
vn 0.000000 0.000000 0.100000
vn 0.000000 0.000000 0.100000
vn 0.000000 0.000000 0.100000
vn 0.000000 0.000000 0.100000
vn 0.000000 0.000000 0.100000
vn 0.000000 0.000000 0.100000
vn 0.000000 0.000000 0.100000
vn 0.000000 0.000000 0.100000
vn 0.000000 0.000000 0.100000
vn 0.000000 0.000000 0.100000
vn 0.000000 0.000000 0.100000
vn 0.000000 0.000000 0.100000
vn 0.000000 0.000000 0.100000
vn 0.000000 0.000000 0.100000
vn 0.000000 0.000000 0.100000
vn 0.000000 0.000000 0.100000
vn 0.000000 0.000000 0.100000
vn 0.000000 0.000000 0.100000
vn 0.000000 0.000000 0.100000
vn 0.000000 0.000000 0.100000
vn 0.000000 0.000000 0.100000
vn 0.000000 0.000000 0.100000
vn -0.093154 0.036364 -0.000000
vn -0.098123 0.019287 -0.000000
vn -0.093154 0.036364 -0.000000
vn -0.098123 0.019287 -0.000000
vn -0.099987 0.001599 -0.000000
vn -0.099987 0.001599 -0.000000
vn -0.098689 -0.016138 0.000000
vn -0.098689 -0.016138 0.000000
vn -0.094269 -0.033366 0.000000
vn -0.094269 -0.033366 0.000000
vn -0.086868 -0.049538 0.000000
vn -0.086868 -0.049538 0.000000
vn -0.076719 -0.064143 0.000000
vn -0.076719 -0.064143 0.000000
vn -0.064143 -0.076719 0.000000
vn -0.064143 -0.076719 0.000000
vn -0.049538 -0.086868 0.000000
vn -0.049538 -0.086868 0.000000
vn -0.033366 -0.094269 0.000000
vn -0.033366 -0.094269 0.000000
vn -0.016138 -0.098689 0.000000
vn -0.016138 -0.098689 0.000000
vn 0.001599 -0.099987 0.000000
vn 0.001599 -0.099987 0.000000
vn 0.019287 -0.098123 0.000000
vn 0.019287 -0.098123 0.000000
vn 0.036364 -0.093154 0.000000
vn 0.036364 -0.093154 0.000000
vn 0.000000 -0.100000 0.000000
vn 0.000000 -0.100000 0.000000
vn 0.000000 -0.100000 0.000000
vn 0.000000 -0.100000 0.000000
vn 0.000000 0.000000 0.100000
vn 0.000000 0.000000 0.100000
vn 0.000000 0.000000 0.100000
vn 0.000000 0.000000 0.100000
vn 0.000000 0.000000 0.100000
vn 0.000000 0.000000 0.100000
vn 0.000000 0.000000 0.100000
vn 0.000000 0.000000 0.100000
vn 0.000000 0.000000 0.100000
vn 0.000000 0.000000 0.100000
vn 0.000000 0.000000 0.100000
vn 0.000000 0.000000 0.100000
vn 0.000000 0.000000 0.100000
vn 0.000000 0.000000 0.100000
vn 0.000000 0.000000 0.100000
vn 0.000000 0.000000 0.100000
vn 0.000000 0.000000 0.100000
vn 0.000000 0.000000 0.100000
vn 0.000000 0.000000 0.100000
vn 0.000000 0.000000 0.100000
vn 0.000000 0.000000 0.100000
vn 0.000000 0.000000 0.100000
vn 0.000000 0.000000 0.100000
vn 0.000000 0.000000 0.100000
vn 0.000000 0.000000 0.100000
vn 0.000000 0.000000 0.100000
vn 0.000000 0.000000 0.100000
vn 0.000000 0.000000 0.100000
vn 0.000000 0.000000 0.100000
vn 0.000000 0.000000 0.100000
vn 0.000000 0.000000 0.100000
vn 0.000000 0.000000 0.100000
vn 0.000000 0.000000 0.100000
vn 0.000000 0.000000 0.100000
vn 0.000000 0.000000 0.100000
vn 0.000000 0.000000 0.100000
vn 0.000000 0.000000 0.100000
vn 0.000000 0.000000 0.100000
vn 0.000000 0.000000 0.100000
vn 0.000000 0.000000 0.100000
vn 0.000000 0.000000 0.100000
vn 0.000000 0.000000 0.100000
vn 0.000000 0.000000 0.100000
vn 0.000000 0.000000 0.100000
vn 0.000000 0.000000 0.100000
vn 0.000000 0.000000 0.100000
vn 0.000000 0.000000 0.100000
vn 0.000000 0.000000 0.100000
vn 0.000000 0.000000 0.100000
vn 0.000000 0.000000 0.100000
vn 0.000000 0.000000 0.100000
vn 0.000000 0.000000 0.100000
vn 0.000000 0.000000 0.100000
vn 0.000000 0.000000 0.100000
vn 0.000000 0.000000 0.100000
vn 0.000000 0.000000 0.100000
vn 0.000000 0.000000 0.100000
vn 0.000000 0.000000 0.100000
vn 0.000000 0.000000 0.100000
vn 0.000000 0.000000 0.100000
vn 0.000000 0.000000 0.100000
vn 0.000000 0.000000 0.100000
vn 0.000000 0.000000 0.100000
vn 0.000000 0.000000 0.100000
vn 0.000000 0.000000 0.100000
vn 0.000000 0.000000 0.100000
vn 0.000000 0.000000 0.100000
vn 0.000000 0.000000 0.100000
vn 0.000000 0.000000 0.100000
vn 0.000000 0.000000 0.100000
vn 0.000000 0.000000 0.100000
vn 0.000000 0.000000 0.100000
vn 0.000000 0.000000 0.100000
vn 0.000000 0.000000 0.100000
vn 0.000000 0.000000 0.100000
vn 0.000000 0.000000 0.100000
vn 0.000000 0.000000 0.100000
vn 0.000000 0.000000 0.100000
vn 0.000000 0.000000 0.100000
vn 0.000000 0.000000 0.100000
vn 0.000000 0.000000 0.100000
vn 0.000000 0.000000 0.100000
vn 0.000000 0.000000 0.100000
vn 0.000000 0.000000 0.100000
vn 0.000000 0.000000 0.100000
vn 0.000000 0.000000 0.100000
vn 0.000000 0.000000 0.100000
vn 0.000000 0.000000 0.100000
vn 0.000000 0.000000 0.100000
vn 0.000000 0.000000 0.100000
vn 0.000000 0.000000 0.100000
vn 0.000000 0.000000 0.100000
vn 0.000000 0.000000 0.100000
vn 0.000000 0.000000 0.100000
vn 0.000000 0.000000 0.100000
vn 0.000000 0.000000 0.100000
vn 0.000000 0.000000 0.100000
vn 0.000000 0.000000 0.100000
vn 0.000000 0.000000 0.100000
vn 0.000000 0.000000 0.100000
vn 0.000000 0.000000 0.100000
vn 0.000000 0.000000 0.100000
vn 0.000000 0.000000 0.100000
vn 0.000000 0.000000 0.100000
vn 0.000000 0.000000 0.100000
vn 0.000000 0.000000 0.100000
vn 0.000000 0.000000 0.100000
vn 0.000000 0.000000 0.100000
vn 0.000000 0.000000 0.100000
vn 0.000000 0.000000 0.100000
vn 0.000000 0.000000 0.100000
vn 0.000000 0.000000 0.100000
vn 0.000000 0.000000 0.100000
vn 0.000000 0.000000 0.100000
vn 0.000000 0.000000 0.100000
vn 0.000000 0.000000 0.100000
vn 0.000000 0.000000 0.100000
vn 0.000000 0.000000 0.100000
vn 0.000000 0.000000 0.100000
vn 0.000000 0.000000 0.100000
vn 0.000000 0.000000 0.100000
vn 0.000000 0.000000 0.100000
vn 0.000000 0.000000 0.100000
vn 0.000000 0.000000 0.100000
vn 0.000000 0.000000 0.100000
vn 0.000000 0.000000 0.100000
vn 0.000000 0.000000 0.100000
vn 0.000000 0.000000 0.100000
vn 0.000000 0.000000 0.100000
vn 0.000000 0.000000 0.100000
vn 0.000000 0.000000 0.100000
vn 0.000000 0.000000 0.100000
vn 0.000000 0.000000 0.100000
vn 0.000000 0.000000 0.100000
vn 0.000000 0.000000 0.100000
vn 0.000000 0.000000 0.100000
vn 0.000000 0.000000 0.100000
vn 0.000000 0.000000 0.100000
vn 0.000000 0.000000 0.100000
vn 0.000000 0.000000 0.100000
vn 0.000000 0.000000 0.100000
vn 0.000000 0.000000 0.100000
vn 0.000000 0.000000 0.100000
vn 0.000000 0.000000 0.100000
vn 0.000000 0.000000 0.100000
vn 0.000000 0.000000 0.100000
vn 0.000000 0.000000 0.100000
vn 0.000000 0.000000 0.100000
vn 0.000000 0.000000 0.100000
vn 0.000000 0.000000 0.100000
vn 0.000000 0.000000 0.100000
vn 0.000000 0.000000 0.100000
vn 0.000000 0.000000 0.100000
vn 0.000000 0.000000 0.100000
vn 0.000000 0.000000 0.100000
vn 0.000000 0.000000 0.100000
vn 0.000000 0.000000 0.100000
vn 0.000000 0.000000 0.100000
vn 0.000000 0.000000 0.100000
vn 0.000000 0.000000 0.100000
vn 0.000000 0.000000 0.100000
vn 0.000000 0.000000 0.100000
vn 0.000000 0.000000 0.100000
vn 0.000000 0.000000 0.100000
vn 0.000000 0.000000 0.100000
vn 0.000000 0.000000 0.100000
vn 0.000000 0.000000 0.100000
vn 0.000000 0.000000 0.100000
vn 0.000000 0.000000 0.100000
vn 0.000000 0.000000 0.100000
vn 0.000000 0.000000 0.100000
vn 0.000000 0.000000 0.100000
vn 0.000000 0.000000 0.100000
vn 0.000000 0.000000 0.100000
vn 0.000000 0.000000 0.100000
vn 0.000000 0.000000 0.100000
vn 0.000000 0.000000 0.100000
vn 0.000000 0.000000 0.100000
vn 0.000000 0.000000 0.100000
vn 0.000000 0.000000 0.100000
vn 0.000000 0.000000 0.100000
vn 0.000000 0.000000 0.100000
vn 0.000000 0.000000 0.100000
vn 0.000000 0.000000 0.100000
vn 0.000000 0.000000 0.100000
vn 0.000000 0.000000 0.100000
vn 0.000000 0.000000 0.100000
vn 0.000000 0.000000 0.100000
vn 0.000000 0.000000 0.100000
vn 0.000000 0.000000 0.100000
vn 0.000000 0.000000 0.100000
vn 0.000000 0.000000 0.100000
vn -0.036364 -0.093154 0.000000
vn -0.019287 -0.098123 0.000000
vn -0.036364 -0.093154 0.000000
vn -0.019287 -0.098123 0.000000
vn -0.001599 -0.099987 0.000000
vn -0.001599 -0.099987 0.000000
vn 0.016138 -0.098689 0.000000
vn 0.016138 -0.098689 0.000000
vn 0.033366 -0.094269 0.000000
vn 0.033366 -0.094269 0.000000
vn 0.049538 -0.086868 0.000000
vn 0.049538 -0.086868 0.000000
vn 0.064143 -0.076719 0.000000
vn 0.064143 -0.076719 0.000000
vn 0.076719 -0.064143 0.000000
vn 0.076719 -0.064143 0.000000
vn 0.086868 -0.049538 0.000000
vn 0.086868 -0.049538 0.000000
vn 0.094269 -0.033366 0.000000
vn 0.094269 -0.033366 0.000000
vn 0.098689 -0.016138 0.000000
vn 0.098689 -0.016138 0.000000
vn 0.099987 0.001599 0.000000
vn 0.099987 0.001599 0.000000
vn 0.098123 0.019287 0.000000
vn 0.098123 0.019287 0.000000
vn 0.093154 0.036364 0.000000
vn 0.093154 0.036364 0.000000
vn 0.100000 0.000000 0.000000
vn 0.100000 0.000000 0.000000
vn 0.100000 0.000000 0.000000
vn 0.100000 0.000000 0.000000
vn -0.096858 0.024869 0.000000
vn -0.100000 0.000000 0.000000
vn -0.100000 0.000000 0.000000
vn -0.096858 -0.024869 0.000000
vn -0.096858 -0.024869 0.000000
vn -0.087631 -0.048175 0.000000
vn -0.087631 -0.048175 0.000000
vn -0.072897 -0.068455 0.000000
vn -0.072897 -0.068455 0.000000
vn -0.053583 -0.084433 0.000000
vn -0.053583 -0.084433 0.000000
vn -0.030902 -0.095106 0.000000
vn -0.030902 -0.095106 0.000000
vn -0.006279 -0.099803 0.000000
vn -0.006279 -0.099803 0.000000
vn 0.018738 -0.098229 0.000000
vn 0.018738 -0.098229 0.000000
vn 0.042578 -0.090483 0.000000
vn 0.042578 -0.090483 0.000000
vn 0.063742 -0.077051 0.000000
vn 0.063742 -0.077051 0.000000
vn 0.080902 -0.058779 0.000000
vn 0.080902 -0.058779 0.000000
vn 0.092978 -0.036812 0.000000
vn 0.092978 -0.036812 0.000000
vn 0.099211 -0.012533 0.000000
vn 0.099211 -0.012533 0.000000
vn 0.099211 0.012533 0.000000
vn 0.099211 0.012533 0.000000
vn 0.092978 0.036812 0.000000
vn 0.092978 0.036812 0.000000
vn 0.080902 0.058779 0.000000
vn 0.080902 0.058779 0.000000
vn 0.063742 0.077051 0.000000
vn 0.063742 0.077051 0.000000
vn 0.042578 0.090483 0.000000
vn 0.042578 0.090483 0.000000
vn 0.018738 0.098229 0.000000
vn 0.018738 0.098229 0.000000
vn -0.006279 0.099803 0.000000
vn -0.006279 0.099803 0.000000
vn -0.030902 0.095106 0.000000
vn -0.030902 0.095106 0.000000
vn -0.053583 0.084433 0.000000
vn -0.053583 0.084433 0.000000
vn -0.072897 0.068455 0.000000
vn -0.096858 0.024869 0.000000
vn -0.087631 0.048175 0.000000
vn -0.087631 0.048175 0.000000
vn -0.072897 0.068455 0.000000
vn -0.096858 0.024869 0.000000
vn -0.096858 0.024869 0.000000
vn -0.100000 0.000000 0.000000
vn -0.100000 0.000000 0.000000
vn -0.096858 -0.024869 0.000000
vn -0.087631 0.048175 0.000000
vn -0.087631 0.048175 0.000000
vn -0.072897 0.068455 0.000000
vn -0.072897 0.068455 0.000000
vn -0.053583 0.084433 0.000000
vn -0.053583 0.084433 0.000000
vn -0.030902 0.095106 0.000000
vn -0.030902 0.095106 0.000000
vn -0.006279 0.099803 0.000000
vn -0.006279 0.099803 0.000000
vn 0.018738 0.098229 0.000000
vn 0.018738 0.098229 0.000000
vn 0.042578 0.090483 0.000000
vn 0.042578 0.090483 0.000000
vn 0.063742 0.077051 0.000000
vn 0.063742 0.077051 0.000000
vn 0.080902 0.058779 0.000000
vn 0.080902 0.058778 0.000000
vn 0.092978 0.036812 0.000000
vn 0.092978 0.036812 0.000000
vn 0.099211 0.012533 0.000000
vn 0.099211 0.012533 0.000000
vn 0.099211 -0.012533 0.000000
vn 0.099211 -0.012533 0.000000
vn 0.092978 -0.036812 0.000000
vn 0.092978 -0.036812 0.000000
vn 0.080902 -0.058779 0.000000
vn 0.080902 -0.058779 0.000000
vn 0.063742 -0.077051 0.000000
vn 0.063742 -0.077051 0.000000
vn 0.042578 -0.090483 0.000000
vn 0.042578 -0.090483 0.000000
vn 0.018738 -0.098229 0.000000
vn 0.018738 -0.098229 0.000000
vn -0.006279 -0.099803 0.000000
vn -0.006279 -0.099803 0.000000
vn -0.030902 -0.095106 0.000000
vn -0.030902 -0.095106 0.000000
vn -0.053583 -0.084433 0.000000
vn -0.053583 -0.084433 0.000000
vn -0.072897 -0.068455 0.000000
vn -0.072897 -0.068455 0.000000
vn -0.087631 -0.048175 0.000000
vn -0.087631 -0.048175 0.000000
vn -0.096858 -0.024869 0.000000
vn -0.096858 -0.024869 0.000000
vn -0.099211 -0.012533 0.000000
vn -0.099211 0.012533 0.000000
vn -0.096858 0.024869 0.000000
vn -0.092978 0.036812 0.000000
vn -0.087631 0.048175 0.000000
vn -0.080902 0.058779 0.000000
vn -0.072897 0.068455 0.000000
vn -0.063742 0.077051 0.000000
vn -0.053583 0.084433 0.000000
vn -0.042578 0.090483 0.000000
vn -0.030902 0.095106 0.000000
vn -0.018738 0.098229 0.000000
vn -0.006279 0.099803 0.000000
vn 0.006279 0.099803 0.000000
vn 0.018738 0.098229 0.000000
vn 0.030902 0.095106 0.000000
vn 0.042578 0.090483 0.000000
vn 0.053583 0.084433 0.000000
vn 0.063742 0.077051 0.000000
vn 0.072897 0.068455 0.000000
vn 0.080902 0.058779 0.000000
vn 0.087631 0.048175 0.000000
vn 0.092978 0.036812 0.000000
vn 0.096858 0.024869 0.000000
vn 0.099211 0.012533 0.000000
vn 0.100000 0.000000 0.000000
vn 0.099211 -0.012533 0.000000
vn 0.096858 -0.024869 0.000000
vn 0.092978 -0.036812 0.000000
vn 0.087631 -0.048175 0.000000
vn 0.080902 -0.058779 0.000000
vn 0.072897 -0.068455 0.000000
vn 0.063742 -0.077051 0.000000
vn 0.053583 -0.084433 0.000000
vn 0.042578 -0.090483 0.000000
vn 0.030902 -0.095106 0.000000
vn 0.018738 -0.098229 0.000000
vn 0.006279 -0.099803 0.000000
vn -0.006279 -0.099803 0.000000
vn -0.018738 -0.098229 0.000000
vn -0.030902 -0.095106 0.000000
vn -0.042578 -0.090483 0.000000
vn -0.053583 -0.084433 0.000000
vn -0.063742 -0.077051 0.000000
vn -0.072897 -0.068455 0.000000
vn -0.080902 -0.058779 0.000000
vn -0.087631 -0.048175 0.000000
vn -0.092978 -0.036812 0.000000
vn 0.096858 -0.024869 0.000000
vn 0.100000 -0.000000 0.000000
vn 0.096858 0.024869 0.000000
vn 0.087631 0.048175 0.000000
vn 0.072897 0.068455 0.000000
vn 0.053583 0.084433 0.000000
vn 0.030902 0.095106 0.000000
vn 0.006279 0.099803 0.000000
vn -0.018738 0.098229 0.000000
vn -0.042578 0.090483 0.000000
vn -0.063742 0.077051 0.000000
vn -0.080902 0.058779 0.000000
vn -0.092978 0.036812 0.000000
vn -0.099211 0.012533 0.000000
vn -0.099211 -0.012533 0.000000
vn -0.092978 -0.036812 0.000000
vn -0.080902 -0.058779 0.000000
vn -0.063742 -0.077051 0.000000
vn -0.042578 -0.090483 0.000000
vn -0.018738 -0.098229 0.000000
vn 0.006279 -0.099803 0.000000
vn 0.030902 -0.095106 0.000000
vn 0.053583 -0.084433 0.000000
vn 0.072897 -0.068455 0.000000
vn 0.087631 -0.048175 0.000000
vn -0.096858 -0.024869 0.000000
vn -0.099211 -0.012533 0.000000
vn -0.099211 0.012533 0.000000
vn -0.096858 0.024869 0.000000
vn -0.092978 0.036812 0.000000
vn -0.087631 0.048175 0.000000
vn -0.080902 0.058779 0.000000
vn -0.072897 0.068455 0.000000
vn -0.063742 0.077051 0.000000
vn -0.053583 0.084433 0.000000
vn -0.042578 0.090483 0.000000
vn -0.030902 0.095106 0.000000
vn -0.018738 0.098229 0.000000
vn -0.006279 0.099803 0.000000
vn 0.006279 0.099803 0.000000
vn 0.018738 0.098229 0.000000
vn 0.030902 0.095106 0.000000
vn 0.042578 0.090483 0.000000
vn 0.053583 0.084433 0.000000
vn 0.063742 0.077051 0.000000
vn 0.072897 0.068455 0.000000
vn 0.080902 0.058779 0.000000
vn 0.087631 0.048175 0.000000
vn 0.092978 0.036812 0.000000
vn 0.096858 0.024869 0.000000
vn 0.099211 0.012533 0.000000
vn 0.100000 0.000000 0.000000
vn 0.099211 -0.012533 0.000000
vn 0.096858 -0.024869 0.000000
vn 0.092978 -0.036812 0.000000
vn 0.087631 -0.048175 0.000000
vn 0.080902 -0.058779 0.000000
vn 0.072897 -0.068455 0.000000
vn 0.063742 -0.077051 0.000000
vn 0.053583 -0.084433 0.000000
vn 0.042578 -0.090483 0.000000
vn 0.030902 -0.095106 0.000000
vn 0.018738 -0.098229 0.000000
vn 0.006279 -0.099803 0.000000
vn -0.006279 -0.099803 0.000000
vn -0.018738 -0.098229 0.000000
vn -0.030902 -0.095106 0.000000
vn -0.042578 -0.090483 0.000000
vn -0.053583 -0.084433 0.000000
vn -0.063742 -0.077051 0.000000
vn -0.072897 -0.068455 0.000000
vn -0.080902 -0.058779 0.000000
vn -0.087631 -0.048175 0.000000
vn -0.092978 -0.036812 0.000000
vn 0.096858 -0.024869 0.000000
vn 0.100000 -0.000000 0.000000
vn 0.096858 0.024869 0.000000
vn 0.087631 0.048175 0.000000
vn 0.072897 0.068455 0.000000
vn 0.053583 0.084433 0.000000
vn 0.030902 0.095106 0.000000
vn 0.006279 0.099803 0.000000
vn -0.018738 0.098229 0.000000
vn -0.042578 0.090483 0.000000
vn -0.063742 0.077051 0.000000
vn -0.080902 0.058779 0.000000
vn -0.092978 0.036812 0.000000
vn -0.099211 0.012533 0.000000
vn -0.099211 -0.012533 0.000000
vn -0.092978 -0.036812 0.000000
vn -0.080902 -0.058779 0.000000
vn -0.063742 -0.077051 0.000000
vn -0.042578 -0.090483 0.000000
vn -0.018738 -0.098229 0.000000
vn 0.006279 -0.099803 0.000000
vn 0.030902 -0.095106 0.000000
vn 0.053583 -0.084433 0.000000
vn 0.072897 -0.068455 0.000000
vn 0.087631 -0.048175 0.000000
vn 0.000000 0.000000 0.100000
vn 0.000000 0.000000 0.100000
vn -0.019509 0.000000 0.098079
vn -0.019509 0.000000 0.098079
vn -0.038268 0.000000 0.092388
vn -0.038268 0.000000 0.092388
vn -0.055557 0.000000 0.083147
vn -0.055557 0.000000 0.083147
vn -0.070711 0.000000 0.070711
vn -0.070711 0.000000 0.070711
vn -0.083147 0.000000 0.055557
vn -0.083147 0.000000 0.055557
vn -0.092388 0.000000 0.038268
vn -0.092388 0.000000 0.038268
vn -0.098079 0.000000 0.019509
vn -0.098079 0.000000 0.019509
vn -0.099518 0.000000 0.009802
vn -0.099518 0.000000 0.009802
vn -0.100000 0.000000 0.000000
vn -0.100000 0.000000 0.000000
vn -0.100000 0.000000 0.000000
vn -0.100000 0.000000 0.000000
vn 0.000000 0.000000 0.100000
vn 0.000000 0.000000 0.100000
vn 0.000000 0.000000 0.100000
vn 0.000000 0.000000 0.100000
vn 0.000000 -0.100000 0.000000
vn 0.000000 -0.100000 0.000000
vn 0.000000 -0.100000 0.000000
vn 0.000000 -0.100000 0.000000
vn 0.000000 0.000000 -0.100000
vn 0.000000 0.000000 -0.100000
vn 0.000000 0.000000 -0.100000
vn 0.000000 0.000000 -0.100000
vn 0.000000 0.100000 0.000000
vn 0.000000 0.100000 0.000000
vn 0.000000 0.100000 0.000000
vn 0.000000 0.100000 0.000000
vn 0.000000 -0.000000 0.100000
vn 0.000000 0.019509 0.098079
vn 0.000000 0.025882 0.096593
vn 0.000000 0.038268 0.092388
vn 0.000000 0.050000 0.086603
vn 0.000000 0.055557 0.083147
vn 0.000000 0.070711 0.070711
vn 0.000000 0.070711 0.070711
vn 0.000000 0.083147 0.055557
vn 0.000000 0.086603 0.050000
vn 0.000000 0.092388 0.038268
vn 0.000000 0.096593 0.025882
vn 0.000000 0.098079 0.019509
vn 0.000000 0.099518 0.009802
vn 0.000000 0.098079 0.019509
vn 0.000000 0.099518 0.009802
vn 0.000000 0.019509 0.098079
vn 0.000000 0.038268 0.092388
vn 0.000000 0.055557 0.083147
vn 0.000000 0.070711 0.070711
vn 0.000000 0.083147 0.055557
vn 0.000000 0.092388 0.038268
vn 0.000000 0.100000 0.000000
vn 0.000000 0.100000 0.000000
vn 0.000000 0.000000 0.100000
vn 0.019509 0.000000 0.098079
vn 0.019509 0.000000 0.098079
vn 0.038268 0.000000 0.092388
vn 0.038268 0.000000 0.092388
vn 0.055557 0.000000 0.083147
vn 0.055557 0.000000 0.083147
vn 0.070711 0.000000 0.070711
vn 0.070711 0.000000 0.070711
vn 0.083147 0.000000 0.055557
vn 0.083147 0.000000 0.055557
vn 0.092388 0.000000 0.038268
vn 0.092388 0.000000 0.038268
vn 0.098079 0.000000 0.019509
vn 0.098079 0.000000 0.019509
vn 0.099518 0.000000 0.009802
vn 0.099518 0.000000 0.009802
vn 0.100000 0.000000 0.000000
vn 0.100000 0.000000 0.000000
vn 0.000000 -0.100000 0.000000
vn 0.000000 -0.099518 0.009802
vn 0.000000 -0.100000 0.000000
vn 0.000000 -0.099518 0.009802
vn 0.000000 -0.098079 0.019509
vn 0.000000 -0.096593 0.025882
vn 0.000000 -0.092388 0.038268
vn 0.000000 -0.086603 0.050000
vn 0.000000 -0.083147 0.055557
vn 0.000000 -0.070711 0.070711
vn 0.000000 -0.070711 0.070711
vn 0.000000 -0.055557 0.083147
vn 0.000000 -0.050000 0.086603
vn 0.000000 -0.038268 0.092388
vn 0.000000 -0.025882 0.096593
vn 0.000000 -0.019509 0.098079
vn 0.000000 -0.019509 0.098079
vn 0.000000 -0.098079 0.019509
vn 0.000000 -0.092388 0.038268
vn 0.000000 -0.083147 0.055557
vn 0.000000 -0.070711 0.070711
vn 0.000000 -0.055557 0.083147
vn 0.000000 -0.038268 0.092388
vn 0.000000 0.000000 0.100000
vn 0.000000 0.000000 0.100000
vn 0.000000 0.000000 0.100000
vn 0.000000 0.000000 0.100000
vn 0.000000 0.000000 0.100000
vn 0.000000 0.000000 0.100000
vn 0.000000 0.000000 0.100000
vn 0.000000 0.000000 0.100000
vn 0.000000 0.000000 0.100000
vn 0.000000 0.000000 0.100000
vn 0.000000 0.000000 0.100000
vn 0.000000 0.000000 0.100000
vn 0.000000 0.000000 0.100000
vn 0.000000 0.000000 0.100000
vn 0.000000 0.000000 0.100000
vn 0.000000 0.000000 0.100000
vn 0.000000 0.000000 0.100000
vn 0.000000 0.000000 0.100000
vn 0.000000 0.000000 0.100000
vn 0.000000 0.000000 0.100000
vn 0.000000 0.000000 0.100000
vn 0.000000 0.000000 0.100000
vn 0.000000 0.000000 0.100000
vn 0.000000 0.000000 0.100000
vn 0.000000 0.000000 0.100000
vn 0.000000 0.000000 0.100000
vn 0.000000 0.000000 0.100000
vn 0.000000 0.000000 0.100000
vn 0.000000 0.000000 0.100000
vn 0.000000 0.000000 0.100000
vn 0.000000 0.000000 0.100000
vn 0.000000 0.000000 0.100000
vn 0.000000 0.000000 0.100000
vn 0.000000 0.000000 0.100000
vn 0.000000 0.000000 0.100000
vn 0.000000 0.000000 0.100000
vn 0.000000 0.000000 0.100000
vn 0.000000 0.000000 0.100000
vn 0.000000 0.000000 0.100000
vn 0.000000 0.000000 0.100000
vn 0.000000 0.000000 0.100000
vn 0.000000 0.000000 0.100000
vn 0.000000 0.000000 0.100000
vn 0.000000 0.000000 0.100000
vn 0.000000 0.000000 0.100000
vn 0.000000 0.000000 0.100000
vn 0.000000 0.000000 0.100000
vn 0.000000 0.000000 0.100000
vn 0.000000 0.000000 0.100000
vn 0.000000 0.000000 0.100000
vn 0.000000 0.000000 0.100000
vn 0.000000 0.000000 0.100000
vn 0.000000 0.000000 0.100000
vn 0.000000 0.000000 0.100000
vn 0.000000 0.100000 0.000000
vn 0.000000 0.100000 0.000000
vn 0.100000 0.000000 0.000000
vn 0.100000 0.000000 0.000000
vn 0.000000 -0.100000 0.000000
vn 0.000000 -0.100000 0.000000
vn 0.000000 0.000000 0.100000
vn 0.000000 0.000000 0.100000
vn 0.000000 0.000000 0.100000
vn 0.000000 0.000000 0.100000
vn -0.100000 0.000000 0.000000
vn -0.100000 0.000000 0.000000
vn -0.100000 0.000000 0.000000
vn -0.100000 0.000000 0.000000
vn -0.100000 0.000000 0.000000
vn -0.100000 0.000000 0.000000
vn -0.100000 0.000000 0.000000
vn -0.100000 0.000000 0.000000
vn 0.050000 0.086603 0.000000
vn 0.050000 0.086603 0.000000
vn 0.030071 0.095372 0.000000
vn 0.030071 0.095372 0.000000
vn 0.008716 0.099619 0.000000
vn 0.008716 0.099619 0.000000
vn -0.013053 0.099144 -0.000000
vn -0.013053 0.099144 -0.000000
vn -0.034202 0.093969 -0.000000
vn -0.034202 0.093969 -0.000000
vn -0.053730 0.084339 -0.000000
vn -0.053730 0.084339 -0.000000
vn -0.070711 0.070711 -0.000000
vn -0.070711 0.070711 -0.000000
vn -0.084339 0.053730 -0.000000
vn -0.084339 0.053730 -0.000000
vn -0.093969 0.034202 -0.000000
vn -0.093969 0.034202 -0.000000
vn -0.099144 0.013053 -0.000000
vn -0.099144 0.013053 -0.000000
vn -0.099619 -0.008716 0.000000
vn -0.099619 -0.008716 0.000000
vn -0.095372 -0.030071 0.000000
vn -0.095372 -0.030071 0.000000
vn -0.086603 -0.050000 0.000000
vn -0.086603 -0.050000 0.000000
vn 0.000000 0.100000 0.000000
vn 0.000000 0.100000 0.000000
vn 0.000000 0.100000 0.000000
vn 0.000000 0.100000 0.000000
vn 0.000000 0.100000 0.000000
vn 0.000000 0.100000 0.000000
vn 0.000000 0.100000 0.000000
vn 0.000000 0.100000 0.000000
vn 0.000000 0.100000 0.000000
vn 0.000000 0.100000 0.000000
vn 0.000000 0.100000 0.000000
vn 0.000000 0.100000 0.000000
vn 0.000000 0.100000 0.000000
vn 0.000000 0.100000 0.000000
vn 0.000000 0.100000 0.000000
vn 0.000000 0.100000 0.000000
vn 0.000000 0.100000 0.000000
vn 0.000000 0.100000 0.000000
vn 0.000000 0.100000 0.000000
vn 0.000000 0.100000 0.000000
vn 0.000000 0.100000 0.000000
vn 0.000000 0.100000 0.000000
vn 0.000000 0.100000 0.000000
vn 0.000000 0.100000 0.000000
vn 0.000000 0.100000 0.000000
vn 0.000000 0.100000 0.000000
vn 0.000000 0.100000 0.000000
vn 0.000000 0.100000 0.000000
vn 0.000000 0.100000 0.000000
vn 0.000000 0.100000 0.000000
vn 0.000000 0.100000 0.000000
vn 0.000000 0.100000 0.000000
vn 0.000000 0.100000 0.000000
vn 0.000000 0.100000 0.000000
vn 0.100000 0.000000 0.000000
vn 0.100000 0.000000 0.000000
vn 0.100000 0.000000 0.000000
vn 0.100000 0.000000 0.000000
vn 0.096601 -0.000000 0.025850
vn 0.096601 -0.000000 0.025850
vn 0.086635 -0.000000 0.049944
vn 0.086635 -0.000000 0.049944
vn 0.070780 -0.000000 0.070642
vn 0.070780 -0.000000 0.070642
vn 0.050113 -0.000000 0.086537
vn 0.050113 -0.000000 0.086537
vn 0.026039 -0.000000 0.096550
vn 0.026039 -0.000000 0.096550
vn 0.000195 -0.000000 0.100000
vn 0.000195 -0.000000 0.100000
vn 0.000000 0.000000 0.100000
vn 0.000000 0.000000 0.100000
vn 0.000000 0.000000 0.100000
vn 0.000000 0.000000 0.100000
vn -0.000195 0.000000 0.100000
vn -0.026039 0.000000 0.096550
vn -0.000195 0.000000 0.100000
vn -0.026039 0.000000 0.096550
vn -0.050113 0.000000 0.086537
vn -0.050113 0.000000 0.086537
vn -0.070780 0.000000 0.070642
vn -0.070780 0.000000 0.070642
vn -0.086635 0.000000 0.049944
vn -0.086635 0.000000 0.049944
vn -0.096601 0.000000 0.025850
vn -0.096601 0.000000 0.025850
vn -0.100000 0.000000 0.000000
vn -0.100000 0.000000 0.000000
vn -0.100000 0.000000 0.000000
vn -0.100000 0.000000 0.000000
vn -0.100000 0.000000 0.000195
vn -0.097530 0.000000 -0.022089
vn -0.100000 0.000000 0.000195
vn -0.097530 0.000000 -0.022089
vn -0.090157 0.000000 -0.043263
vn -0.090157 0.000000 -0.043263
vn -0.078253 0.000000 -0.062262
vn -0.078253 0.000000 -0.062262
vn -0.062414 0.000000 -0.078131
vn -0.062414 0.000000 -0.078131
vn -0.043439 0.000000 -0.090073
vn -0.043439 0.000000 -0.090073
vn -0.022279 0.000000 -0.097487
vn -0.022279 0.000000 -0.097487
vn -0.000000 0.000000 -0.100000
vn -0.000000 0.000000 -0.100000
vn 0.000000 0.000000 -0.100000
vn 0.000000 0.000000 -0.100000
vn 0.022279 0.000000 -0.097487
vn 0.022279 0.000000 -0.097487
vn 0.043439 0.000000 -0.090073
vn 0.043439 0.000000 -0.090073
vn 0.062414 0.000000 -0.078131
vn 0.062414 0.000000 -0.078131
vn 0.078253 0.000000 -0.062262
vn 0.078253 0.000000 -0.062262
vn 0.090157 0.000000 -0.043263
vn 0.090157 0.000000 -0.043263
vn 0.097530 0.000000 -0.022089
vn 0.097530 0.000000 -0.022089
vn 0.100000 -0.000000 0.000195
vn 0.100000 -0.000000 0.000195
vn 0.068489 0.017585 -0.070711
vn 0.069433 0.013382 -0.070711
vn 0.070711 -0.000000 -0.070711
vn 0.070711 0.000000 -0.070711
vn 0.069433 -0.013382 -0.070711
vn 0.065646 0.026281 -0.070711
vn 0.061964 0.034065 -0.070711
vn 0.059486 0.038229 -0.070711
vn 0.051546 0.048405 -0.070711
vn 0.051176 0.048796 -0.070711
vn 0.041016 0.057599 -0.070711
vn 0.037889 0.059703 -0.070711
vn 0.029374 0.064321 -0.070711
vn 0.021851 0.067250 -0.070711
vn 0.016671 0.068717 -0.070711
vn 0.004440 0.070571 -0.070711
vn 0.003365 0.070631 -0.070711
vn -0.010063 0.069991 -0.070711
vn -0.013250 0.069458 -0.070711
vn -0.023127 0.066822 -0.070711
vn -0.030107 0.063981 -0.070711
vn -0.035355 0.061237 -0.070711
vn -0.045073 0.054484 -0.070711
vn -0.046306 0.053440 -0.070711
vn -0.055582 0.043710 -0.070711
vn -0.057206 0.041563 -0.070711
vn -0.062850 0.032402 -0.070711
vn -0.065745 0.026030 -0.070711
vn -0.067846 0.019922 -0.070711
vn -0.070153 0.008862 -0.070711
vn -0.070390 0.006721 -0.070711
vn -0.070390 -0.006721 -0.070711
vn -0.070153 -0.008862 -0.070711
vn -0.067846 -0.019922 -0.070711
vn -0.065745 -0.026030 -0.070711
vn -0.062850 -0.032402 -0.070711
vn -0.057206 -0.041563 -0.070711
vn -0.055582 -0.043710 -0.070711
vn -0.045073 -0.054484 -0.070711
vn -0.046306 -0.053440 -0.070711
vn -0.035355 -0.061237 -0.070711
vn -0.030107 -0.063981 -0.070711
vn -0.023127 -0.066822 -0.070711
vn -0.013250 -0.069458 -0.070711
vn -0.010063 -0.069991 -0.070711
vn 0.004440 -0.070571 -0.070711
vn 0.003365 -0.070631 -0.070711
vn 0.016671 -0.068717 -0.070711
vn 0.021851 -0.067250 -0.070711
vn 0.029374 -0.064321 -0.070711
vn 0.037889 -0.059703 -0.070711
vn 0.041016 -0.057599 -0.070711
vn 0.051546 -0.048405 -0.070711
vn 0.051176 -0.048796 -0.070711
vn 0.059486 -0.038229 -0.070711
vn 0.061964 -0.034065 -0.070711
vn 0.065646 -0.026281 -0.070711
vn 0.068489 -0.017585 -0.070711
vn 0.068489 0.017585 -0.070711
vn 0.069433 0.013382 -0.070711
vn 0.070711 -0.000000 -0.070711
vn 0.070711 0.000000 -0.070711
vn 0.069433 -0.013382 -0.070711
vn 0.065646 0.026281 -0.070711
vn 0.061964 0.034065 -0.070711
vn 0.059486 0.038229 -0.070711
vn 0.051546 0.048405 -0.070711
vn 0.051176 0.048796 -0.070711
vn 0.041016 0.057599 -0.070711
vn 0.037889 0.059703 -0.070711
vn 0.029374 0.064321 -0.070711
vn 0.021851 0.067250 -0.070711
vn 0.016671 0.068717 -0.070711
vn 0.004440 0.070571 -0.070711
vn 0.003365 0.070631 -0.070711
vn -0.010063 0.069991 -0.070711
vn -0.013250 0.069458 -0.070711
vn -0.023127 0.066822 -0.070711
vn -0.030107 0.063981 -0.070711
vn -0.035355 0.061237 -0.070711
vn -0.045073 0.054484 -0.070711
vn -0.046306 0.053440 -0.070711
vn -0.055582 0.043710 -0.070711
vn -0.057206 0.041563 -0.070711
vn -0.062850 0.032402 -0.070711
vn -0.065745 0.026030 -0.070711
vn -0.067846 0.019922 -0.070711
vn -0.070153 0.008862 -0.070711
vn -0.070390 0.006721 -0.070711
vn -0.070390 -0.006721 -0.070711
vn -0.070153 -0.008862 -0.070711
vn -0.067846 -0.019922 -0.070711
vn -0.065745 -0.026030 -0.070711
vn -0.062850 -0.032402 -0.070711
vn -0.057206 -0.041563 -0.070711
vn -0.055582 -0.043710 -0.070711
vn -0.045073 -0.054484 -0.070711
vn -0.046306 -0.053440 -0.070711
vn -0.035355 -0.061237 -0.070711
vn -0.030107 -0.063981 -0.070711
vn -0.023127 -0.066822 -0.070711
vn -0.013250 -0.069458 -0.070711
vn -0.010063 -0.069991 -0.070711
vn 0.004440 -0.070571 -0.070711
vn 0.003365 -0.070631 -0.070711
vn 0.016671 -0.068717 -0.070711
vn 0.021851 -0.067250 -0.070711
vn 0.029374 -0.064321 -0.070711
vn 0.037889 -0.059703 -0.070711
vn 0.041016 -0.057599 -0.070711
vn 0.051546 -0.048405 -0.070711
vn 0.051176 -0.048796 -0.070711
vn 0.059486 -0.038229 -0.070711
vn 0.061964 -0.034065 -0.070711
vn 0.065646 -0.026281 -0.070711
vn 0.068489 -0.017585 -0.070711
vn 0.086603 -0.050000 0.000000
vn 0.086603 -0.050000 0.000000
vn 0.095372 -0.030071 0.000000
vn 0.095372 -0.030071 0.000000
vn 0.099619 -0.008716 0.000000
vn 0.099619 -0.008716 0.000000
vn 0.099144 0.013053 0.000000
vn 0.099144 0.013053 0.000000
vn 0.093969 0.034202 0.000000
vn 0.093969 0.034202 0.000000
vn 0.084339 0.053730 0.000000
vn 0.084339 0.053730 0.000000
vn 0.070711 0.070711 0.000000
vn 0.070711 0.070711 0.000000
vn 0.053730 0.084339 0.000000
vn 0.053730 0.084339 0.000000
vn 0.034202 0.093969 0.000000
vn 0.034202 0.093969 0.000000
vn 0.013053 0.099144 0.000000
vn 0.013053 0.099144 0.000000
vn -0.008716 0.099619 -0.000000
vn -0.008716 0.099619 -0.000000
vn -0.030071 0.095372 -0.000000
vn -0.030071 0.095372 -0.000000
vn -0.050000 0.086603 -0.000000
vn -0.050000 0.086603 -0.000000
vn 0.100000 0.000000 0.000000
vn 0.100000 0.000000 0.000000
vn 0.100000 0.000000 0.000000
vn 0.100000 0.000000 0.000000
vn 0.100000 0.000000 0.000000
vn 0.100000 0.000000 0.000000
vn 0.100000 0.000000 0.000000
vn 0.100000 0.000000 0.000000
vn 0.000000 -0.100000 0.000000
vn 0.000000 -0.100000 0.000000
vn 0.017365 -0.098481 0.000000
vn 0.017365 -0.098481 0.000000
vn 0.034202 -0.093969 0.000000
vn 0.034202 -0.093969 0.000000
vn 0.050000 -0.086603 0.000000
vn 0.050000 -0.086603 0.000000
vn 0.064279 -0.076604 0.000000
vn 0.064279 -0.076604 0.000000
vn 0.076604 -0.064279 0.000000
vn 0.076604 -0.064279 0.000000
vn 0.086603 -0.050000 0.000000
vn 0.086603 -0.050000 0.000000
vn 0.093969 -0.034202 0.000000
vn 0.093969 -0.034202 0.000000
vn 0.098481 -0.017365 0.000000
vn 0.098481 -0.017365 0.000000
vn 0.000000 -0.100000 0.000000
vn 0.000000 -0.100000 0.000000
vn 0.000000 -0.100000 0.000000
vn 0.000000 -0.100000 0.000000
vn 0.000000 -0.100000 0.000000
vn 0.000000 -0.100000 0.000000
vn 0.000000 -0.100000 0.000000
vn 0.000000 -0.100000 0.000000
vn 0.000000 -0.100000 0.000000
vn 0.000000 -0.100000 0.000000
vn 0.000000 -0.100000 0.000000
vn 0.000000 -0.100000 0.000000
vn 0.000000 -0.100000 0.000000
vn 0.000000 -0.100000 0.000000
vn 0.000000 -0.100000 0.000000
vn 0.000000 -0.100000 0.000000
vn 0.000000 -0.100000 0.000000
vn 0.000000 -0.100000 0.000000
vn 0.000000 -0.100000 0.000000
vn 0.000000 -0.100000 0.000000
vn 0.000000 -0.100000 0.000000
vn 0.000000 -0.100000 0.000000
vn 0.000000 -0.100000 0.000000
vn 0.000000 -0.100000 0.000000
vn 0.000000 -0.100000 0.000000
vn 0.000000 -0.100000 0.000000
vn 0.000000 -0.100000 0.000000
vn 0.000000 -0.100000 0.000000
vn 0.000000 -0.100000 0.000000
vn 0.000000 -0.100000 0.000000
vn 0.000000 -0.100000 0.000000
vn 0.000000 -0.100000 0.000000
vn -0.100000 -0.000000 0.000000
vn -0.100000 0.000000 -0.000000
vn -0.098481 -0.017365 0.000000
vn -0.098481 -0.017365 0.000000
vn -0.093969 -0.034202 0.000000
vn -0.093969 -0.034202 0.000000
vn -0.086603 -0.050000 0.000000
vn -0.086603 -0.050000 0.000000
vn -0.076604 -0.064279 0.000000
vn -0.076604 -0.064279 0.000000
vn -0.064279 -0.076604 0.000000
vn -0.064279 -0.076604 0.000000
vn -0.050000 -0.086603 0.000000
vn -0.050000 -0.086603 0.000000
vn -0.034202 -0.093969 0.000000
vn -0.034202 -0.093969 0.000000
vn -0.017365 -0.098481 0.000000
vn -0.017365 -0.098481 0.000000
vn -0.100000 0.000000 0.000000
vn -0.100000 0.000000 0.000000
vn 0.000000 0.000000 -0.100000
vn 0.000000 0.000000 -0.100000
vn 0.000000 0.000000 -0.100000
vn 0.000000 0.000000 -0.100000
vn 0.000000 0.000000 -0.100000
vn 0.000000 0.000000 -0.100000
vn 0.000000 0.000000 -0.100000
vn 0.000000 0.000000 -0.100000
vn 0.000000 0.000000 -0.100000
vn 0.000000 0.000000 -0.100000
vn 0.000000 0.000000 -0.100000
vn 0.000000 0.000000 -0.100000
vn 0.000000 0.000000 -0.100000
vn 0.000000 0.000000 -0.100000
vn 0.000000 0.000000 -0.100000
vn 0.000000 0.000000 -0.100000
vn 0.000000 0.000000 -0.100000
vn 0.000000 0.000000 -0.100000
vn 0.000000 0.000000 -0.100000
vn 0.000000 0.000000 -0.100000
vn 0.000000 0.000000 -0.100000
vn 0.000000 0.000000 -0.100000
vn 0.000000 0.000000 -0.100000
vn 0.000000 0.000000 -0.100000
vn 0.000000 0.000000 -0.100000
vn 0.000000 0.000000 -0.100000
vn 0.000000 0.000000 -0.100000
vn 0.000000 0.000000 -0.100000
vn 0.000000 0.000000 -0.100000
vn 0.000000 0.000000 -0.100000
vn 0.000000 0.000000 -0.100000
vn 0.000000 0.000000 -0.100000
vn 0.000000 0.000000 -0.100000
vn 0.000000 0.000000 -0.100000
vn 0.000000 0.000000 -0.100000
vn 0.000000 0.000000 -0.100000
vn 0.000000 0.000000 -0.100000
vn 0.000000 0.000000 -0.100000
vn 0.000000 0.000000 -0.100000
vn 0.000000 0.000000 -0.100000
vn 0.000000 0.000000 -0.100000
vn 0.000000 0.000000 -0.100000
vn 0.000000 0.000000 -0.100000
vn 0.000000 0.000000 -0.100000
vn 0.000000 0.000000 -0.100000
vn 0.000000 0.000000 -0.100000
vn 0.000000 0.000000 -0.100000
vn 0.000000 0.000000 -0.100000
vn 0.000000 0.000000 -0.100000
vn 0.000000 0.000000 -0.100000
vn 0.000000 0.000000 -0.100000
vn 0.000000 0.000000 -0.100000
vn 0.000000 0.000000 -0.100000
vn 0.000000 0.000000 -0.100000
vn 0.000000 0.000000 -0.100000
vn 0.000000 0.000000 -0.100000
vn 0.000000 0.000000 -0.100000
vn 0.000000 0.000000 -0.100000
vn 0.000000 0.000000 -0.100000
vn 0.000000 0.000000 -0.100000
vn 0.000000 0.000000 -0.100000
vn 0.000000 0.000000 -0.100000
vn 0.000000 0.000000 -0.100000
vn 0.000000 0.000000 -0.100000
vn 0.000000 0.000000 -0.100000
vn 0.000000 0.000000 -0.100000
vn 0.000000 0.000000 -0.100000
vn 0.000000 0.000000 -0.100000
vn 0.000000 0.000000 -0.100000
vn 0.000000 0.000000 -0.100000
vn 0.000000 0.000000 -0.100000
vn 0.000000 0.000000 -0.100000
vn 0.000000 0.000000 -0.100000
vn 0.000000 0.000000 -0.100000
vn 0.000000 0.000000 -0.100000
vn 0.000000 0.000000 -0.100000
vn 0.000000 0.000000 -0.100000
vn 0.000000 0.000000 -0.100000
vn 0.000000 0.000000 -0.100000
vn 0.000000 0.000000 -0.100000
vn 0.000000 0.000000 -0.100000
vn 0.000000 0.000000 -0.100000
vn 0.000000 0.000000 -0.100000
vn 0.000000 0.000000 -0.100000
vn 0.000000 0.000000 -0.100000
vn 0.000000 0.000000 -0.100000
vn 0.000000 0.000000 -0.100000
vn 0.000000 0.000000 -0.100000
vn 0.000000 0.000000 -0.100000
vn 0.000000 0.000000 -0.100000
vn 0.000000 0.000000 -0.100000
vn 0.000000 0.000000 -0.100000
vn 0.000000 0.000000 -0.100000
vn 0.000000 0.000000 -0.100000
vn 0.000000 0.000000 -0.100000
vn 0.000000 0.000000 -0.100000
vn 0.000000 0.000000 -0.100000
vn 0.000000 0.000000 -0.100000
vn 0.000000 0.000000 -0.100000
vn 0.000000 0.000000 -0.100000
vn 0.000000 0.000000 -0.100000
vn 0.000000 0.000000 -0.100000
vn 0.000000 0.000000 -0.100000
vn 0.000000 0.000000 -0.100000
vn 0.000000 0.000000 -0.100000
vn 0.000000 0.000000 -0.100000
vn 0.098481 0.017365 0.000000
vn 0.098481 0.017365 0.000000
vn 0.093969 0.034202 0.000000
vn 0.093969 0.034202 0.000000
vn 0.086603 0.050000 0.000000
vn 0.086603 0.050000 0.000000
vn 0.076604 0.064279 0.000000
vn 0.076604 0.064279 0.000000
vn 0.064279 0.076604 0.000000
vn 0.064279 0.076604 0.000000
vn 0.050000 0.086603 0.000000
vn 0.050000 0.086603 0.000000
vn 0.034202 0.093969 0.000000
vn 0.034202 0.093969 0.000000
vn 0.017365 0.098481 0.000000
vn 0.017365 0.098481 0.000000
vn 0.000000 0.100000 0.000000
vn 0.000000 0.100000 0.000000
vn 0.000000 0.100000 0.000000
vn 0.000000 0.100000 0.000000
vn -0.017365 0.098481 -0.000000
vn -0.017365 0.098481 -0.000000
vn -0.034202 0.093969 -0.000000
vn -0.034202 0.093969 -0.000000
vn -0.050000 0.086603 -0.000000
vn -0.050000 0.086603 -0.000000
vn -0.064279 0.076604 -0.000000
vn -0.064279 0.076604 -0.000000
vn -0.076604 0.064279 -0.000000
vn -0.076604 0.064279 -0.000000
vn -0.086603 0.050000 -0.000000
vn -0.086603 0.050000 -0.000000
vn -0.093969 0.034202 -0.000000
vn -0.093969 0.034202 -0.000000
vn -0.098481 0.017365 -0.000000
vn -0.098481 0.017365 -0.000000
usemtl Steel_-_Satin
f 2/1/1 48/2/2 1/3/3
f 1/3/3 48/2/2 25/4/4
f 1/5/3 25/6/4 24/7/5
f 24/7/5 25/6/4 26/8/6
f 24/7/5 26/8/6 23/9/7
f 23/9/7 26/8/6 27/10/8
f 23/9/7 27/10/8 22/11/9
f 22/11/9 27/10/8 28/12/10
f 22/11/9 28/12/10 21/13/11
f 21/13/11 28/12/10 29/14/12
f 21/13/11 29/14/12 20/15/13
f 20/15/13 29/14/12 30/16/14
f 20/15/13 30/16/14 19/17/15
f 19/17/15 30/16/14 31/18/16
f 19/17/15 31/18/16 18/19/17
f 18/19/17 31/18/16 32/20/18
f 18/19/17 32/20/18 17/21/19
f 17/21/19 32/20/18 33/22/20
f 17/21/19 33/22/20 16/23/21
f 16/23/21 33/22/20 34/24/22
f 16/23/21 34/24/22 15/25/23
f 15/25/23 34/24/22 35/26/24
f 15/25/23 35/26/24 14/27/25
f 14/27/25 35/26/24 36/28/26
f 14/27/25 36/28/26 13/29/27
f 13/29/27 36/28/26 37/30/28
f 13/29/27 37/30/28 12/31/29
f 12/31/29 37/30/28 38/32/30
f 12/31/29 38/32/30 11/33/31
f 11/33/31 38/32/30 39/34/32
f 11/33/31 39/34/32 10/35/33
f 10/35/33 39/34/32 40/36/34
f 10/35/33 40/36/34 9/37/35
f 9/37/35 40/36/34 41/38/36
f 9/37/35 41/38/36 8/39/37
f 8/39/37 41/38/36 42/40/38
f 8/39/37 42/40/38 7/41/39
f 7/41/39 42/40/38 43/42/40
f 7/41/39 43/42/40 6/43/41
f 6/43/41 43/42/40 44/44/42
f 6/43/41 44/44/42 5/45/43
f 5/45/43 44/44/42 45/46/44
f 5/45/43 45/46/44 4/47/45
f 4/47/45 45/46/44 46/48/46
f 4/47/45 46/48/46 3/49/47
f 3/49/47 46/48/46 47/50/48
f 3/49/47 47/50/48 2/1/1
f 2/1/1 47/50/48 48/2/2
f 24/51/49 14/52/50 1/53/51
f 1/53/51 14/52/50 13/54/52
f 1/53/51 13/54/52 2/55/53
f 2/55/53 13/54/52 12/56/54
f 2/55/53 12/56/54 3/57/55
f 3/57/55 12/56/54 11/58/56
f 3/57/55 11/58/56 4/59/57
f 4/59/57 11/58/56 10/60/58
f 4/59/57 10/60/58 5/61/59
f 5/61/59 10/60/58 9/62/60
f 5/61/59 9/62/60 6/63/61
f 6/63/61 9/62/60 8/64/62
f 6/63/61 8/64/62 7/65/63
f 14/52/50 24/51/49 15/66/64
f 15/66/64 24/51/49 23/67/65
f 15/66/64 23/67/65 16/68/66
f 16/68/66 23/67/65 22/69/67
f 16/68/66 22/69/67 17/70/68
f 17/70/68 22/69/67 21/71/69
f 17/70/68 21/71/69 18/72/70
f 18/72/70 21/71/69 20/73/71
f 18/72/70 20/73/71 19/74/72
f 50/75/73 96/76/74 49/77/75
f 49/77/75 96/76/74 73/78/76
f 49/79/75 73/80/76 72/81/77
f 72/81/77 73/80/76 74/82/78
f 72/81/77 74/82/78 71/83/79
f 71/83/79 74/82/78 75/84/80
f 71/83/79 75/84/80 70/85/81
f 70/85/81 75/84/80 76/86/82
f 70/85/81 76/86/82 69/87/83
f 69/87/83 76/86/82 77/88/84
f 69/87/83 77/88/84 68/89/85
f 68/89/85 77/88/84 78/90/86
f 68/89/85 78/90/86 67/91/87
f 67/91/87 78/90/86 79/92/88
f 67/91/87 79/92/88 66/93/89
f 66/93/89 79/92/88 80/94/90
f 66/93/89 80/94/90 65/95/91
f 65/95/91 80/94/90 81/96/92
f 65/95/91 81/96/92 64/97/93
f 64/97/93 81/96/92 82/98/94
f 64/97/93 82/98/94 63/99/95
f 63/99/95 82/98/94 83/100/96
f 63/99/95 83/100/96 62/101/97
f 62/101/97 83/100/96 84/102/98
f 62/101/97 84/102/98 61/103/99
f 61/103/99 84/102/98 85/104/100
f 61/103/99 85/104/100 60/105/101
f 60/105/101 85/104/100 86/106/102
f 60/105/101 86/106/102 59/107/103
f 59/107/103 86/106/102 87/108/104
f 59/107/103 87/108/104 58/109/105
f 58/109/105 87/108/104 88/110/106
f 58/109/105 88/110/106 57/111/107
f 57/111/107 88/110/106 89/112/108
f 57/111/107 89/112/108 56/113/109
f 56/113/109 89/112/108 90/114/110
f 56/113/109 90/114/110 55/115/111
f 55/115/111 90/114/110 91/116/112
f 55/115/111 91/116/112 54/117/113
f 54/117/113 91/116/112 92/118/114
f 54/117/113 92/118/114 53/119/115
f 53/119/115 92/118/114 93/120/116
f 53/119/115 93/120/116 52/121/117
f 52/121/117 93/120/116 94/122/118
f 52/121/117 94/122/118 51/123/119
f 51/123/119 94/122/118 95/124/120
f 51/123/119 95/124/120 50/75/73
f 50/75/73 95/124/120 96/76/74
f 72/125/121 62/126/122 49/127/123
f 49/127/123 62/126/122 61/128/124
f 49/127/123 61/128/124 50/129/125
f 50/129/125 61/128/124 60/130/126
f 50/129/125 60/130/126 51/131/127
f 51/131/127 60/130/126 59/132/128
f 51/131/127 59/132/128 52/133/129
f 52/133/129 59/132/128 58/134/130
f 52/133/129 58/134/130 53/135/131
f 53/135/131 58/134/130 57/136/132
f 53/135/131 57/136/132 54/137/133
f 54/137/133 57/136/132 56/138/134
f 54/137/133 56/138/134 55/139/135
f 62/126/122 72/125/121 63/140/136
f 63/140/136 72/125/121 71/141/137
f 63/140/136 71/141/137 64/142/138
f 64/142/138 71/141/137 70/143/139
f 64/142/138 70/143/139 65/144/140
f 65/144/140 70/143/139 69/145/141
f 65/144/140 69/145/141 66/146/142
f 66/146/142 69/145/141 68/147/143
f 66/146/142 68/147/143 67/148/144
f 98/149/145 99/150/146 97/151/147
f 97/151/147 99/150/146 124/152/148
f 124/152/148 99/150/146 100/153/149
f 124/152/148 100/153/149 123/154/150
f 123/154/150 100/153/149 101/155/151
f 123/154/150 101/155/151 122/156/152
f 122/156/152 101/155/151 102/157/153
f 122/156/152 102/157/153 121/158/154
f 121/158/154 102/157/153 103/159/155
f 121/158/154 103/159/155 120/160/156
f 120/160/156 103/159/155 104/161/157
f 120/160/156 104/161/157 119/162/158
f 119/162/158 104/161/157 105/163/159
f 119/162/158 105/163/159 118/164/160
f 118/164/160 105/163/159 106/165/161
f 118/164/160 106/165/161 117/166/162
f 117/166/162 106/165/161 107/167/163
f 117/166/162 107/167/163 116/168/164
f 116/168/164 107/167/163 108/169/165
f 116/168/164 108/169/165 115/170/166
f 115/170/166 108/169/165 109/171/167
f 115/170/166 109/171/167 114/172/168
f 114/172/168 109/171/167 110/173/169
f 114/172/168 110/173/169 113/174/170
f 113/174/170 110/173/169 112/175/171
f 112/175/171 110/173/169 111/176/172
f 97/177/173 125/178/174 98/179/175
f 98/179/175 125/178/174 126/180/176
f 48/181/177 148/182/178 25/183/179
f 25/183/179 148/182/178 149/184/180
f 25/183/179 149/184/180 26/185/181
f 26/185/181 149/184/180 150/186/182
f 26/185/181 150/186/182 27/187/183
f 27/187/183 150/186/182 151/188/184
f 27/187/183 151/188/184 152/189/185
f 48/181/177 47/190/186 148/182/178
f 148/182/178 47/190/186 112/191/187
f 148/182/178 112/191/187 147/192/188
f 147/192/188 112/191/187 167/193/189
f 147/192/188 167/193/189 254/194/190
f 254/194/190 167/193/189 253/195/191
f 253/195/191 167/193/189 252/196/192
f 252/196/192 167/193/189 251/197/193
f 251/197/193 167/193/189 168/198/194
f 251/197/193 168/198/194 169/199/195
f 47/190/186 46/200/196 112/191/187
f 112/191/187 46/200/196 45/201/197
f 112/191/187 45/201/197 44/202/198
f 112/191/187 44/202/198 113/203/199
f 113/203/199 44/202/198 43/204/200
f 113/203/199 43/204/200 114/205/201
f 114/205/201 43/204/200 115/206/202
f 115/206/202 43/204/200 42/207/203
f 115/206/202 42/207/203 116/208/204
f 116/208/204 42/207/203 41/209/205
f 116/208/204 41/209/205 117/210/206
f 117/210/206 41/209/205 118/211/207
f 118/211/207 41/209/205 40/212/208
f 118/211/207 40/212/208 119/213/209
f 119/213/209 40/212/208 39/214/210
f 119/213/209 39/214/210 120/215/211
f 120/215/211 39/214/210 121/216/212
f 121/216/212 39/214/210 38/217/213
f 121/216/212 38/217/213 122/218/214
f 122/218/214 38/217/213 37/219/215
f 122/218/214 37/219/215 123/220/216
f 123/220/216 37/219/215 124/221/217
f 124/221/217 37/219/215 36/222/218
f 124/221/217 36/222/218 97/223/219
f 97/223/219 36/222/218 35/224/220
f 97/223/219 35/224/220 34/225/221
f 34/225/221 33/226/222 97/223/219
f 97/223/219 33/226/222 157/227/223
f 97/223/219 157/227/223 125/228/224
f 125/228/224 157/227/223 158/229/225
f 125/228/224 158/229/225 77/230/226
f 77/230/226 158/229/225 78/231/227
f 78/231/227 158/229/225 79/232/228
f 79/232/228 158/229/225 159/233/229
f 79/232/228 159/233/229 80/234/230
f 80/234/230 159/233/229 160/235/231
f 80/234/230 160/235/231 81/236/232
f 81/236/232 160/235/231 161/237/233
f 81/236/232 161/237/233 162/238/234
f 33/226/222 32/239/235 157/227/223
f 157/227/223 32/239/235 31/240/236
f 157/227/223 31/240/236 156/241/237
f 156/241/237 31/240/236 30/242/238
f 156/241/237 30/242/238 155/243/239
f 155/243/239 30/242/238 29/244/240
f 155/243/239 29/244/240 154/245/241
f 154/245/241 29/244/240 153/246/242
f 153/246/242 29/244/240 28/247/243
f 153/246/242 28/247/243 152/189/185
f 152/189/185 28/247/243 27/187/183
f 96/248/244 203/249/245 73/250/246
f 73/250/246 203/249/245 204/251/247
f 73/250/246 204/251/247 205/252/248
f 203/249/245 96/248/244 202/253/249
f 202/253/249 96/248/244 95/254/250
f 202/253/249 95/254/250 201/255/251
f 201/255/251 95/254/250 200/256/252
f 200/256/252 95/254/250 94/257/253
f 200/256/252 94/257/253 199/258/254
f 199/258/254 94/257/253 93/259/255
f 199/258/254 93/259/255 198/260/256
f 198/260/256 93/259/255 197/261/257
f 197/261/257 93/259/255 92/262/258
f 197/261/257 92/262/258 196/263/259
f 196/263/259 92/262/258 91/264/260
f 196/263/259 91/264/260 195/265/261
f 195/265/261 91/264/260 194/266/262
f 194/266/262 91/264/260 90/267/263
f 194/266/262 90/267/263 193/268/264
f 193/268/264 90/267/263 89/269/265
f 193/268/264 89/269/265 88/270/266
f 88/270/266 87/271/267 193/268/264
f 193/268/264 87/271/267 127/272/268
f 193/268/264 127/272/268 128/273/269
f 87/271/267 86/274/270 127/272/268
f 127/272/268 86/274/270 85/275/271
f 127/272/268 85/275/271 166/276/272
f 166/276/272 85/275/271 84/277/273
f 166/276/272 84/277/273 165/278/274
f 165/278/274 84/277/273 83/279/275
f 165/278/274 83/279/275 164/280/276
f 164/280/276 83/279/275 163/281/277
f 163/281/277 83/279/275 82/282/278
f 163/281/277 82/282/278 162/238/234
f 162/238/234 82/282/278 81/236/232
f 77/230/226 76/283/279 125/228/224
f 125/228/224 76/283/279 75/284/280
f 125/228/224 75/284/280 74/285/281
f 125/228/224 74/285/281 205/252/248
f 205/252/248 74/285/281 73/250/246
f 129/286/282 218/287/283 128/273/269
f 128/273/269 218/287/283 219/288/284
f 128/273/269 219/288/284 220/289/285
f 129/286/282 130/290/286 218/287/283
f 218/287/283 130/290/286 217/291/287
f 217/291/287 130/290/286 131/292/288
f 217/291/287 131/292/288 216/293/289
f 216/293/289 131/292/288 132/294/290
f 216/293/289 132/294/290 215/295/291
f 215/295/291 132/294/290 133/296/292
f 215/295/291 133/296/292 134/297/293
f 215/295/291 134/297/293 214/298/294
f 214/298/294 134/297/293 135/299/295
f 214/298/294 135/299/295 213/300/296
f 213/300/296 135/299/295 136/301/297
f 213/300/296 136/301/297 137/302/298
f 138/303/299 180/304/300 137/302/298
f 137/302/298 180/304/300 210/305/301
f 137/302/298 210/305/301 211/306/302
f 139/307/303 237/308/304 138/303/299
f 138/303/299 237/308/304 238/309/305
f 138/303/299 238/309/305 239/310/306
f 237/308/304 139/307/303 236/311/307
f 236/311/307 139/307/303 140/312/308
f 236/311/307 140/312/308 235/313/309
f 235/313/309 140/312/308 141/314/310
f 235/313/309 141/314/310 142/315/311
f 235/313/309 142/315/311 234/316/312
f 234/316/312 142/315/311 143/317/313
f 234/316/312 143/317/313 233/318/314
f 233/318/314 143/317/313 144/319/315
f 233/318/314 144/319/315 145/320/316
f 233/318/314 145/320/316 232/321/317
f 232/321/317 145/320/316 146/322/318
f 232/321/317 146/322/318 231/323/319
f 231/323/319 146/322/318 147/192/188
f 231/323/319 147/192/188 255/324/320
f 255/324/320 147/192/188 254/194/190
f 251/197/193 169/199/195 250/325/321
f 250/325/321 169/199/195 170/326/322
f 250/325/321 170/326/322 249/327/323
f 249/327/323 170/326/322 171/328/324
f 249/327/323 171/328/324 248/329/325
f 248/329/325 171/328/324 172/330/326
f 248/329/325 172/330/326 247/331/327
f 247/331/327 172/330/326 173/332/328
f 247/331/327 173/332/328 246/333/329
f 246/333/329 173/332/328 174/334/330
f 246/333/329 174/334/330 245/335/331
f 245/335/331 174/334/330 175/336/332
f 245/335/331 175/336/332 244/337/333
f 244/337/333 175/336/332 176/338/334
f 244/337/333 176/338/334 177/339/335
f 244/337/333 177/339/335 243/340/336
f 243/340/336 177/339/335 178/341/337
f 243/340/336 178/341/337 242/342/338
f 242/342/338 178/341/337 179/343/339
f 242/342/338 179/343/339 241/344/340
f 241/344/340 179/343/339 240/345/341
f 240/345/341 179/343/339 138/303/299
f 240/345/341 138/303/299 239/310/306
f 179/343/339 180/304/300 138/303/299
f 181/346/342 208/347/343 180/304/300
f 180/304/300 208/347/343 209/348/344
f 180/304/300 209/348/344 210/305/301
f 208/347/343 181/346/342 207/349/345
f 207/349/345 181/346/342 182/350/346
f 207/349/345 182/350/346 206/351/347
f 206/351/347 182/350/346 183/352/348
f 206/351/347 183/352/348 230/353/349
f 230/353/349 183/352/348 184/354/350
f 230/353/349 184/354/350 229/355/351
f 229/355/351 184/354/350 185/356/352
f 229/355/351 185/356/352 228/357/353
f 228/357/353 185/356/352 186/358/354
f 228/357/353 186/358/354 227/359/355
f 227/359/355 186/358/354 187/360/356
f 227/359/355 187/360/356 188/361/357
f 227/359/355 188/361/357 226/362/358
f 226/362/358 188/361/357 189/363/359
f 226/362/358 189/363/359 225/364/360
f 225/364/360 189/363/359 190/365/361
f 225/364/360 190/365/361 224/366/362
f 224/366/362 190/365/361 191/367/363
f 224/366/362 191/367/363 223/368/364
f 223/368/364 191/367/363 192/369/365
f 223/368/364 192/369/365 222/370/366
f 222/370/366 192/369/365 221/371/367
f 221/371/367 192/369/365 128/273/269
f 221/371/367 128/273/269 220/289/285
f 192/369/365 193/268/264 128/273/269
f 211/306/302 212/372/368 137/302/298
f 137/302/298 212/372/368 213/300/296
f 256/373/369 257/374/370 193/375/371
f 193/375/371 257/374/370 194/376/372
f 194/376/372 257/374/370 258/377/373
f 194/376/372 258/377/373 195/378/374
f 195/378/374 258/377/373 259/379/375
f 195/378/374 259/379/375 196/380/376
f 196/380/376 259/379/375 260/381/377
f 196/380/376 260/381/377 197/382/378
f 197/382/378 260/381/377 261/383/379
f 197/382/378 261/383/379 198/384/380
f 198/384/380 261/383/379 262/385/381
f 198/384/380 262/385/381 199/386/382
f 199/386/382 262/385/381 263/387/383
f 199/386/382 263/387/383 200/388/384
f 200/388/384 263/387/383 264/389/385
f 200/388/384 264/389/385 201/390/386
f 201/390/386 264/389/385 265/391/387
f 201/390/386 265/391/387 202/392/388
f 202/392/388 265/391/387 266/393/389
f 202/392/388 266/393/389 203/394/390
f 203/394/390 266/393/389 267/395/391
f 203/394/390 267/395/391 204/396/392
f 204/396/392 267/395/391 268/397/393
f 204/396/392 268/397/393 205/398/394
f 205/398/394 268/397/393 125/399/395
f 125/399/395 268/397/393 126/400/396
f 193/401/397 192/402/398 256/403/399
f 256/403/399 192/402/398 269/404/400
f 271/405/401 231/406/402 270/407/403
f 270/408/403 231/409/402 255/410/404
f 270/408/403 255/410/404 294/411/405
f 294/411/405 255/410/404 254/412/406
f 294/411/405 254/412/406 293/413/407
f 293/413/407 254/412/406 253/414/408
f 293/413/407 253/414/408 292/415/409
f 292/415/409 253/414/408 252/416/410
f 292/415/409 252/416/410 291/417/411
f 291/417/411 252/416/410 251/418/412
f 291/417/411 251/418/412 290/419/413
f 290/419/413 251/418/412 250/420/414
f 290/419/413 250/420/414 289/421/415
f 289/421/415 250/420/414 249/422/416
f 289/421/415 249/422/416 288/423/417
f 288/423/417 249/422/416 248/424/418
f 288/423/417 248/424/418 287/425/419
f 287/425/419 248/424/418 247/426/420
f 287/425/419 247/426/420 286/427/421
f 286/427/421 247/426/420 285/428/422
f 285/428/422 247/426/420 246/429/423
f 285/428/422 246/429/423 284/430/424
f 284/430/424 246/429/423 245/431/425
f 284/430/424 245/431/425 283/432/426
f 283/432/426 245/431/425 244/433/427
f 283/432/426 244/433/427 282/434/428
f 282/434/428 244/433/427 243/435/429
f 282/434/428 243/435/429 281/436/430
f 281/436/430 243/435/429 242/437/431
f 281/436/430 242/437/431 280/438/432
f 280/438/432 242/437/431 241/439/433
f 280/438/432 241/439/433 279/440/434
f 279/440/434 241/439/433 240/441/435
f 279/440/434 240/441/435 278/442/436
f 278/442/436 240/441/435 239/443/437
f 278/442/436 239/443/437 277/444/438
f 277/444/438 239/443/437 238/445/439
f 277/444/438 238/445/439 276/446/440
f 276/446/440 238/445/439 237/447/441
f 276/446/440 237/447/441 275/448/442
f 275/448/442 237/447/441 236/449/443
f 275/448/442 236/449/443 274/450/444
f 274/450/444 236/449/443 235/451/445
f 274/450/444 235/451/445 234/452/446
f 231/406/402 271/405/401 232/453/447
f 232/453/447 271/405/401 272/454/448
f 232/453/447 272/454/448 233/455/449
f 233/455/449 272/454/448 273/456/450
f 233/455/449 273/456/450 234/452/446
f 234/452/446 273/456/450 274/450/444
f 296/457/451 207/458/452 295/459/453
f 295/459/453 207/458/452 206/460/454
f 295/461/453 206/462/454 230/463/455
f 207/458/452 296/457/451 208/464/456
f 208/464/456 296/457/451 297/465/457
f 208/464/456 297/465/457 209/466/458
f 209/466/458 297/465/457 298/467/459
f 209/466/458 298/467/459 210/468/460
f 210/468/460 298/467/459 299/469/461
f 210/468/460 299/469/461 211/470/462
f 211/470/462 299/469/461 300/471/463
f 211/470/462 300/471/463 212/472/464
f 212/472/464 300/471/463 301/473/465
f 212/472/464 301/473/465 213/474/466
f 213/474/466 301/473/465 302/475/467
f 213/474/466 302/475/467 214/476/468
f 214/476/468 302/475/467 303/477/469
f 214/476/468 303/477/469 215/478/470
f 215/478/470 303/477/469 304/479/471
f 215/478/470 304/479/471 216/480/472
f 216/480/472 304/479/471 305/481/473
f 216/480/472 305/481/473 217/482/474
f 217/482/474 305/481/473 306/483/475
f 217/482/474 306/483/475 218/484/476
f 218/484/476 306/483/475 307/485/477
f 218/484/476 307/485/477 219/486/478
f 219/486/478 307/485/477 308/487/479
f 219/486/478 308/487/479 309/488/480
f 219/486/478 309/488/480 220/489/481
f 220/489/481 309/488/480 310/490/482
f 220/489/481 310/490/482 221/491/483
f 221/491/483 310/490/482 311/492/484
f 221/491/483 311/492/484 222/493/485
f 222/493/485 311/492/484 312/494/486
f 222/493/485 312/494/486 223/495/487
f 223/495/487 312/494/486 313/496/488
f 223/495/487 313/496/488 224/497/489
f 224/497/489 313/496/488 314/498/490
f 224/497/489 314/498/490 225/499/491
f 225/499/491 314/498/490 315/500/492
f 225/499/491 315/500/492 226/501/493
f 226/501/493 315/500/492 316/502/494
f 226/501/493 316/502/494 227/503/495
f 227/503/495 316/502/494 317/504/496
f 227/503/495 317/504/496 228/505/497
f 228/505/497 317/504/496 318/506/498
f 228/505/497 318/506/498 229/507/499
f 229/507/499 318/506/498 319/508/500
f 229/507/499 319/508/500 230/463/455
f 230/463/455 319/508/500 295/461/453
f 294/509/501 346/510/502 270/511/403
f 270/511/403 346/510/502 347/512/503
f 270/511/403 347/512/503 271/513/504
f 271/513/504 347/512/503 369/514/505
f 271/513/504 369/514/505 272/515/506
f 272/515/506 369/514/505 368/516/507
f 272/515/506 368/516/507 273/517/508
f 273/517/508 368/516/507 367/518/509
f 273/517/508 367/518/509 274/519/510
f 274/519/510 367/518/509 366/520/511
f 274/519/510 366/520/511 275/521/512
f 275/521/512 366/520/511 365/522/513
f 275/521/512 365/522/513 276/523/514
f 276/523/514 365/522/513 364/524/515
f 276/523/514 364/524/515 277/525/516
f 277/525/516 364/524/515 363/526/517
f 277/525/516 363/526/517 278/527/518
f 278/527/518 363/526/517 362/528/519
f 278/527/518 362/528/519 279/529/520
f 279/529/520 362/528/519 361/530/521
f 279/529/520 361/530/521 280/531/522
f 280/531/522 361/530/521 360/532/523
f 280/531/522 360/532/523 281/533/524
f 281/533/524 360/532/523 359/534/525
f 281/533/524 359/534/525 282/535/526
f 282/535/526 359/534/525 345/536/527
f 282/535/526 345/536/527 283/537/528
f 283/538/528 345/539/527 358/540/529
f 283/538/528 358/540/529 284/541/530
f 284/541/530 358/540/529 357/542/531
f 284/541/530 357/542/531 285/543/532
f 285/543/532 357/542/531 356/544/533
f 285/543/532 356/544/533 286/545/534
f 286/545/534 356/544/533 355/546/535
f 286/545/534 355/546/535 287/547/536
f 287/547/536 355/546/535 354/548/537
f 287/547/536 354/548/537 288/549/538
f 288/549/538 354/548/537 353/550/539
f 288/549/538 353/550/539 289/551/540
f 289/551/540 353/550/539 352/552/541
f 289/551/540 352/552/541 290/553/542
f 290/553/542 352/552/541 351/554/543
f 290/553/542 351/554/543 291/555/544
f 291/555/544 351/554/543 350/556/545
f 291/555/544 350/556/545 292/557/546
f 292/557/546 350/556/545 349/558/547
f 292/557/546 349/558/547 293/559/548
f 293/559/548 349/558/547 348/560/549
f 293/559/548 348/560/549 294/509/501
f 294/509/501 348/560/549 346/510/502
f 321/561/550 358/540/529 320/562/551
f 320/562/551 358/540/529 345/539/527
f 320/563/551 345/536/527 344/564/552
f 344/564/552 345/536/527 359/534/525
f 344/564/552 359/534/525 343/565/553
f 343/565/553 359/534/525 360/532/523
f 343/565/553 360/532/523 342/566/554
f 342/566/554 360/532/523 361/530/521
f 342/566/554 361/530/521 341/567/555
f 341/567/555 361/530/521 362/528/519
f 341/567/555 362/528/519 340/568/556
f 340/568/556 362/528/519 363/526/517
f 340/568/556 363/526/517 339/569/557
f 339/569/557 363/526/517 364/524/515
f 339/569/557 364/524/515 338/570/558
f 338/570/558 364/524/515 365/522/513
f 338/570/558 365/522/513 337/571/559
f 337/571/559 365/522/513 366/520/511
f 337/571/559 366/520/511 336/572/560
f 336/572/560 366/520/511 367/518/509
f 336/572/560 367/518/509 335/573/561
f 335/573/561 367/518/509 368/516/507
f 335/573/561 368/516/507 334/574/562
f 334/574/562 368/516/507 369/514/505
f 334/574/562 369/514/505 333/575/563
f 333/575/563 369/514/505 347/512/503
f 333/575/563 347/512/503 332/576/564
f 332/576/564 347/512/503 346/510/502
f 332/576/564 346/510/502 331/577/565
f 331/577/565 346/510/502 348/560/549
f 331/577/565 348/560/549 330/578/566
f 330/578/566 348/560/549 349/558/547
f 330/578/566 349/558/547 329/579/567
f 329/579/567 349/558/547 350/556/545
f 329/579/567 350/556/545 328/580/568
f 328/580/568 350/556/545 351/554/543
f 328/580/568 351/554/543 327/581/569
f 327/581/569 351/554/543 352/552/541
f 327/581/569 352/552/541 326/582/570
f 326/582/570 352/552/541 353/550/539
f 326/582/570 353/550/539 325/583/571
f 325/583/571 353/550/539 354/548/537
f 325/583/571 354/548/537 324/584/572
f 324/584/572 354/548/537 355/546/535
f 324/584/572 355/546/535 323/585/573
f 323/585/573 355/546/535 356/544/533
f 323/585/573 356/544/533 322/586/574
f 322/586/574 356/544/533 357/542/531
f 322/586/574 357/542/531 321/561/550
f 321/561/550 357/542/531 358/540/529
f 319/587/575 396/588/576 295/589/453
f 295/589/453 396/588/576 397/590/577
f 295/589/453 397/590/577 296/591/578
f 296/591/578 397/590/577 419/592/579
f 296/591/578 419/592/579 297/593/580
f 297/593/580 419/592/579 418/594/581
f 297/593/580 418/594/581 298/595/582
f 298/595/582 418/594/581 417/596/583
f 298/595/582 417/596/583 299/597/584
f 299/597/584 417/596/583 416/598/585
f 299/597/584 416/598/585 300/599/586
f 300/599/586 416/598/585 415/600/587
f 300/599/586 415/600/587 301/601/588
f 301/601/588 415/600/587 414/602/589
f 301/601/588 414/602/589 302/603/590
f 302/603/590 414/602/589 413/604/591
f 302/603/590 413/604/591 303/605/592
f 303/605/592 413/604/591 412/606/593
f 303/605/592 412/606/593 304/607/594
f 304/607/594 412/606/593 411/608/595
f 304/607/594 411/608/595 305/609/596
f 305/609/596 411/608/595 410/610/597
f 305/609/596 410/610/597 306/611/598
f 306/611/598 410/610/597 409/612/599
f 306/611/598 409/612/599 307/613/600
f 307/613/600 409/612/599 395/614/601
f 307/613/600 395/614/601 308/615/602
f 308/616/602 395/617/601 408/618/603
f 308/616/602 408/618/603 309/619/604
f 309/619/604 408/618/603 407/620/605
f 309/619/604 407/620/605 310/621/606
f 310/621/606 407/620/605 406/622/607
f 310/621/606 406/622/607 311/623/608
f 311/623/608 406/622/607 405/624/609
f 311/623/608 405/624/609 312/625/610
f 312/625/610 405/624/609 404/626/611
f 312/625/610 404/626/611 313/627/612
f 313/627/612 404/626/611 403/628/613
f 313/627/612 403/628/613 314/629/614
f 314/629/614 403/628/613 402/630/615
f 314/629/614 402/630/615 315/631/616
f 315/631/616 402/630/615 401/632/617
f 315/631/616 401/632/617 316/633/618
f 316/633/618 401/632/617 400/634/619
f 316/633/618 400/634/619 317/635/620
f 317/635/620 400/634/619 399/636/621
f 317/635/620 399/636/621 318/637/622
f 318/637/622 399/636/621 398/638/623
f 318/637/622 398/638/623 319/587/575
f 319/587/575 398/638/623 396/588/576
f 371/639/624 408/618/603 370/640/625
f 370/640/625 408/618/603 395/617/601
f 370/641/625 395/614/601 394/642/626
f 394/642/626 395/614/601 409/612/599
f 394/642/626 409/612/599 393/643/627
f 393/643/627 409/612/599 410/610/597
f 393/643/627 410/610/597 392/644/628
f 392/644/628 410/610/597 411/608/595
f 392/644/628 411/608/595 391/645/629
f 391/645/629 411/608/595 412/606/593
f 391/645/629 412/606/593 390/646/630
f 390/646/630 412/606/593 413/604/591
f 390/646/630 413/604/591 389/647/631
f 389/647/631 413/604/591 414/602/589
f 389/647/631 414/602/589 388/648/632
f 388/648/632 414/602/589 415/600/587
f 388/648/632 415/600/587 387/649/633
f 387/649/633 415/600/587 416/598/585
f 387/649/633 416/598/585 386/650/634
f 386/650/634 416/598/585 417/596/583
f 386/650/634 417/596/583 385/651/635
f 385/651/635 417/596/583 418/594/581
f 385/651/635 418/594/581 384/652/636
f 384/652/636 418/594/581 419/592/579
f 384/652/636 419/592/579 383/653/637
f 383/653/637 419/592/579 397/590/577
f 383/653/637 397/590/577 382/654/638
f 382/654/638 397/590/577 396/588/576
f 382/654/638 396/588/576 381/655/639
f 381/655/639 396/588/576 398/638/623
f 381/655/639 398/638/623 380/656/640
f 380/656/640 398/638/623 399/636/621
f 380/656/640 399/636/621 379/657/641
f 379/657/641 399/636/621 400/634/619
f 379/657/641 400/634/619 378/658/642
f 378/658/642 400/634/619 401/632/617
f 378/658/642 401/632/617 377/659/643
f 377/659/643 401/632/617 402/630/615
f 377/659/643 402/630/615 376/660/644
f 376/660/644 402/630/615 403/628/613
f 376/660/644 403/628/613 375/661/645
f 375/661/645 403/628/613 404/626/611
f 375/661/645 404/626/611 374/662/646
f 374/662/646 404/626/611 405/624/609
f 374/662/646 405/624/609 373/663/647
f 373/663/647 405/624/609 406/622/607
f 373/663/647 406/622/607 372/664/648
f 372/664/648 406/622/607 407/620/605
f 372/664/648 407/620/605 371/639/624
f 371/639/624 407/620/605 408/618/603
f 439/665/649 420/666/650 438/667/651
f 438/667/651 420/666/650 421/668/652
f 438/667/651 421/668/652 422/669/653
f 438/667/651 422/669/653 437/670/654
f 437/670/654 422/669/653 423/671/655
f 437/670/654 423/671/655 436/672/656
f 436/672/656 423/671/655 435/673/657
f 435/673/657 423/671/655 424/674/658
f 435/673/657 424/674/658 434/675/659
f 434/675/659 424/674/658 425/676/660
f 434/675/659 425/676/660 426/677/661
f 434/675/659 426/677/661 433/678/662
f 433/678/662 426/677/661 427/679/663
f 433/678/662 427/679/663 432/680/664
f 432/680/664 427/679/663 431/681/665
f 431/681/665 427/679/663 428/682/666
f 431/681/665 428/682/666 430/683/667
f 430/683/667 428/682/666 429/684/668
f 430/685/667 429/686/668 441/687/669
f 441/687/669 429/686/668 440/688/670
f 442/689/671 443/690/672 445/691/673
f 445/691/673 443/690/672 444/692/674
f 443/693/675 446/694/676 444/695/677
f 444/695/677 446/694/676 447/696/678
f 446/697/679 448/698/680 447/699/681
f 447/699/681 448/698/680 449/700/682
f 448/701/683 442/702/684 449/703/685
f 449/703/685 442/702/684 445/704/686
f 450/705/687 439/706/649 459/707/688
f 459/707/688 439/706/649 460/708/689
f 459/707/688 460/708/689 458/709/690
f 458/709/690 460/708/689 461/710/691
f 458/709/690 461/710/691 457/711/692
f 457/711/692 461/710/691 462/712/693
f 457/711/692 462/712/693 456/713/694
f 456/713/694 462/712/693 455/714/695
f 455/714/695 462/712/693 463/715/696
f 455/714/695 463/715/696 454/716/697
f 454/716/697 463/715/696 464/717/698
f 454/716/697 464/717/698 453/718/699
f 453/718/699 464/717/698 452/719/700
f 452/719/700 464/717/698 432/720/701
f 452/719/700 432/720/701 431/721/702
f 439/706/649 438/722/703 460/708/689
f 460/708/689 438/722/703 437/723/704
f 460/708/689 437/723/704 461/710/691
f 461/710/691 437/723/704 436/724/705
f 461/710/691 436/724/705 462/712/693
f 462/712/693 436/724/705 435/725/706
f 462/712/693 435/725/706 434/726/707
f 462/712/693 434/726/707 463/715/696
f 463/715/696 434/726/707 433/727/708
f 463/715/696 433/727/708 464/717/698
f 464/717/698 433/727/708 432/720/701
f 431/721/702 430/728/709 452/719/700
f 452/719/700 430/728/709 451/729/710
f 465/730/711 450/731/687 474/732/712
f 474/732/712 450/731/687 459/733/713
f 474/732/712 459/733/713 458/734/714
f 474/732/712 458/734/714 473/735/715
f 473/735/715 458/734/714 457/736/716
f 473/735/715 457/736/716 472/737/717
f 472/737/717 457/736/716 471/738/718
f 471/738/718 457/736/716 456/739/719
f 471/738/718 456/739/719 470/740/720
f 470/740/720 456/739/719 455/741/721
f 470/740/720 455/741/721 454/742/722
f 470/740/720 454/742/722 469/743/723
f 469/743/723 454/742/722 453/744/724
f 469/743/723 453/744/724 468/745/725
f 468/745/725 453/744/724 467/746/726
f 467/746/726 453/744/724 452/747/727
f 467/746/726 452/747/727 466/748/728
f 466/748/728 452/747/727 451/749/729
f 429/750/730 428/751/731 466/752/732
f 466/752/732 428/751/731 467/753/733
f 467/753/733 428/751/731 468/754/734
f 468/754/734 428/751/731 476/755/735
f 468/754/734 476/755/735 469/756/736
f 469/756/736 476/755/735 475/757/737
f 469/756/736 475/757/737 470/758/738
f 470/758/738 475/757/737 477/759/739
f 470/758/738 477/759/739 471/760/740
f 471/760/740 477/759/739 472/761/741
f 472/761/741 477/759/739 478/762/742
f 472/761/741 478/762/742 473/763/743
f 473/763/743 478/762/742 479/764/744
f 473/763/743 479/764/744 474/765/745
f 474/765/745 479/764/744 465/766/711
f 465/766/711 479/764/744 421/767/746
f 465/766/711 421/767/746 420/768/650
f 428/751/731 427/769/747 476/755/735
f 476/755/735 427/769/747 426/770/748
f 476/755/735 426/770/748 475/757/737
f 475/757/737 426/770/748 425/771/749
f 475/757/737 425/771/749 477/759/739
f 477/759/739 425/771/749 424/772/750
f 477/759/739 424/772/750 423/773/751
f 477/759/739 423/773/751 478/762/742
f 478/762/742 423/773/751 422/774/752
f 478/762/742 422/774/752 479/764/744
f 479/764/744 422/774/752 421/767/746
f 504/775/753 111/776/754 503/777/755
f 503/777/755 111/776/754 110/778/756
f 503/777/755 110/778/756 450/779/687
f 450/779/687 110/778/756 109/780/757
f 450/779/687 109/780/757 108/781/758
f 108/781/758 107/782/759 450/779/687
f 450/779/687 107/782/759 106/783/760
f 450/779/687 106/783/760 105/784/761
f 105/784/761 104/785/762 450/779/687
f 450/779/687 104/785/762 103/786/763
f 450/779/687 103/786/763 439/787/649
f 439/787/649 103/786/763 102/788/764
f 439/787/649 102/788/764 265/789/765
f 265/789/765 102/788/764 101/790/766
f 265/789/765 101/790/766 266/791/767
f 266/791/767 101/790/766 100/792/768
f 266/791/767 100/792/768 267/793/769
f 267/793/769 100/792/768 268/794/770
f 268/794/770 100/792/768 99/795/771
f 268/794/770 99/795/771 126/796/772
f 126/796/772 99/795/771 98/797/773
f 265/789/765 264/798/774 439/787/649
f 439/787/649 264/798/774 263/799/775
f 439/787/649 263/799/775 262/800/776
f 262/800/776 261/801/777 439/787/649
f 439/787/649 261/801/777 260/802/778
f 439/787/649 260/802/778 259/803/779
f 439/787/649 259/803/779 482/804/780
f 482/804/780 259/803/779 258/805/781
f 482/804/780 258/805/781 481/806/782
f 481/806/782 258/805/781 257/807/783
f 481/806/782 257/807/783 480/808/784
f 480/808/784 257/807/783 256/809/785
f 480/808/784 256/809/785 269/810/786
f 482/804/780 483/811/787 439/787/649
f 439/787/649 483/811/787 420/812/650
f 420/812/650 483/811/787 484/813/788
f 420/812/650 484/813/788 485/814/789
f 485/814/789 486/815/790 420/812/650
f 420/812/650 486/815/790 487/816/791
f 420/812/650 487/816/791 488/817/792
f 488/817/792 489/818/793 420/812/650
f 420/812/650 489/818/793 490/819/794
f 420/812/650 490/819/794 493/820/795
f 493/820/795 490/819/794 491/821/796
f 493/820/795 491/821/796 492/822/797
f 493/820/795 494/823/798 420/812/650
f 420/812/650 494/823/798 465/824/711
f 465/824/711 494/823/798 495/825/799
f 465/824/711 495/825/799 496/826/800
f 496/826/800 497/827/801 465/824/711
f 465/824/711 497/827/801 498/828/802
f 465/824/711 498/828/802 499/829/803
f 499/829/803 500/830/804 465/824/711
f 465/824/711 500/830/804 501/831/805
f 465/824/711 501/831/805 450/779/687
f 450/779/687 501/831/805 502/832/806
f 450/779/687 502/832/806 503/777/755
f 451/833/710 430/834/709 505/835/807
f 505/835/807 430/834/709 441/836/808
f 466/837/728 451/838/729 506/839/809
f 506/839/809 451/838/729 505/840/810
f 429/841/730 466/842/732 440/843/811
f 440/843/811 466/842/732 506/844/812
f 440/845/813 506/846/814 441/847/815
f 441/847/815 506/846/814 505/848/816
f 167/849/817 112/850/818 447/851/819
f 447/851/819 112/850/818 111/852/820
f 447/851/819 111/852/820 444/853/821
f 444/853/821 111/852/820 504/854/822
f 444/853/821 504/854/822 445/855/823
f 445/855/823 504/854/822 449/856/824
f 449/856/824 504/854/822 167/849/817
f 449/856/824 167/849/817 447/851/819
f 167/857/825 504/858/826 168/859/827
f 168/859/827 504/858/826 503/860/828
f 168/859/827 503/860/828 169/861/829
f 169/861/829 503/860/828 502/862/830
f 169/861/829 502/862/830 170/863/831
f 170/863/831 502/862/830 501/864/832
f 170/863/831 501/864/832 171/865/833
f 171/865/833 501/864/832 500/866/834
f 171/865/833 500/866/834 172/867/835
f 172/867/835 500/866/834 499/868/836
f 172/867/835 499/868/836 173/869/837
f 173/869/837 499/868/836 498/870/838
f 173/869/837 498/870/838 174/871/839
f 174/871/839 498/870/838 497/872/840
f 174/871/839 497/872/840 175/873/841
f 175/873/841 497/872/840 496/874/842
f 175/873/841 496/874/842 176/875/843
f 176/875/843 496/874/842 495/876/844
f 176/875/843 495/876/844 177/877/845
f 177/877/845 495/876/844 494/878/846
f 177/877/845 494/878/846 178/879/847
f 178/879/847 494/878/846 493/880/848
f 178/879/847 493/880/848 179/881/849
f 179/881/849 493/880/848 492/882/850
f 491/883/851 514/884/852 492/885/853
f 492/885/853 514/884/852 515/886/854
f 492/885/853 515/886/854 516/887/855
f 180/888/856 532/889/857 491/883/851
f 491/883/851 532/889/857 533/890/858
f 491/883/851 533/890/858 534/891/859
f 179/892/860 530/893/861 180/888/856
f 180/888/856 530/893/861 531/894/862
f 180/888/856 531/894/862 532/889/857
f 492/885/853 527/895/863 179/892/860
f 179/892/860 527/895/863 528/896/864
f 179/892/860 528/896/864 529/897/865
f 536/898/866 507/899/867 491/883/851
f 491/883/851 507/899/867 508/900/868
f 491/883/851 508/900/868 509/901/869
f 509/901/869 510/902/870 491/883/851
f 491/883/851 510/902/870 511/903/871
f 491/883/851 511/903/871 512/904/872
f 512/904/872 513/905/873 491/883/851
f 491/883/851 513/905/873 514/884/852
f 516/887/855 517/906/874 492/885/853
f 492/885/853 517/906/874 518/907/875
f 492/885/853 518/907/875 519/908/876
f 519/908/876 520/909/877 492/885/853
f 492/885/853 520/909/877 521/910/878
f 492/885/853 521/910/878 522/911/879
f 522/911/879 523/912/880 492/885/853
f 492/885/853 523/912/880 524/913/881
f 492/885/853 524/913/881 525/914/882
f 525/914/882 526/915/883 492/885/853
f 492/885/853 526/915/883 527/895/863
f 529/897/865 530/893/861 179/892/860
f 534/891/859 535/916/884 491/883/851
f 491/883/851 535/916/884 536/898/866
f 537/917/885 538/918/886 507/919/887
f 507/919/887 538/918/886 508/920/888
f 538/918/886 539/921/889 508/922/888
f 508/922/888 539/921/889 509/923/890
f 509/923/890 539/921/889 510/924/891
f 510/924/891 539/921/889 540/925/892
f 510/924/891 540/925/892 511/926/893
f 511/926/893 540/925/892 541/927/894
f 511/926/893 541/927/894 512/928/895
f 512/928/895 541/927/894 542/929/896
f 512/928/895 542/929/896 513/930/897
f 513/930/897 542/929/896 543/931/898
f 513/930/897 543/931/898 514/932/899
f 514/932/899 543/931/898 544/933/900
f 544/934/901 545/935/902 514/936/903
f 514/936/903 545/935/902 515/937/904
f 545/935/905 546/938/906 515/939/907
f 515/939/907 546/938/906 516/940/908
f 516/940/908 546/938/906 517/941/909
f 517/941/909 546/938/906 547/942/910
f 517/941/909 547/942/910 518/943/911
f 518/943/911 547/942/910 548/944/912
f 518/943/911 548/944/912 519/945/913
f 519/945/913 548/944/912 549/946/914
f 519/945/913 549/946/914 520/947/915
f 520/947/915 549/946/914 550/948/916
f 520/947/915 550/948/916 521/949/917
f 521/949/917 550/948/916 551/950/918
f 551/951/918 552/952/919 521/953/917
f 521/953/917 552/952/919 522/954/920
f 552/952/921 553/955/922 522/956/923
f 522/956/923 553/955/922 523/957/924
f 523/957/924 553/955/922 554/958/925
f 523/957/924 554/958/925 524/959/926
f 524/959/926 554/958/925 555/960/927
f 524/959/926 555/960/927 525/961/928
f 525/961/928 555/960/927 556/962/929
f 525/961/928 556/962/929 526/963/930
f 526/963/930 556/962/929 557/964/931
f 526/963/930 557/964/931 527/965/932
f 527/965/932 557/964/931 558/966/933
f 527/965/932 558/966/933 528/967/934
f 528/967/934 558/966/933 529/968/935
f 529/968/935 558/966/933 559/969/936
f 559/970/936 560/971/937 529/972/935
f 529/972/935 560/971/937 530/973/938
f 560/971/937 561/974/939 530/975/938
f 530/975/938 561/974/939 531/976/940
f 531/976/940 561/974/939 562/977/941
f 531/976/940 562/977/941 532/978/942
f 532/978/942 562/977/941 563/979/943
f 532/978/942 563/979/943 533/980/944
f 533/980/944 563/979/943 564/981/945
f 533/980/944 564/981/945 534/982/946
f 534/982/946 564/981/945 565/983/947
f 534/982/946 565/983/947 535/984/948
f 535/984/948 565/983/947 566/985/949
f 535/984/948 566/985/949 536/986/950
f 536/986/950 566/985/949 507/987/951
f 507/987/951 566/985/949 537/988/952
f 344/989/953 599/990/954 320/991/955
f 320/991/955 599/990/954 567/992/956
f 320/991/955 567/992/956 568/993/957
f 599/990/954 344/989/953 598/994/958
f 598/994/958 344/989/953 343/995/959
f 598/994/958 343/995/959 597/996/960
f 597/996/960 343/995/959 342/997/961
f 597/996/960 342/997/961 596/998/962
f 596/998/962 342/997/961 595/999/963
f 595/999/963 342/997/961 341/1000/964
f 595/999/963 341/1000/964 594/1001/965
f 594/1001/965 341/1000/964 340/1002/966
f 594/1001/965 340/1002/966 593/1003/967
f 593/1003/967 340/1002/966 339/1004/968
f 593/1003/967 339/1004/968 592/1005/969
f 592/1005/969 339/1004/968 591/1006/970
f 591/1006/970 339/1004/968 338/1007/971
f 591/1006/970 338/1007/971 590/1008/972
f 590/1008/972 338/1007/971 337/1009/973
f 590/1008/972 337/1009/973 589/1010/974
f 589/1010/974 337/1009/973 336/1011/975
f 589/1010/974 336/1011/975 588/1012/976
f 588/1012/976 336/1011/975 587/1013/977
f 587/1013/977 336/1011/975 335/1014/978
f 587/1013/977 335/1014/978 586/1015/979
f 586/1015/979 335/1014/978 334/1016/980
f 586/1015/979 334/1016/980 585/1017/981
f 585/1017/981 334/1016/980 333/1018/982
f 585/1017/981 333/1018/982 584/1019/983
f 584/1019/983 333/1018/982 583/1020/984
f 583/1020/984 333/1018/982 332/1021/985
f 583/1022/984 332/1023/985 582/1024/986
f 582/1024/986 332/1023/985 331/1025/987
f 582/1024/986 331/1025/987 581/1026/988
f 581/1026/988 331/1025/987 330/1027/989
f 581/1026/988 330/1027/989 580/1028/990
f 580/1028/990 330/1027/989 329/1029/991
f 580/1028/990 329/1029/991 579/1030/992
f 579/1030/992 329/1029/991 578/1031/993
f 578/1031/993 329/1029/991 328/1032/994
f 578/1031/993 328/1032/994 577/1033/995
f 577/1033/995 328/1032/994 327/1034/996
f 577/1033/995 327/1034/996 576/1035/997
f 576/1035/997 327/1034/996 326/1036/998
f 576/1035/997 326/1036/998 575/1037/999
f 575/1037/999 326/1036/998 574/1038/1000
f 574/1038/1000 326/1036/998 325/1039/1001
f 574/1038/1000 325/1039/1001 573/1040/1002
f 573/1040/1002 325/1039/1001 324/1041/1003
f 573/1040/1002 324/1041/1003 572/1042/1004
f 572/1042/1004 324/1041/1003 323/1043/1005
f 572/1042/1004 323/1043/1005 571/1044/1006
f 571/1044/1006 323/1043/1005 570/1045/1007
f 570/1045/1007 323/1043/1005 322/1046/1008
f 570/1045/1007 322/1046/1008 569/1047/1009
f 569/1047/1009 322/1046/1008 321/1048/1010
f 569/1047/1009 321/1048/1010 568/993/957
f 568/993/957 321/1048/1010 320/991/955
f 394/1049/1011 632/1050/1012 370/1051/1013
f 370/1051/1013 632/1050/1012 600/1052/1014
f 370/1051/1013 600/1052/1014 601/1053/1015
f 632/1050/1012 394/1049/1011 631/1054/1016
f 631/1054/1016 394/1049/1011 393/1055/1017
f 631/1054/1016 393/1055/1017 630/1056/1018
f 630/1056/1018 393/1055/1017 392/1057/1019
f 630/1056/1018 392/1057/1019 629/1058/1020
f 629/1058/1020 392/1057/1019 628/1059/1021
f 628/1059/1021 392/1057/1019 391/1060/1022
f 628/1059/1021 391/1060/1022 627/1061/1023
f 627/1061/1023 391/1060/1022 390/1062/1024
f 627/1061/1023 390/1062/1024 626/1063/1025
f 626/1063/1025 390/1062/1024 389/1064/1026
f 626/1063/1025 389/1064/1026 625/1065/1027
f 625/1065/1027 389/1064/1026 624/1066/1028
f 624/1066/1028 389/1064/1026 388/1067/1029
f 624/1066/1028 388/1067/1029 623/1068/1030
f 623/1068/1030 388/1067/1029 387/1069/1031
f 623/1068/1030 387/1069/1031 622/1070/1032
f 622/1070/1032 387/1069/1031 386/1071/1033
f 622/1070/1032 386/1071/1033 621/1072/1034
f 621/1072/1034 386/1071/1033 620/1073/1035
f 620/1073/1035 386/1071/1033 385/1074/1036
f 620/1073/1035 385/1074/1036 619/1075/1037
f 619/1075/1037 385/1074/1036 384/1076/1038
f 619/1075/1037 384/1076/1038 618/1077/1039
f 618/1077/1039 384/1076/1038 383/1078/1040
f 618/1077/1039 383/1078/1040 617/1079/1041
f 617/1079/1041 383/1078/1040 616/1080/1042
f 616/1080/1042 383/1078/1040 382/1081/1043
f 616/1082/1042 382/1083/1043 615/1084/1044
f 615/1084/1044 382/1083/1043 381/1085/1045
f 615/1084/1044 381/1085/1045 614/1086/1046
f 614/1086/1046 381/1085/1045 380/1087/1047
f 614/1086/1046 380/1087/1047 613/1088/1048
f 613/1088/1048 380/1087/1047 379/1089/1049
f 613/1088/1048 379/1089/1049 612/1090/1050
f 612/1090/1050 379/1089/1049 611/1091/1051
f 611/1091/1051 379/1089/1049 378/1092/1052
f 611/1091/1051 378/1092/1052 610/1093/1053
f 610/1093/1053 378/1092/1052 377/1094/1054
f 610/1093/1053 377/1094/1054 609/1095/1055
f 609/1095/1055 377/1094/1054 376/1096/1056
f 609/1095/1055 376/1096/1056 608/1097/1057
f 608/1097/1057 376/1096/1056 607/1098/1058
f 607/1098/1058 376/1096/1056 375/1099/1059
f 607/1098/1058 375/1099/1059 606/1100/1060
f 606/1100/1060 375/1099/1059 374/1101/1061
f 606/1100/1060 374/1101/1061 605/1102/1062
f 605/1102/1062 374/1101/1061 373/1103/1063
f 605/1102/1062 373/1103/1063 604/1104/1064
f 604/1104/1064 373/1103/1063 603/1105/1065
f 603/1105/1065 373/1103/1063 372/1106/1066
f 603/1105/1065 372/1106/1066 602/1107/1067
f 602/1107/1067 372/1106/1066 371/1108/1068
f 602/1107/1067 371/1108/1068 601/1053/1015
f 601/1053/1015 371/1108/1068 370/1051/1013
f 180/1109/1069 491/1110/1070 181/1111/1071
f 181/1111/1071 491/1110/1070 490/1112/1072
f 181/1111/1071 490/1112/1072 182/1113/1073
f 182/1113/1073 490/1112/1072 489/1114/1074
f 182/1113/1073 489/1114/1074 183/1115/1075
f 183/1115/1075 489/1114/1074 488/1116/1076
f 183/1115/1075 488/1116/1076 184/1117/1077
f 184/1117/1077 488/1116/1076 487/1118/1078
f 184/1117/1077 487/1118/1078 185/1119/1079
f 185/1119/1079 487/1118/1078 486/1120/1080
f 185/1119/1079 486/1120/1080 186/1121/1081
f 186/1121/1081 486/1120/1080 485/1122/1082
f 186/1121/1081 485/1122/1082 187/1123/1083
f 187/1123/1083 485/1122/1082 484/1124/1084
f 187/1123/1083 484/1124/1084 188/1125/1085
f 188/1125/1085 484/1124/1084 483/1126/1086
f 188/1125/1085 483/1126/1086 189/1127/1087
f 189/1127/1087 483/1126/1086 482/1128/1088
f 189/1127/1087 482/1128/1088 190/1129/1089
f 190/1129/1089 482/1128/1088 481/1130/1090
f 190/1129/1089 481/1130/1090 191/1131/1091
f 191/1131/1091 481/1130/1090 480/1132/1092
f 191/1131/1091 480/1132/1092 192/1133/1093
f 192/1133/1093 480/1132/1092 269/1134/1094
f 442/1135/1095 633/1136/1096 443/1137/1097
f 443/1137/1097 633/1136/1096 634/1138/1098
f 443/1137/1097 634/1138/1098 148/1139/1099
f 633/1136/1096 442/1135/1095 147/1140/1100
f 147/1140/1100 442/1135/1095 448/1141/1101
f 147/1140/1100 448/1141/1101 446/1142/1102
f 147/1140/1100 446/1142/1102 148/1139/1099
f 148/1139/1099 446/1142/1102 443/1137/1097
f 138/1143/1103 635/1144/1104 139/1145/1105
f 139/1145/1105 635/1144/1104 636/1146/1106
f 139/1145/1105 636/1146/1106 140/1147/1107
f 140/1147/1107 636/1146/1106 637/1148/1108
f 140/1147/1107 637/1148/1108 141/1149/1109
f 141/1149/1109 637/1148/1108 638/1150/1110
f 141/1149/1109 638/1150/1110 142/1151/1111
f 142/1151/1111 638/1150/1110 639/1152/1112
f 142/1151/1111 639/1152/1112 143/1153/1113
f 143/1153/1113 639/1152/1112 640/1154/1114
f 143/1153/1113 640/1154/1114 144/1155/1115
f 144/1155/1115 640/1154/1114 641/1156/1116
f 144/1155/1115 641/1156/1116 145/1157/1117
f 145/1157/1117 641/1156/1116 642/1158/1118
f 145/1157/1117 642/1158/1118 146/1159/1119
f 146/1159/1119 642/1158/1118 643/1160/1120
f 146/1159/1119 643/1160/1120 147/1161/1100
f 147/1161/1100 643/1160/1120 633/1162/1096
f 539/1163/1121 538/1164/1122 644/1165/1123
f 644/1165/1123 538/1164/1122 537/1166/1124
f 644/1165/1123 537/1166/1124 566/1167/1125
f 566/1167/1125 565/1168/1126 644/1165/1123
f 644/1165/1123 565/1168/1126 564/1169/1127
f 644/1165/1123 564/1169/1127 137/1170/1128
f 137/1170/1128 564/1169/1127 563/1171/1129
f 137/1170/1128 563/1171/1129 562/1172/1130
f 562/1172/1130 561/1173/1131 137/1170/1128
f 137/1170/1128 561/1173/1131 560/1174/1132
f 137/1170/1128 560/1174/1132 138/1175/1103
f 138/1175/1103 560/1174/1132 559/1176/1133
f 138/1175/1103 559/1176/1133 558/1177/1134
f 558/1177/1134 557/1178/1135 138/1175/1103
f 138/1175/1103 557/1178/1135 556/1179/1136
f 138/1175/1103 556/1179/1136 555/1180/1137
f 138/1175/1103 555/1180/1137 635/1181/1104
f 635/1181/1104 555/1180/1137 554/1182/1138
f 635/1181/1104 554/1182/1138 553/1183/1139
f 553/1183/1139 552/1184/1140 635/1181/1104
f 635/1181/1104 552/1184/1140 551/1185/1141
f 635/1181/1104 551/1185/1141 550/1186/1142
f 550/1186/1142 549/1187/1143 635/1181/1104
f 635/1181/1104 549/1187/1143 548/1188/1144
f 635/1181/1104 548/1188/1144 547/1189/1145
f 547/1189/1145 546/1190/1146 635/1181/1104
f 635/1181/1104 546/1190/1146 545/1191/1147
f 635/1181/1104 545/1191/1147 544/1192/1148
f 635/1181/1104 544/1192/1148 644/1165/1123
f 644/1165/1123 544/1192/1148 543/1193/1149
f 644/1165/1123 543/1193/1149 542/1194/1150
f 542/1194/1150 541/1195/1151 644/1165/1123
f 644/1165/1123 541/1195/1151 540/1196/1152
f 644/1165/1123 540/1196/1152 539/1163/1121
f 128/1197/1153 645/1198/1154 129/1199/1155
f 129/1199/1155 645/1198/1154 646/1200/1156
f 129/1199/1155 646/1200/1156 130/1201/1157
f 130/1201/1157 646/1200/1156 647/1202/1158
f 130/1201/1157 647/1202/1158 131/1203/1159
f 131/1203/1159 647/1202/1158 648/1204/1160
f 131/1203/1159 648/1204/1160 132/1205/1161
f 132/1205/1161 648/1204/1160 649/1206/1162
f 132/1205/1161 649/1206/1162 133/1207/1163
f 133/1207/1163 649/1206/1162 650/1208/1164
f 133/1207/1163 650/1208/1164 134/1209/1165
f 134/1209/1165 650/1208/1164 651/1210/1166
f 134/1209/1165 651/1210/1166 135/1211/1167
f 135/1211/1167 651/1210/1166 652/1212/1168
f 135/1211/1167 652/1212/1168 136/1213/1169
f 136/1213/1169 652/1212/1168 653/1214/1170
f 136/1213/1169 653/1214/1170 137/1215/1128
f 137/1215/1128 653/1214/1170 644/1216/1123
f 654/1217/1171 645/1218/1154 127/1219/1172
f 127/1219/1172 645/1218/1154 128/1220/1153
f 599/1221/1173 617/1222/1174 567/1223/1175
f 567/1223/1175 617/1222/1174 616/1224/1176
f 567/1223/1175 616/1224/1176 568/1225/1177
f 568/1225/1177 616/1224/1176 615/1226/1178
f 568/1225/1177 615/1226/1178 569/1227/1179
f 569/1227/1179 615/1226/1178 614/1228/1180
f 569/1227/1179 614/1228/1180 570/1229/1181
f 570/1229/1181 614/1228/1180 613/1230/1182
f 570/1229/1181 613/1230/1182 571/1231/1183
f 571/1231/1183 613/1230/1182 612/1232/1184
f 571/1231/1183 612/1232/1184 664/1233/1185
f 664/1233/1185 612/1232/1184 663/1234/1186
f 663/1234/1186 612/1232/1184 654/1235/1187
f 663/1234/1186 654/1235/1187 662/1236/1188
f 662/1236/1188 654/1235/1187 661/1237/1189
f 661/1237/1189 654/1235/1187 660/1238/1190
f 660/1238/1190 654/1235/1187 659/1239/1191
f 659/1239/1191 654/1235/1187 658/1240/1192
f 658/1240/1192 654/1235/1187 657/1241/1193
f 657/1241/1193 654/1235/1187 656/1242/1194
f 656/1242/1194 654/1235/1187 655/1243/1195
f 617/1222/1174 599/1221/1173 618/1244/1196
f 618/1244/1196 599/1221/1173 598/1245/1197
f 618/1244/1196 598/1245/1197 619/1246/1198
f 619/1246/1198 598/1245/1197 597/1247/1199
f 619/1246/1198 597/1247/1199 620/1248/1200
f 620/1248/1200 597/1247/1199 596/1249/1201
f 620/1248/1200 596/1249/1201 621/1250/1202
f 621/1250/1202 596/1249/1201 595/1251/1203
f 621/1250/1202 595/1251/1203 622/1252/1204
f 622/1252/1204 595/1251/1203 594/1253/1205
f 622/1252/1204 594/1253/1205 623/1254/1206
f 623/1254/1206 594/1253/1205 644/1255/1207
f 623/1254/1206 644/1255/1207 624/1256/1208
f 624/1256/1208 644/1255/1207 625/1257/1209
f 625/1257/1209 644/1255/1207 653/1258/1210
f 625/1257/1209 653/1258/1210 626/1259/1211
f 626/1259/1211 653/1258/1210 652/1260/1212
f 626/1259/1211 652/1260/1212 627/1261/1213
f 627/1261/1213 652/1260/1212 651/1262/1214
f 627/1261/1213 651/1262/1214 628/1263/1215
f 628/1263/1215 651/1262/1214 650/1264/1216
f 628/1263/1215 650/1264/1216 629/1265/1217
f 629/1265/1217 650/1264/1216 649/1266/1218
f 629/1265/1217 649/1266/1218 630/1267/1219
f 630/1267/1219 649/1266/1218 648/1268/1220
f 630/1267/1219 648/1268/1220 631/1269/1221
f 631/1269/1221 648/1268/1220 647/1270/1222
f 631/1269/1221 647/1270/1222 632/1271/1223
f 632/1271/1223 647/1270/1222 646/1272/1224
f 632/1271/1223 646/1272/1224 600/1273/1225
f 600/1273/1225 646/1272/1224 645/1274/1226
f 600/1273/1225 645/1274/1226 601/1275/1227
f 601/1275/1227 645/1274/1226 602/1276/1228
f 602/1276/1228 645/1274/1226 654/1235/1187
f 602/1276/1228 654/1235/1187 603/1277/1229
f 603/1277/1229 654/1235/1187 604/1278/1230
f 604/1278/1230 654/1235/1187 605/1279/1231
f 605/1279/1231 654/1235/1187 606/1280/1232
f 606/1280/1232 654/1235/1187 607/1281/1233
f 607/1281/1233 654/1235/1187 608/1282/1234
f 608/1282/1234 654/1235/1187 609/1283/1235
f 609/1283/1235 654/1235/1187 610/1284/1236
f 610/1284/1236 654/1235/1187 611/1285/1237
f 611/1285/1237 654/1235/1187 612/1232/1184
f 644/1255/1207 594/1253/1205 635/1286/1238
f 635/1286/1238 594/1253/1205 593/1287/1239
f 635/1286/1238 593/1287/1239 592/1288/1240
f 592/1288/1240 591/1289/1241 635/1286/1238
f 635/1286/1238 591/1289/1241 636/1290/1242
f 636/1290/1242 591/1289/1241 590/1291/1243
f 636/1290/1242 590/1291/1243 637/1292/1244
f 637/1292/1244 590/1291/1243 589/1293/1245
f 637/1292/1244 589/1293/1245 638/1294/1246
f 638/1294/1246 589/1293/1245 639/1295/1247
f 639/1295/1247 589/1293/1245 588/1296/1248
f 639/1295/1247 588/1296/1248 640/1297/1249
f 640/1297/1249 588/1296/1248 587/1298/1250
f 640/1297/1249 587/1298/1250 641/1299/1251
f 641/1299/1251 587/1298/1250 586/1300/1252
f 641/1299/1251 586/1300/1252 642/1301/1253
f 642/1301/1253 586/1300/1252 585/1302/1254
f 642/1301/1253 585/1302/1254 643/1303/1255
f 643/1303/1255 585/1302/1254 584/1304/1256
f 643/1303/1255 584/1304/1256 633/1305/1257
f 633/1305/1257 584/1304/1256 583/1306/1258
f 633/1305/1257 583/1306/1258 582/1307/1259
f 582/1307/1259 581/1308/1260 633/1305/1257
f 633/1305/1257 581/1308/1260 634/1309/1261
f 634/1309/1261 581/1308/1260 580/1310/1262
f 634/1309/1261 580/1310/1262 579/1311/1263
f 579/1311/1263 578/1312/1264 634/1309/1261
f 634/1309/1261 578/1312/1264 577/1313/1265
f 634/1309/1261 577/1313/1265 576/1314/1266
f 576/1314/1266 575/1315/1267 634/1309/1261
f 634/1309/1261 575/1315/1267 574/1316/1268
f 634/1309/1261 574/1316/1268 573/1317/1269
f 573/1317/1269 572/1318/1270 634/1309/1261
f 634/1309/1261 572/1318/1270 664/1233/1185
f 634/1309/1261 664/1233/1185 665/1319/1271
f 572/1318/1270 571/1231/1183 664/1233/1185
f 665/1319/1271 666/1320/1272 634/1309/1261
f 634/1309/1261 666/1320/1272 667/1321/1273
f 634/1309/1261 667/1321/1273 668/1322/1274
f 668/1322/1274 669/1323/1275 634/1309/1261
f 634/1309/1261 669/1323/1275 670/1324/1276
f 634/1309/1261 670/1324/1276 671/1325/1277
f 671/1325/1277 672/1326/1278 634/1309/1261
f 148/1327/1099 634/1328/1098 149/1329/1279
f 149/1329/1279 634/1328/1098 672/1330/1280
f 149/1329/1279 672/1330/1280 150/1331/1281
f 150/1331/1281 672/1330/1280 671/1332/1282
f 150/1331/1281 671/1332/1282 151/1333/1283
f 151/1333/1283 671/1332/1282 670/1334/1284
f 151/1333/1283 670/1334/1284 152/1335/1285
f 152/1335/1285 670/1334/1284 669/1336/1286
f 152/1335/1285 669/1336/1286 153/1337/1287
f 153/1337/1287 669/1336/1286 668/1338/1288
f 153/1337/1287 668/1338/1288 154/1339/1289
f 154/1339/1289 668/1338/1288 667/1340/1290
f 154/1339/1289 667/1340/1290 155/1341/1291
f 155/1341/1291 667/1340/1290 666/1342/1292
f 155/1341/1291 666/1342/1292 156/1343/1293
f 156/1343/1293 666/1342/1292 665/1344/1294
f 156/1343/1293 665/1344/1294 157/1345/1295
f 157/1345/1295 665/1344/1294 664/1346/1296
f 664/1347/1296 663/1348/1297 157/1349/1295
f 157/1349/1295 663/1348/1297 158/1350/1298
f 158/1351/1298 663/1352/1297 159/1353/1299
f 159/1353/1299 663/1352/1297 662/1354/1300
f 159/1353/1299 662/1354/1300 160/1355/1301
f 160/1355/1301 662/1354/1300 661/1356/1302
f 160/1355/1301 661/1356/1302 161/1357/1303
f 161/1357/1303 661/1356/1302 660/1358/1304
f 161/1357/1303 660/1358/1304 162/1359/1305
f 162/1359/1305 660/1358/1304 659/1360/1306
f 162/1359/1305 659/1360/1306 163/1361/1307
f 163/1361/1307 659/1360/1306 658/1362/1308
f 163/1361/1307 658/1362/1308 164/1363/1309
f 164/1363/1309 658/1362/1308 657/1364/1310
f 164/1363/1309 657/1364/1310 165/1365/1311
f 165/1365/1311 657/1364/1310 656/1366/1312
f 165/1365/1311 656/1366/1312 166/1367/1313
f 166/1367/1313 656/1366/1312 655/1368/1314
f 166/1367/1313 655/1368/1314 127/1369/1172
f 127/1369/1172 655/1368/1314 654/1370/1171
# 672 vertices
# 1370 texture params
# 1314 normals
# 1356 facets

# 1 groups
